"../../../Engine/Plugins/2D/Paper2D/Content/PlaceholderTextures/DummySpriteTexture.ubulk" 0
"../../../Engine/Plugins/2D/Paper2D/Content/PlaceholderTextures/DummySpriteTexture.uasset" 1
"../../../Engine/Plugins/2D/Paper2D/Content/PlaceholderTextures/DummySpriteTexture.uexp" 2
"../../../Engine/Plugins/2D/Paper2D/Content/DummySprite.uasset" 3
"../../../Engine/Plugins/2D/Paper2D/Content/DummySprite.uexp" 4
"../../../Engine/Plugins/2D/Paper2D/Content/DefaultPaperTerrainMaterial.uasset" 5
"../../../Engine/Plugins/2D/Paper2D/Content/DefaultPaperTerrainMaterial.uexp" 6
"../../../Engine/Plugins/Animation/ACLPlugin/Content/ACLAnimBoneCompressionSettings.uasset" 7
"../../../Engine/Plugins/Animation/ACLPlugin/Content/ACLAnimBoneCompressionSettings.uexp" 8
"../../../Engine/Content/EngineFonts/Faces/DroidSansFallback.uexp" 9
"../../../Engine/Content/EngineFonts/Faces/DroidSansFallback.uasset" 10
"../../../Engine/Content/EngineFonts/Faces/DroidSansFallback.ufont" 11
"../../../Engine/Content/EngineFonts/Faces/RobotoBold.uexp" 12
"../../../Engine/Content/EngineFonts/Faces/RobotoBold.uasset" 13
"../../../Engine/Content/EngineFonts/Faces/RobotoBold.ufont" 14
"../../../Engine/Content/EngineFonts/Faces/RobotoBoldItalic.uexp" 15
"../../../Engine/Content/EngineFonts/Faces/RobotoBoldItalic.uasset" 16
"../../../Engine/Content/EngineFonts/Faces/RobotoBoldItalic.ufont" 17
"../../../Engine/Content/EngineFonts/Faces/RobotoItalic.uexp" 18
"../../../Engine/Content/EngineFonts/Faces/RobotoItalic.uasset" 19
"../../../Engine/Content/EngineFonts/Faces/RobotoItalic.ufont" 20
"../../../Engine/Content/EngineFonts/Faces/RobotoLight.uexp" 21
"../../../Engine/Content/EngineFonts/Faces/RobotoLight.uasset" 22
"../../../Engine/Content/EngineFonts/Faces/RobotoLight.ufont" 23
"../../../Engine/Content/EngineFonts/Faces/RobotoRegular.uexp" 24
"../../../Engine/Content/EngineFonts/Faces/RobotoRegular.uasset" 25
"../../../Engine/Content/EngineFonts/Faces/RobotoRegular.ufont" 26
"../../../Engine/Content/EngineFonts/Roboto.uasset" 27
"../../../Engine/Content/EngineFonts/Roboto.uexp" 28
"../../../Engine/Content/EngineMaterials/DefaultDestructiblePhysicalMaterial.uasset" 29
"../../../Engine/Content/EngineMaterials/DefaultDestructiblePhysicalMaterial.uexp" 30
"../../../Engine/Content/EngineMaterials/DefaultPhysicalMaterial.uasset" 31
"../../../Engine/Content/EngineMaterials/DefaultPhysicalMaterial.uexp" 32
"../../../Engine/Content/EngineSounds/Master.uasset" 33
"../../../Engine/Content/EngineSounds/Master.uexp" 34
"../../../Engine/Plugins/2D/Paper2D/Content/DefaultSpriteMaterial.uasset" 35
"../../../Engine/Plugins/2D/Paper2D/Content/DefaultSpriteMaterial.uexp" 36
"../../../Engine/Plugins/2D/Paper2D/Content/MaskedUnlitSpriteMaterial.uasset" 37
"../../../Engine/Plugins/2D/Paper2D/Content/MaskedUnlitSpriteMaterial.uexp" 38
"../../../Engine/Plugins/Experimental/Water/Content/Waves/GerstnerWaves_Lake.uasset" 39
"../../../Engine/Plugins/Experimental/Water/Content/Waves/GerstnerWaves_Lake.uexp" 40
"../../../Engine/Plugins/Experimental/Water/Content/Waves/GerstnerWaves_Ocean.uasset" 41
"../../../Engine/Plugins/Experimental/Water/Content/Waves/GerstnerWaves_Ocean.uexp" 42
"../../../Engine/Content/EngineMaterials/DefaultLightFunctionMaterial.uasset" 43
"../../../Engine/Content/EngineMaterials/DefaultLightFunctionMaterial.uexp" 44
"../../../Engine/Content/EditorResources/S_Trigger.ubulk" 45
"../../../Engine/Content/EditorResources/S_Trigger.uasset" 46
"../../../Engine/Content/EditorResources/S_Trigger.uexp" 47
"../../../Engine/Plugins/Interchange/Assets/Content/Functions/MX_SheenBSDF.uasset" 48
"../../../Engine/Plugins/Interchange/Assets/Content/Functions/MX_SheenBSDF.uexp" 49
"../../../Engine/Content/EditorResources/S_TriggerBox.uasset" 50
"../../../Engine/Content/EditorResources/S_TriggerBox.uexp" 51
"../../../Engine/Plugins/Experimental/Water/Content/Materials/MPC/MPC_Water.uasset" 52
"../../../Engine/Plugins/Experimental/Water/Content/Materials/MPC/MPC_Water.uexp" 53
"../../../Engine/Content/EditorResources/S_TriggerCapsule.uasset" 54
"../../../Engine/Content/EditorResources/S_TriggerCapsule.uexp" 55
"../../../Engine/Plugins/Interchange/Runtime/Content/Pipelines/DefaultAssetsPipeline.uasset" 56
"../../../Engine/Plugins/Interchange/Runtime/Content/Pipelines/DefaultAssetsPipeline.uexp" 57
"../../../Engine/Plugins/Interchange/Runtime/Content/Pipelines/DefaultAudioPipeline.uasset" 58
"../../../Engine/Plugins/Interchange/Runtime/Content/Pipelines/DefaultAudioPipeline.uexp" 59
"../../../Engine/Plugins/Interchange/Runtime/Content/Pipelines/DefaultGLTFAssetsPipeline.uasset" 60
"../../../Engine/Plugins/Interchange/Runtime/Content/Pipelines/DefaultGLTFAssetsPipeline.uexp" 61
"../../../Engine/Plugins/Interchange/Runtime/Content/Pipelines/DefaultGLTFPipeline.uasset" 62
"../../../Engine/Plugins/Interchange/Runtime/Content/Pipelines/DefaultGLTFPipeline.uexp" 63
"../../../Engine/Plugins/Interchange/Runtime/Content/Pipelines/DefaultGLTFSceneAssetsPipeline.uasset" 64
"../../../Engine/Plugins/Interchange/Runtime/Content/Pipelines/DefaultGLTFSceneAssetsPipeline.uexp" 65
"../../../Engine/Content/EditorResources/S_TriggerSphere.uasset" 66
"../../../Engine/Content/EditorResources/S_TriggerSphere.uexp" 67
"../../../Engine/Content/Functions/Engine_MaterialFunctions02/Utility/MakeFloat3.uasset" 68
"../../../Engine/Content/Functions/Engine_MaterialFunctions02/Utility/MakeFloat3.uexp" 69
"../../../Engine/Content/Functions/Engine_MaterialFunctions02/SplitComponents.uasset" 70
"../../../Engine/Content/Functions/Engine_MaterialFunctions02/SplitComponents.uexp" 71
"../../../Engine/Content/Functions/Engine_MaterialFunctions02/Utility/BreakOutFloat3Components.uasset" 72
"../../../Engine/Content/Functions/Engine_MaterialFunctions02/Utility/BreakOutFloat3Components.uexp" 73
"../../../Engine/Content/Functions/Engine_MaterialFunctions02/Math/Transform3x3Matrix.uasset" 74
"../../../Engine/Content/Functions/Engine_MaterialFunctions02/Math/Transform3x3Matrix.uexp" 75
"../../../Engine/Content/VREditor/SnapGrid/SnapGridMaterial.uasset" 76
"../../../Engine/Content/VREditor/SnapGrid/SnapGridMaterial.uexp" 77
"../../../Engine/Content/VREditor/SnapGrid/SnapGridPlaneMesh.ubulk" 78
"../../../Engine/Content/VREditor/SnapGrid/SnapGridPlaneMesh.uasset" 79
"../../../Engine/Content/VREditor/SnapGrid/SnapGridPlaneMesh.uexp" 80
"../../../Engine/Content/VREditor/LaserPointer/VR_LaserPower_01.ubulk" 81
"../../../Engine/Content/VREditor/LaserPointer/VR_LaserPower_01.uasset" 82
"../../../Engine/Content/VREditor/LaserPointer/VR_LaserPower_01.uexp" 83
"../../../Engine/Content/VREditor/TransformGizmo/TransformGizmoMaterial.uasset" 84
"../../../Engine/Content/VREditor/TransformGizmo/TransformGizmoMaterial.uexp" 85
"../../../Engine/Content/VREditor/TransformGizmo/TranslucentTransformGizmoMaterial.uasset" 86
"../../../Engine/Content/VREditor/TransformGizmo/TranslucentTransformGizmoMaterial.uexp" 87
"../../../Engine/Content/VREditor/TransformGizmo/PlaneTranslationHandle.ubulk" 88
"../../../Engine/Content/VREditor/TransformGizmo/PlaneTranslationHandle.uasset" 89
"../../../Engine/Content/VREditor/TransformGizmo/PlaneTranslationHandle.uexp" 90
"../../../Engine/Content/VREditor/TransformGizmo/RotationHandleFull.ubulk" 91
"../../../Engine/Content/VREditor/TransformGizmo/RotationHandleFull.uasset" 92
"../../../Engine/Content/VREditor/TransformGizmo/RotationHandleFull.uexp" 93
"../../../Engine/Content/VREditor/TransformGizmo/RotationHandleIndicator.ubulk" 94
"../../../Engine/Content/VREditor/TransformGizmo/RotationHandleIndicator.uasset" 95
"../../../Engine/Content/VREditor/TransformGizmo/RotationHandleIndicator.uexp" 96
"../../../Engine/Content/VREditor/TransformGizmo/RotationHandleQuarter.ubulk" 97
"../../../Engine/Content/VREditor/TransformGizmo/RotationHandleQuarter.uasset" 98
"../../../Engine/Content/VREditor/TransformGizmo/RotationHandleQuarter.uexp" 99
"../../../Engine/Content/VREditor/TransformGizmo/StartRotationHandleIndicator.ubulk" 100
"../../../Engine/Content/VREditor/TransformGizmo/StartRotationHandleIndicator.uasset" 101
"../../../Engine/Content/VREditor/TransformGizmo/StartRotationHandleIndicator.uexp" 102
"../../../Engine/Content/VREditor/TransformGizmo/TranslucentTransformGizmoMaterial_Inst.uasset" 103
"../../../Engine/Content/VREditor/TransformGizmo/TranslucentTransformGizmoMaterial_Inst.uexp" 104
"../../../Engine/Content/VREditor/TransformGizmo/TransformGizmoFreeRotation.ubulk" 105
"../../../Engine/Content/VREditor/TransformGizmo/TransformGizmoFreeRotation.uasset" 106
"../../../Engine/Content/VREditor/TransformGizmo/TransformGizmoFreeRotation.uexp" 107
"../../../Engine/Content/VREditor/TransformGizmo/TransformGizmoMaterial_Inst.uasset" 108
"../../../Engine/Content/VREditor/TransformGizmo/TransformGizmoMaterial_Inst.uexp" 109
"../../../Engine/Content/VREditor/TransformGizmo/TranslateArrowHandle.ubulk" 110
"../../../Engine/Content/VREditor/TransformGizmo/TranslateArrowHandle.uasset" 111
"../../../Engine/Content/VREditor/TransformGizmo/TranslateArrowHandle.uexp" 112
"../../../Engine/Content/VREditor/TransformGizmo/UniformScaleHandle.ubulk" 113
"../../../Engine/Content/VREditor/TransformGizmo/UniformScaleHandle.uasset" 114
"../../../Engine/Content/VREditor/TransformGizmo/UniformScaleHandle.uexp" 115
"../../../Engine/Content/VREditor/Sounds/UI/Drop_Item_From_ContentBrowser.ubulk" 116
"../../../Engine/Content/VREditor/Sounds/UI/Drop_Item_From_ContentBrowser.uasset" 117
"../../../Engine/Content/VREditor/Sounds/UI/Drop_Item_From_ContentBrowser.uexp" 118
"../../../Engine/Content/VREditor/Sounds/UI/Gizmo_Handle_Clicked.ubulk" 119
"../../../Engine/Content/VREditor/Sounds/UI/Gizmo_Handle_Clicked.uasset" 120
"../../../Engine/Content/VREditor/Sounds/UI/Gizmo_Handle_Clicked.uexp" 121
"../../../Engine/Content/VREditor/Sounds/UI/Object_PickUp.ubulk" 122
"../../../Engine/Content/VREditor/Sounds/UI/Object_PickUp.uasset" 123
"../../../Engine/Content/VREditor/Sounds/UI/Object_PickUp.uexp" 124
"../../../Engine/Content/VREditor/Sounds/UI/Object_Snaps_To_Another_Actor.ubulk" 125
"../../../Engine/Content/VREditor/Sounds/UI/Object_Snaps_To_Another_Actor.uasset" 126
"../../../Engine/Content/VREditor/Sounds/UI/Object_Snaps_To_Another_Actor.uexp" 127
"../../../Engine/Content/VREditor/Sounds/UI/Object_Snaps_To_Grid.ubulk" 128
"../../../Engine/Content/VREditor/Sounds/UI/Object_Snaps_To_Grid.uasset" 129
"../../../Engine/Content/VREditor/Sounds/UI/Object_Snaps_To_Grid.uexp" 130
"../../../Engine/Content/VREditor/Sounds/UI/Scaling_Down.ubulk" 131
"../../../Engine/Content/VREditor/Sounds/UI/Scaling_Down.uasset" 132
"../../../Engine/Content/VREditor/Sounds/UI/Scaling_Down.uexp" 133
"../../../Engine/Content/VREditor/Sounds/UI/Scaling_Up.ubulk" 134
"../../../Engine/Content/VREditor/Sounds/UI/Scaling_Up.uasset" 135
"../../../Engine/Content/VREditor/Sounds/UI/Scaling_Up.uexp" 136
"../../../Engine/Content/VREditor/Sounds/UI/Selection_Changes.ubulk" 137
"../../../Engine/Content/VREditor/Sounds/UI/Selection_Changes.uasset" 138
"../../../Engine/Content/VREditor/Sounds/UI/Selection_Changes.uexp" 139
"../../../Engine/Plugins/Interchange/Assets/Content/Functions/MX_SubsurfaceBSDF.uasset" 140
"../../../Engine/Plugins/Interchange/Assets/Content/Functions/MX_SubsurfaceBSDF.uexp" 141
"../../../Engine/Plugins/Interchange/Runtime/Content/Pipelines/DefaultMaterialPipeline.uasset" 142
"../../../Engine/Plugins/Interchange/Runtime/Content/Pipelines/DefaultMaterialPipeline.uexp" 143
"../../../Engine/Plugins/Interchange/Runtime/Content/Pipelines/DefaultMaterialXPipeline.uasset" 144
"../../../Engine/Plugins/Interchange/Runtime/Content/Pipelines/DefaultMaterialXPipeline.uexp" 145
"../../../Engine/Plugins/Interchange/Runtime/Content/Pipelines/DefaultSceneAssetsPipeline.uasset" 146
"../../../Engine/Plugins/Interchange/Runtime/Content/Pipelines/DefaultSceneAssetsPipeline.uexp" 147
"../../../Engine/Plugins/Interchange/Runtime/Content/Pipelines/DefaultSceneLevelPipeline.uasset" 148
"../../../Engine/Plugins/Interchange/Runtime/Content/Pipelines/DefaultSceneLevelPipeline.uexp" 149
"../../../Engine/Plugins/Interchange/Runtime/Content/Pipelines/DefaultTexturePipeline.uasset" 150
"../../../Engine/Plugins/Interchange/Runtime/Content/Pipelines/DefaultTexturePipeline.uexp" 151
"../../../Engine/Content/EngineResources/DefaultTextureCube.uasset" 152
"../../../Engine/Content/EngineResources/DefaultTextureCube.uexp" 153
"../../../Engine/Plugins/Interchange/Assets/Content/Functions/MX_Surface.uasset" 154
"../../../Engine/Plugins/Interchange/Assets/Content/Functions/MX_Surface.uexp" 155
"../../../Engine/Plugins/PCG/Content/ComputeSources/PCGCS_Quaternion.uasset" 156
"../../../Engine/Plugins/PCG/Content/ComputeSources/PCGCS_Quaternion.uexp" 157
"../../../Engine/Plugins/PCG/Content/ComputeSources/PCGCS_ShaderUtils.uasset" 158
"../../../Engine/Plugins/PCG/Content/ComputeSources/PCGCS_ShaderUtils.uexp" 159
"../../../Engine/Plugins/PCG/Content/ComputeSources/PCGCS_ShaderUtilsInternal.uasset" 160
"../../../Engine/Plugins/PCG/Content/ComputeSources/PCGCS_ShaderUtilsInternal.uexp" 161
"../../../Engine/Content/Functions/Engine_MaterialFunctions02/Utility/BreakOutFloat2Components.uasset" 162
"../../../Engine/Content/Functions/Engine_MaterialFunctions02/Utility/BreakOutFloat2Components.uexp" 163
"../../../Engine/Content/EngineMaterials/DefaultDiffuse.ubulk" 164
"../../../Engine/Content/EngineMaterials/DefaultDiffuse.uasset" 165
"../../../Engine/Content/EngineMaterials/DefaultDiffuse.uexp" 166
"../../../Engine/Content/EngineMaterials/DefaultPostProcessMaterial.uasset" 167
"../../../Engine/Content/EngineMaterials/DefaultPostProcessMaterial.uexp" 168
"../../../Engine/Plugins/Interchange/Assets/Content/Functions/MX_SurfaceUnlit.uasset" 169
"../../../Engine/Plugins/Interchange/Assets/Content/Functions/MX_SurfaceUnlit.uexp" 170
"../../../Engine/Content/EngineFonts/RobotoDistanceField.uasset" 171
"../../../Engine/Content/EngineFonts/RobotoDistanceField.uexp" 172
"../../../Engine/Content/EngineMaterials/DefaultTextMaterialOpaque.uasset" 173
"../../../Engine/Content/EngineMaterials/DefaultTextMaterialOpaque.uexp" 174
"../../../Engine/Plugins/Interchange/Assets/Content/Functions/MX_TranslucentBSDF.uasset" 175
"../../../Engine/Plugins/Interchange/Assets/Content/Functions/MX_TranslucentBSDF.uexp" 176
"../../../Engine/Plugins/Animation/ControlRig/Content/Controls/ControlRigGizmoMaterial.uasset" 177
"../../../Engine/Plugins/Animation/ControlRig/Content/Controls/ControlRigGizmoMaterial.uexp" 178
"../../../Engine/Content/EngineMaterials/T_Default_Material_Grid_M.ubulk" 179
"../../../Engine/Content/EngineMaterials/T_Default_Material_Grid_M.uasset" 180
"../../../Engine/Content/EngineMaterials/T_Default_Material_Grid_M.uexp" 181
"../../../Engine/Content/EngineMaterials/T_Default_Material_Grid_N.ubulk" 182
"../../../Engine/Content/EngineMaterials/T_Default_Material_Grid_N.uasset" 183
"../../../Engine/Content/EngineMaterials/T_Default_Material_Grid_N.uexp" 184
"../../../Engine/Content/Functions/Engine_MaterialFunctions01/Opacity/CameraDepthFade.uasset" 185
"../../../Engine/Content/Functions/Engine_MaterialFunctions01/Opacity/CameraDepthFade.uexp" 186
"../../../Engine/Content/EngineMaterials/WorldGridMaterial.uasset" 187
"../../../Engine/Content/EngineMaterials/WorldGridMaterial.uexp" 188
"../../../Engine/Content/BasicShapes/Plane.ubulk" 189
"../../../Engine/Content/BasicShapes/Plane.uasset" 190
"../../../Engine/Content/BasicShapes/Plane.uexp" 191
"../../../Engine/Content/EngineMaterials/DefaultWhiteGrid.ubulk" 192
"../../../Engine/Content/EngineMaterials/DefaultWhiteGrid.uasset" 193
"../../../Engine/Content/EngineMaterials/DefaultWhiteGrid.uexp" 194
"../../../Engine/Plugins/Animation/ControlRig/Content/Controls/ControlRigXRayMaterial.uasset" 195
"../../../Engine/Plugins/Animation/ControlRig/Content/Controls/ControlRigXRayMaterial.uexp" 196
"../../../Engine/Content/EditorMaterials/PhAT_NoCollisionMaterial.uasset" 197
"../../../Engine/Content/EditorMaterials/PhAT_NoCollisionMaterial.uexp" 198
"../../../Engine/Plugins/Animation/ControlRig/Content/Controls/ControlRig_Arrow2_1mm.ubulk" 199
"../../../Engine/Plugins/Animation/ControlRig/Content/Controls/ControlRig_Arrow2_1mm.uasset" 200
"../../../Engine/Plugins/Animation/ControlRig/Content/Controls/ControlRig_Arrow2_1mm.uexp" 201
"../../../Engine/Plugins/Interchange/Assets/Content/Functions/MX_UniformEDF.uasset" 202
"../../../Engine/Plugins/Interchange/Assets/Content/Functions/MX_UniformEDF.uexp" 203
"../../../Engine/Content/EngineResources/GradientTexture0.uasset" 204
"../../../Engine/Content/EngineResources/GradientTexture0.uexp" 205
"../../../Engine/Plugins/Interchange/Assets/Content/Functions/MX_UsdPreviewSurface.uasset" 206
"../../../Engine/Plugins/Interchange/Assets/Content/Functions/MX_UsdPreviewSurface.uexp" 207
"../../../Engine/Plugins/Animation/ControlRig/Content/Controls/ControlRig_Arrow2_3mm.ubulk" 208
"../../../Engine/Plugins/Animation/ControlRig/Content/Controls/ControlRig_Arrow2_3mm.uasset" 209
"../../../Engine/Plugins/Animation/ControlRig/Content/Controls/ControlRig_Arrow2_3mm.uexp" 210
"../../../Engine/Content/EngineMaterials/DefaultWhiteGrid_Low.uasset" 211
"../../../Engine/Content/EngineMaterials/DefaultWhiteGrid_Low.uexp" 212
"../../../Engine/Content/EngineMaterials/EmissiveMeshMaterial.uasset" 213
"../../../Engine/Content/EngineMaterials/EmissiveMeshMaterial.uexp" 214
"../../../Engine/Content/EditorMaterials/PhAT_UnselectedMaterial.uasset" 215
"../../../Engine/Content/EditorMaterials/PhAT_UnselectedMaterial.uexp" 216
"../../../Engine/Plugins/Animation/ControlRig/Content/Controls/ControlRig_Arrow2_solid.ubulk" 217
"../../../Engine/Plugins/Animation/ControlRig/Content/Controls/ControlRig_Arrow2_solid.uasset" 218
"../../../Engine/Plugins/Animation/ControlRig/Content/Controls/ControlRig_Arrow2_solid.uexp" 219
"../../../Engine/Plugins/Animation/ControlRig/Content/Controls/ControlRig_Arrow4_1mm.ubulk" 220
"../../../Engine/Plugins/Animation/ControlRig/Content/Controls/ControlRig_Arrow4_1mm.uasset" 221
"../../../Engine/Plugins/Animation/ControlRig/Content/Controls/ControlRig_Arrow4_1mm.uexp" 222
"../../../Engine/Content/EditorMaterials/PreviewShadowIndicator.ubulk" 223
"../../../Engine/Content/EditorMaterials/PreviewShadowIndicator.uasset" 224
"../../../Engine/Content/EditorMaterials/PreviewShadowIndicator.uexp" 225
"../../../Engine/Content/EditorMaterials/PreviewShadowIndicatorMaterial.uasset" 226
"../../../Engine/Content/EditorMaterials/PreviewShadowIndicatorMaterial.uexp" 227
"../../../Engine/Content/EngineMaterials/FastBlueNoise_scalar_128x128x64.uasset" 228
"../../../Engine/Content/EngineMaterials/FastBlueNoise_scalar_128x128x64.uexp" 229
"../../../Engine/Plugins/Experimental/Water/Content/Curves/FloatCurve.uasset" 230
"../../../Engine/Plugins/Experimental/Water/Content/Curves/FloatCurve.uexp" 231
"../../../Engine/Plugins/Experimental/Water/Content/Curves/FloatCurve_WaterBodyIsland.uasset" 232
"../../../Engine/Plugins/Experimental/Water/Content/Curves/FloatCurve_WaterBodyIsland.uexp" 233
"../../../Engine/Content/EngineResources/LandscapeVisibilityLayerInfo.uasset" 234
"../../../Engine/Content/EngineResources/LandscapeVisibilityLayerInfo.uexp" 235
"../../../Engine/Plugins/Animation/ControlRig/Content/Controls/ControlRig_Arrow4_3mm.ubulk" 236
"../../../Engine/Plugins/Animation/ControlRig/Content/Controls/ControlRig_Arrow4_3mm.uasset" 237
"../../../Engine/Plugins/Animation/ControlRig/Content/Controls/ControlRig_Arrow4_3mm.uexp" 238
"../../../Engine/Content/EngineMaterials/FastBlueNoise_scalar_128x128x8.uasset" 239
"../../../Engine/Content/EngineMaterials/FastBlueNoise_scalar_128x128x8.uexp" 240
"../../../Engine/Plugins/Animation/ControlRig/Content/Controls/ControlRig_Arrow4_solid.ubulk" 241
"../../../Engine/Plugins/Animation/ControlRig/Content/Controls/ControlRig_Arrow4_solid.uasset" 242
"../../../Engine/Plugins/Animation/ControlRig/Content/Controls/ControlRig_Arrow4_solid.uexp" 243
"../../../Engine/Plugins/Animation/ControlRig/Content/Controls/ControlRig_Arrow_1mm.ubulk" 244
"../../../Engine/Plugins/Animation/ControlRig/Content/Controls/ControlRig_Arrow_1mm.uasset" 245
"../../../Engine/Plugins/Animation/ControlRig/Content/Controls/ControlRig_Arrow_1mm.uexp" 246
"../../../Engine/Content/EngineMaterials/FastBlueNoise_vec2_128x128x64.uasset" 247
"../../../Engine/Content/EngineMaterials/FastBlueNoise_vec2_128x128x64.uexp" 248
"../../../Engine/Content/EngineDamageTypes/DmgTypeBP_Environmental.uasset" 249
"../../../Engine/Content/EngineDamageTypes/DmgTypeBP_Environmental.uexp" 250
"../../../Engine/Plugins/Experimental/Water/Content/Icons/WaterBodyExclusionVolumeSprite.uasset" 251
"../../../Engine/Plugins/Experimental/Water/Content/Icons/WaterBodyExclusionVolumeSprite.uexp" 252
"../../../Engine/Content/EngineMaterials/BaseFlattenDiffuseMap.uasset" 253
"../../../Engine/Content/EngineMaterials/BaseFlattenDiffuseMap.uexp" 254
"../../../Engine/Content/EngineMaterials/BaseFlattenEmissiveMap.uasset" 255
"../../../Engine/Content/EngineMaterials/BaseFlattenEmissiveMap.uexp" 256
"../../../Engine/Content/EngineMaterials/BaseFlattenGrayscaleMap.uasset" 257
"../../../Engine/Content/EngineMaterials/BaseFlattenGrayscaleMap.uexp" 258
"../../../Engine/Content/EngineMaterials/BaseFlattenLinearColor.uasset" 259
"../../../Engine/Content/EngineMaterials/BaseFlattenLinearColor.uexp" 260
"../../../Engine/Content/EngineMaterials/BaseFlattenNormalMap.uasset" 261
"../../../Engine/Content/EngineMaterials/BaseFlattenNormalMap.uexp" 262
"../../../Engine/Content/Functions/Engine_MaterialFunctions02/PivotPainter2/Black_1x1_EXR_Texture.uasset" 263
"../../../Engine/Content/Functions/Engine_MaterialFunctions02/PivotPainter2/Black_1x1_EXR_Texture.uexp" 264
"../../../Engine/Content/EngineMaterials/FlattenMaterial.uasset" 265
"../../../Engine/Content/EngineMaterials/FlattenMaterial.uexp" 266
"../../../Engine/Plugins/Animation/ControlRig/Content/Controls/ControlRig_Arrow_3mm.ubulk" 267
"../../../Engine/Plugins/Animation/ControlRig/Content/Controls/ControlRig_Arrow_3mm.uasset" 268
"../../../Engine/Plugins/Animation/ControlRig/Content/Controls/ControlRig_Arrow_3mm.uexp" 269
"../../../Engine/Plugins/Experimental/Water/Content/Icons/WaterBodyIslandSprite.uasset" 270
"../../../Engine/Plugins/Experimental/Water/Content/Icons/WaterBodyIslandSprite.uexp" 271
"../../../Engine/Content/EngineMaterials/BaseFlattenDiffuseMap_VT.ubulk" 272
"../../../Engine/Content/EngineMaterials/BaseFlattenDiffuseMap_VT.uasset" 273
"../../../Engine/Content/EngineMaterials/BaseFlattenDiffuseMap_VT.uexp" 274
"../../../Engine/Content/EngineMaterials/BaseFlattenEmissiveMap_VT.ubulk" 275
"../../../Engine/Content/EngineMaterials/BaseFlattenEmissiveMap_VT.uasset" 276
"../../../Engine/Content/EngineMaterials/BaseFlattenEmissiveMap_VT.uexp" 277
"../../../Engine/Content/EngineMaterials/BaseFlattenGrayscaleMap_VT.ubulk" 278
"../../../Engine/Content/EngineMaterials/BaseFlattenGrayscaleMap_VT.uasset" 279
"../../../Engine/Content/EngineMaterials/BaseFlattenGrayscaleMap_VT.uexp" 280
"../../../Engine/Content/EngineMaterials/BaseFlattenLinearColor_VT.ubulk" 281
"../../../Engine/Content/EngineMaterials/BaseFlattenLinearColor_VT.uasset" 282
"../../../Engine/Content/EngineMaterials/BaseFlattenLinearColor_VT.uexp" 283
"../../../Engine/Content/EngineMaterials/BaseFlattenNormalMap_VT.ubulk" 284
"../../../Engine/Content/EngineMaterials/BaseFlattenNormalMap_VT.uasset" 285
"../../../Engine/Content/EngineMaterials/BaseFlattenNormalMap_VT.uexp" 286
"../../../Engine/Content/EngineMaterials/Black_1x1_EXR_Texture_VT.ubulk" 287
"../../../Engine/Content/EngineMaterials/Black_1x1_EXR_Texture_VT.uasset" 288
"../../../Engine/Content/EngineMaterials/Black_1x1_EXR_Texture_VT.uexp" 289
"../../../Engine/Content/EngineMaterials/FlattenMaterial_VT.uasset" 290
"../../../Engine/Content/EngineMaterials/FlattenMaterial_VT.uexp" 291
"../../../Engine/Plugins/Animation/ControlRig/Content/Controls/ControlRig_Arrow_solid.ubulk" 292
"../../../Engine/Plugins/Animation/ControlRig/Content/Controls/ControlRig_Arrow_solid.uasset" 293
"../../../Engine/Plugins/Animation/ControlRig/Content/Controls/ControlRig_Arrow_solid.uexp" 294
"../../../Engine/Content/EngineMaterials/FlattenMaterial_WS_Normal_VT.uasset" 295
"../../../Engine/Content/EngineMaterials/FlattenMaterial_WS_Normal_VT.uexp" 296
"../../../Engine/Plugins/Animation/ControlRig/Content/Controls/ControlRig_Box_1mm.ubulk" 297
"../../../Engine/Plugins/Animation/ControlRig/Content/Controls/ControlRig_Box_1mm.uasset" 298
"../../../Engine/Plugins/Animation/ControlRig/Content/Controls/ControlRig_Box_1mm.uexp" 299
"../../../Engine/Plugins/Animation/ControlRig/Content/Controls/ControlRig_Box_3mm.ubulk" 300
"../../../Engine/Plugins/Animation/ControlRig/Content/Controls/ControlRig_Box_3mm.uasset" 301
"../../../Engine/Plugins/Animation/ControlRig/Content/Controls/ControlRig_Box_3mm.uexp" 302
"../../../Engine/Plugins/Animation/ControlRig/Content/Controls/ControlRig_Box_solid.ubulk" 303
"../../../Engine/Plugins/Animation/ControlRig/Content/Controls/ControlRig_Box_solid.uasset" 304
"../../../Engine/Plugins/Animation/ControlRig/Content/Controls/ControlRig_Box_solid.uexp" 305
"../../../Engine/Content/EngineMaterials/GizmoMaterial.uasset" 306
"../../../Engine/Content/EngineMaterials/GizmoMaterial.uexp" 307
"../../../Engine/Plugins/Experimental/Water/Content/Icons/WaterErrorSprite.ubulk" 308
"../../../Engine/Plugins/Experimental/Water/Content/Icons/WaterErrorSprite.uasset" 309
"../../../Engine/Plugins/Experimental/Water/Content/Icons/WaterErrorSprite.uexp" 310
"../../../Engine/Plugins/Experimental/Water/Content/Icons/WaterLandscapeBrushSprite.ubulk" 311
"../../../Engine/Plugins/Experimental/Water/Content/Icons/WaterLandscapeBrushSprite.uasset" 312
"../../../Engine/Plugins/Experimental/Water/Content/Icons/WaterLandscapeBrushSprite.uexp" 313
"../../../Engine/Plugins/Animation/ControlRig/Content/Controls/ControlRig_Circle_1mm.ubulk" 314
"../../../Engine/Plugins/Animation/ControlRig/Content/Controls/ControlRig_Circle_1mm.uasset" 315
"../../../Engine/Plugins/Animation/ControlRig/Content/Controls/ControlRig_Circle_1mm.uexp" 316
"../../../Engine/Plugins/Experimental/Water/Content/Icons/WaterSprite.uasset" 317
"../../../Engine/Plugins/Experimental/Water/Content/Icons/WaterSprite.uexp" 318
"../../../Engine/Plugins/Experimental/Water/Content/Icons/WaterZoneActorSprite.ubulk" 319
"../../../Engine/Plugins/Experimental/Water/Content/Icons/WaterZoneActorSprite.uasset" 320
"../../../Engine/Plugins/Experimental/Water/Content/Icons/WaterZoneActorSprite.uexp" 321
"../../../Engine/Plugins/Animation/ControlRig/Content/Controls/ControlRig_Circle_3mm.ubulk" 322
"../../../Engine/Plugins/Animation/ControlRig/Content/Controls/ControlRig_Circle_3mm.uasset" 323
"../../../Engine/Plugins/Animation/ControlRig/Content/Controls/ControlRig_Circle_3mm.uexp" 324
"../../../Engine/Plugins/Animation/ControlRig/Content/Controls/ControlRig_Circle_solid.ubulk" 325
"../../../Engine/Plugins/Animation/ControlRig/Content/Controls/ControlRig_Circle_solid.uasset" 326
"../../../Engine/Plugins/Animation/ControlRig/Content/Controls/ControlRig_Circle_solid.uexp" 327
"../../../Engine/Content/EngineDebugMaterials/DebugEditorMaterial.uasset" 328
"../../../Engine/Content/EngineDebugMaterials/DebugEditorMaterial.uexp" 329
"../../../Engine/Plugins/Experimental/Water/Content/Meshes/LakeMesh.ubulk" 330
"../../../Engine/Plugins/Experimental/Water/Content/Meshes/LakeMesh.uasset" 331
"../../../Engine/Plugins/Experimental/Water/Content/Meshes/LakeMesh.uexp" 332
"../../../Engine/Plugins/Animation/ControlRig/Content/Controls/ControlRig_Diamond_1mm.ubulk" 333
"../../../Engine/Plugins/Animation/ControlRig/Content/Controls/ControlRig_Diamond_1mm.uasset" 334
"../../../Engine/Plugins/Animation/ControlRig/Content/Controls/ControlRig_Diamond_1mm.uexp" 335
"../../../Engine/Content/EngineDebugMaterials/DebugMeshMaterial.uasset" 336
"../../../Engine/Content/EngineDebugMaterials/DebugMeshMaterial.uexp" 337
"../../../Engine/Plugins/Animation/ControlRig/Content/Controls/ControlRig_Diamond_3mm.ubulk" 338
"../../../Engine/Plugins/Animation/ControlRig/Content/Controls/ControlRig_Diamond_3mm.uasset" 339
"../../../Engine/Plugins/Animation/ControlRig/Content/Controls/ControlRig_Diamond_3mm.uexp" 340
"../../../Engine/Plugins/Experimental/Water/Content/Meshes/RiverMesh.ubulk" 341
"../../../Engine/Plugins/Experimental/Water/Content/Meshes/RiverMesh.uasset" 342
"../../../Engine/Plugins/Experimental/Water/Content/Meshes/RiverMesh.uexp" 343
"../../../Engine/Plugins/Runtime/HairStrands/Content/Materials/HairCardsDefaultMaterial.uasset" 344
"../../../Engine/Plugins/Runtime/HairStrands/Content/Materials/HairCardsDefaultMaterial.uexp" 345
"../../../Engine/Plugins/Animation/ControlRig/Content/Controls/ControlRig_Diamond_solid.ubulk" 346
"../../../Engine/Plugins/Animation/ControlRig/Content/Controls/ControlRig_Diamond_solid.uasset" 347
"../../../Engine/Plugins/Animation/ControlRig/Content/Controls/ControlRig_Diamond_solid.uexp" 348
"../../../Engine/Content/Functions/Engine_MaterialFunctions02/Utility/MakeFloat2.uasset" 349
"../../../Engine/Content/Functions/Engine_MaterialFunctions02/Utility/MakeFloat2.uexp" 350
"../../../Engine/Content/EngineMaterials/HairColorMap.uasset" 351
"../../../Engine/Content/EngineMaterials/HairColorMap.uexp" 352
"../../../Engine/Content/EngineMaterials/HairDebugColor.uasset" 353
"../../../Engine/Content/EngineMaterials/HairDebugColor.uexp" 354
"../../../Engine/Plugins/Runtime/HairStrands/Content/Materials/HairGroupColors.uasset" 355
"../../../Engine/Plugins/Runtime/HairStrands/Content/Materials/HairGroupColors.uexp" 356
"../../../Engine/Plugins/Runtime/HairStrands/Content/Materials/HairDebugMaterial.uasset" 357
"../../../Engine/Plugins/Runtime/HairStrands/Content/Materials/HairDebugMaterial.uexp" 358
"../../../Engine/Plugins/Animation/ControlRig/Content/Controls/ControlRig_HalfCircle_1mm.ubulk" 359
"../../../Engine/Plugins/Animation/ControlRig/Content/Controls/ControlRig_HalfCircle_1mm.uasset" 360
"../../../Engine/Plugins/Animation/ControlRig/Content/Controls/ControlRig_HalfCircle_1mm.uexp" 361
"../../../Engine/Plugins/Runtime/HairStrands/Content/Materials/HairDefaultMaterial.uasset" 362
"../../../Engine/Plugins/Runtime/HairStrands/Content/Materials/HairDefaultMaterial.uexp" 363
"../../../Engine/Plugins/Animation/ControlRig/Content/Controls/ControlRig_HalfCircle_3mm.ubulk" 364
"../../../Engine/Plugins/Animation/ControlRig/Content/Controls/ControlRig_HalfCircle_3mm.uasset" 365
"../../../Engine/Plugins/Animation/ControlRig/Content/Controls/ControlRig_HalfCircle_3mm.uexp" 366
"../../../Engine/Plugins/Animation/ControlRig/Content/Controls/ControlRig_HalfCircle_solid.ubulk" 367
"../../../Engine/Plugins/Animation/ControlRig/Content/Controls/ControlRig_HalfCircle_solid.uasset" 368
"../../../Engine/Plugins/Animation/ControlRig/Content/Controls/ControlRig_HalfCircle_solid.uexp" 369
"../../../Engine/Plugins/Runtime/HairStrands/Content/Materials/HairMeshesDefaultMaterial.uasset" 370
"../../../Engine/Plugins/Runtime/HairStrands/Content/Materials/HairMeshesDefaultMaterial.uexp" 371
"../../../Engine/Plugins/Animation/ControlRig/Content/Controls/ControlRig_Hexagon_1mm.ubulk" 372
"../../../Engine/Plugins/Animation/ControlRig/Content/Controls/ControlRig_Hexagon_1mm.uasset" 373
"../../../Engine/Plugins/Animation/ControlRig/Content/Controls/ControlRig_Hexagon_1mm.uexp" 374
"../../../Engine/Content/EngineMaterials/MiniFont.uasset" 375
"../../../Engine/Content/EngineMaterials/MiniFont.uexp" 376
"../../../Engine/Plugins/Animation/ControlRig/Content/Controls/ControlRig_Hexagon_3mm.ubulk" 377
"../../../Engine/Plugins/Animation/ControlRig/Content/Controls/ControlRig_Hexagon_3mm.uasset" 378
"../../../Engine/Plugins/Animation/ControlRig/Content/Controls/ControlRig_Hexagon_3mm.uexp" 379
"../../../Engine/Content/EngineMaterials/InvalidLightmapSettings.ubulk" 380
"../../../Engine/Content/EngineMaterials/InvalidLightmapSettings.uasset" 381
"../../../Engine/Content/EngineMaterials/InvalidLightmapSettings.uexp" 382
"../../../Engine/Content/EngineMaterials/M_InvalidLightmapSettings.uasset" 383
"../../../Engine/Content/EngineMaterials/M_InvalidLightmapSettings.uexp" 384
"../../../Engine/Plugins/Animation/ControlRig/Content/Controls/ControlRig_Hexagon_solid.ubulk" 385
"../../../Engine/Plugins/Animation/ControlRig/Content/Controls/ControlRig_Hexagon_solid.uasset" 386
"../../../Engine/Plugins/Animation/ControlRig/Content/Controls/ControlRig_Hexagon_solid.uexp" 387
"../../../Engine/Content/EngineMaterials/NaniteHiddenSectionMaterial.uasset" 388
"../../../Engine/Content/EngineMaterials/NaniteHiddenSectionMaterial.uexp" 389
"../../../Engine/Plugins/Animation/ControlRig/Content/Controls/ControlRig_Octagon_1mm.ubulk" 390
"../../../Engine/Plugins/Animation/ControlRig/Content/Controls/ControlRig_Octagon_1mm.uasset" 391
"../../../Engine/Plugins/Animation/ControlRig/Content/Controls/ControlRig_Octagon_1mm.uexp" 392
"../../../Engine/Content/EditorLandscapeResources/DefaultAlphaTexture.uasset" 393
"../../../Engine/Content/EditorLandscapeResources/DefaultAlphaTexture.uexp" 394
"../../../Engine/Content/EditorLandscapeResources/ColorMaskBrushMaterial.uasset" 395
"../../../Engine/Content/EditorLandscapeResources/ColorMaskBrushMaterial.uexp" 396
"../../../Engine/Content/EditorLandscapeResources/ColorMaskBrushMaterial_MaskedRegion.uasset" 397
"../../../Engine/Content/EditorLandscapeResources/ColorMaskBrushMaterial_MaskedRegion.uexp" 398
"../../../Engine/Content/EngineDebugMaterials/M_SimpleUnlitTranslucent.uasset" 399
"../../../Engine/Content/EngineDebugMaterials/M_SimpleUnlitTranslucent.uexp" 400
"../../../Engine/Plugins/Animation/ControlRig/Content/Controls/ControlRig_Octagon_3mm.ubulk" 401
"../../../Engine/Plugins/Animation/ControlRig/Content/Controls/ControlRig_Octagon_3mm.uasset" 402
"../../../Engine/Plugins/Animation/ControlRig/Content/Controls/ControlRig_Octagon_3mm.uexp" 403
"../../../Engine/Content/Functions/Engine_MaterialFunctions02/WorldPositionOffset/CameraOffset.uasset" 404
"../../../Engine/Content/Functions/Engine_MaterialFunctions02/WorldPositionOffset/CameraOffset.uexp" 405
"../../../Engine/Content/EngineMaterials/PhAT_JointLimitMaterial.uasset" 406
"../../../Engine/Content/EngineMaterials/PhAT_JointLimitMaterial.uexp" 407
"../../../Engine/Content/Functions/Engine_MaterialFunctions02/Utility/CameraDirectionVector.uasset" 408
"../../../Engine/Content/Functions/Engine_MaterialFunctions02/Utility/CameraDirectionVector.uexp" 409
"../../../Engine/Content/EngineDebugMaterials/VolumeToRender.uasset" 410
"../../../Engine/Content/EngineDebugMaterials/VolumeToRender.uexp" 411
"../../../Engine/Content/EngineDebugMaterials/M_VolumeRenderSphereTracePP.uasset" 412
"../../../Engine/Content/EngineDebugMaterials/M_VolumeRenderSphereTracePP.uexp" 413
"../../../Engine/Plugins/Animation/ControlRig/Content/Controls/ControlRig_Octagon_solid.ubulk" 414
"../../../Engine/Plugins/Animation/ControlRig/Content/Controls/ControlRig_Octagon_solid.uasset" 415
"../../../Engine/Plugins/Animation/ControlRig/Content/Controls/ControlRig_Octagon_solid.uexp" 416
"../../../Engine/Content/EngineMaterials/DefaultCalibrationColor.uasset" 417
"../../../Engine/Content/EngineMaterials/DefaultCalibrationColor.uexp" 418
"../../../Engine/Content/EngineMaterials/PPM_DefaultCalibrationColor.uasset" 419
"../../../Engine/Content/EngineMaterials/PPM_DefaultCalibrationColor.uexp" 420
"../../../Engine/Plugins/Animation/ControlRig/Content/Controls/ControlRig_Pyramid_1mm.ubulk" 421
"../../../Engine/Plugins/Animation/ControlRig/Content/Controls/ControlRig_Pyramid_1mm.uasset" 422
"../../../Engine/Plugins/Animation/ControlRig/Content/Controls/ControlRig_Pyramid_1mm.uexp" 423
"../../../Engine/Content/EngineMaterials/DefaultCalibrationGrayscale.uasset" 424
"../../../Engine/Content/EngineMaterials/DefaultCalibrationGrayscale.uexp" 425
"../../../Engine/Content/EngineMaterials/PPM_DefaultCalibrationGrayscale.uasset" 426
"../../../Engine/Content/EngineMaterials/PPM_DefaultCalibrationGrayscale.uexp" 427
"../../../Engine/Plugins/Animation/ControlRig/Content/Controls/ControlRig_Pyramid_3mm.ubulk" 428
"../../../Engine/Plugins/Animation/ControlRig/Content/Controls/ControlRig_Pyramid_3mm.uasset" 429
"../../../Engine/Plugins/Animation/ControlRig/Content/Controls/ControlRig_Pyramid_3mm.uexp" 430
"../../../Engine/Plugins/Animation/ControlRig/Content/Controls/ControlRig_Pyramid_solid.ubulk" 431
"../../../Engine/Plugins/Animation/ControlRig/Content/Controls/ControlRig_Pyramid_solid.uasset" 432
"../../../Engine/Plugins/Animation/ControlRig/Content/Controls/ControlRig_Pyramid_solid.uexp" 433
"../../../Engine/Plugins/Animation/ControlRig/Content/Controls/ControlRig_QuarterCircle_1mm.ubulk" 434
"../../../Engine/Plugins/Animation/ControlRig/Content/Controls/ControlRig_QuarterCircle_1mm.uasset" 435
"../../../Engine/Plugins/Animation/ControlRig/Content/Controls/ControlRig_QuarterCircle_1mm.uexp" 436
"../../../Engine/Plugins/Runtime/AudioWidgets/Content/Resources/ScrubHandleDown_Clamped.uasset" 437
"../../../Engine/Plugins/Runtime/AudioWidgets/Content/Resources/ScrubHandleDown_Clamped.uexp" 438
"../../../Engine/Content/EngineMaterials/PreintegratedSkinBRDF.uasset" 439
"../../../Engine/Content/EngineMaterials/PreintegratedSkinBRDF.uexp" 440
"../../../Engine/Plugins/Animation/ControlRig/Content/Controls/ControlRig_QuarterCircle_3mm.ubulk" 441
"../../../Engine/Plugins/Animation/ControlRig/Content/Controls/ControlRig_QuarterCircle_3mm.uasset" 442
"../../../Engine/Plugins/Animation/ControlRig/Content/Controls/ControlRig_QuarterCircle_3mm.uexp" 443
"../../../Engine/Content/EditorLandscapeResources/LandscapeDirtyMaterial.uasset" 444
"../../../Engine/Content/EditorLandscapeResources/LandscapeDirtyMaterial.uexp" 445
"../../../Engine/Plugins/Animation/ControlRig/Content/Controls/ControlRig_QuarterCircle_solid.ubulk" 446
"../../../Engine/Plugins/Animation/ControlRig/Content/Controls/ControlRig_QuarterCircle_solid.uasset" 447
"../../../Engine/Plugins/Animation/ControlRig/Content/Controls/ControlRig_QuarterCircle_solid.uexp" 448
"../../../Engine/Plugins/Animation/ControlRig/Content/Controls/ControlRig_RoundedSquare_1mm.ubulk" 449
"../../../Engine/Plugins/Animation/ControlRig/Content/Controls/ControlRig_RoundedSquare_1mm.uasset" 450
"../../../Engine/Plugins/Animation/ControlRig/Content/Controls/ControlRig_RoundedSquare_1mm.uexp" 451
"../../../Engine/Plugins/Animation/ControlRig/Content/Controls/ControlRig_RoundedSquare_3mm.ubulk" 452
"../../../Engine/Plugins/Animation/ControlRig/Content/Controls/ControlRig_RoundedSquare_3mm.uasset" 453
"../../../Engine/Plugins/Animation/ControlRig/Content/Controls/ControlRig_RoundedSquare_3mm.uexp" 454
"../../../Engine/Plugins/Animation/ControlRig/Content/Controls/ControlRig_RoundedSquare_solid.ubulk" 455
"../../../Engine/Plugins/Animation/ControlRig/Content/Controls/ControlRig_RoundedSquare_solid.uasset" 456
"../../../Engine/Plugins/Animation/ControlRig/Content/Controls/ControlRig_RoundedSquare_solid.uexp" 457
"../../../Engine/Content/Functions/Engine_MaterialFunctions01/Texturing/TextureCropping.uasset" 458
"../../../Engine/Content/Functions/Engine_MaterialFunctions01/Texturing/TextureCropping.uexp" 459
"../../../Engine/Content/Functions/Engine_MaterialFunctions02/ExampleContent/DebugNumberStrip.uasset" 460
"../../../Engine/Content/Functions/Engine_MaterialFunctions02/ExampleContent/DebugNumberStrip.uexp" 461
"../../../Engine/Content/Functions/Engine_MaterialFunctions01/Debug/DebugIntValues.uasset" 462
"../../../Engine/Content/Functions/Engine_MaterialFunctions01/Debug/DebugIntValues.uexp" 463
"../../../Engine/Content/Functions/Engine_MaterialFunctions01/Texturing/ScaleUVsByCenter.uasset" 464
"../../../Engine/Content/Functions/Engine_MaterialFunctions01/Texturing/ScaleUVsByCenter.uexp" 465
"../../../Engine/Content/Functions/Engine_MaterialFunctions02/WorldPositionOffset/LocalPosition.uasset" 466
"../../../Engine/Content/Functions/Engine_MaterialFunctions02/WorldPositionOffset/LocalPosition.uexp" 467
"../../../Engine/Content/EditorLandscapeResources/LandscapeLayerUsageMaterial.uasset" 468
"../../../Engine/Content/EditorLandscapeResources/LandscapeLayerUsageMaterial.uexp" 469
"../../../Engine/Content/EditorMaterials/Dataflow/DataflowTwoSidedVertexMaterial.uasset" 470
"../../../Engine/Content/EditorMaterials/Dataflow/DataflowTwoSidedVertexMaterial.uexp" 471
"../../../Engine/Plugins/Interchange/Assets/Content/Substrate/MX_SimpleVolume.uasset" 472
"../../../Engine/Plugins/Interchange/Assets/Content/Substrate/MX_SimpleVolume.uexp" 473
"../../../Engine/Plugins/Animation/ControlRig/Content/Controls/ControlRig_RoundedTriangle_1mm.ubulk" 474
"../../../Engine/Plugins/Animation/ControlRig/Content/Controls/ControlRig_RoundedTriangle_1mm.uasset" 475
"../../../Engine/Plugins/Animation/ControlRig/Content/Controls/ControlRig_RoundedTriangle_1mm.uexp" 476
"../../../Engine/Content/EngineMaterials/RemoveSurfaceMaterial.uasset" 477
"../../../Engine/Content/EngineMaterials/RemoveSurfaceMaterial.uexp" 478
"../../../Engine/Content/EditorMaterials/Dataflow/DataflowVertexMaterial.uasset" 479
"../../../Engine/Content/EditorMaterials/Dataflow/DataflowVertexMaterial.uexp" 480
"../../../Engine/Plugins/Animation/ControlRig/Content/Controls/ControlRig_RoundedTriangle_3mm.ubulk" 481
"../../../Engine/Plugins/Animation/ControlRig/Content/Controls/ControlRig_RoundedTriangle_3mm.uasset" 482
"../../../Engine/Plugins/Animation/ControlRig/Content/Controls/ControlRig_RoundedTriangle_3mm.uexp" 483
"../../../Engine/Plugins/Animation/ControlRig/Content/Controls/ControlRig_RoundedTriangle_solid.ubulk" 484
"../../../Engine/Plugins/Animation/ControlRig/Content/Controls/ControlRig_RoundedTriangle_solid.uasset" 485
"../../../Engine/Plugins/Animation/ControlRig/Content/Controls/ControlRig_RoundedTriangle_solid.uexp" 486
"../../../Engine/Content/EngineResources/FilmGrains/Marcie_Grain_v3_128_M2_000.uasset" 487
"../../../Engine/Content/EngineResources/FilmGrains/Marcie_Grain_v3_128_M2_000.uexp" 488
"../../../Engine/Content/EngineMaterials/SMAAAreaTex.uasset" 489
"../../../Engine/Content/EngineMaterials/SMAAAreaTex.uexp" 490
"../../../Engine/Content/EditorLandscapeResources/WhiteSquareTexture.uasset" 491
"../../../Engine/Content/EditorLandscapeResources/WhiteSquareTexture.uexp" 492
"../../../Engine/Content/EditorLandscapeResources/LayerVisMaterial.uasset" 493
"../../../Engine/Content/EditorLandscapeResources/LayerVisMaterial.uexp" 494
"../../../Engine/Content/EngineMaterials/SMAASearchTex.uasset" 495
"../../../Engine/Content/EngineMaterials/SMAASearchTex.uexp" 496
"../../../Engine/Plugins/Animation/ControlRig/Content/Controls/ControlRig_Sphere_1mm.ubulk" 497
"../../../Engine/Plugins/Animation/ControlRig/Content/Controls/ControlRig_Sphere_1mm.uasset" 498
"../../../Engine/Plugins/Animation/ControlRig/Content/Controls/ControlRig_Sphere_1mm.uexp" 499
"../../../Engine/Plugins/Interchange/Assets/Content/Functions/MX_AbsorptionVDF.uasset" 500
"../../../Engine/Plugins/Interchange/Assets/Content/Functions/MX_AbsorptionVDF.uexp" 501
"../../../Engine/Content/Functions/Engine_MaterialFunctions03/Math/WithinRangeFloat2.uasset" 502
"../../../Engine/Content/Functions/Engine_MaterialFunctions03/Math/WithinRangeFloat2.uexp" 503
"../../../Engine/Content/EditorLandscapeResources/MaskBrushMaterial.uasset" 504
"../../../Engine/Content/EditorLandscapeResources/MaskBrushMaterial.uexp" 505
"../../../Engine/Content/EditorLandscapeResources/MaskBrushMaterial_MaskedRegion.uasset" 506
"../../../Engine/Content/EditorLandscapeResources/MaskBrushMaterial_MaskedRegion.uexp" 507
"../../../Engine/Plugins/Animation/ControlRig/Content/Controls/ControlRig_Sphere_3mm.ubulk" 508
"../../../Engine/Plugins/Animation/ControlRig/Content/Controls/ControlRig_Sphere_3mm.uasset" 509
"../../../Engine/Plugins/Animation/ControlRig/Content/Controls/ControlRig_Sphere_3mm.uexp" 510
"../../../Engine/Plugins/Animation/ControlRig/Content/Controls/ControlRig_Sphere_solid.ubulk" 511
"../../../Engine/Plugins/Animation/ControlRig/Content/Controls/ControlRig_Sphere_solid.uasset" 512
"../../../Engine/Plugins/Animation/ControlRig/Content/Controls/ControlRig_Sphere_solid.uexp" 513
"../../../Engine/Content/EditorLandscapeResources/SelectBrushMaterial.uasset" 514
"../../../Engine/Content/EditorLandscapeResources/SelectBrushMaterial.uexp" 515
"../../../Engine/Content/EditorLandscapeResources/SelectBrushMaterial_Selected.uasset" 516
"../../../Engine/Content/EditorLandscapeResources/SelectBrushMaterial_Selected.uexp" 517
"../../../Engine/Plugins/Animation/ControlRig/Content/Controls/ControlRig_Square_1mm.ubulk" 518
"../../../Engine/Plugins/Animation/ControlRig/Content/Controls/ControlRig_Square_1mm.uasset" 519
"../../../Engine/Plugins/Animation/ControlRig/Content/Controls/ControlRig_Square_1mm.uexp" 520
"../../../Engine/Content/EditorLandscapeResources/SelectBrushMaterial_SelectedRegion.uasset" 521
"../../../Engine/Content/EditorLandscapeResources/SelectBrushMaterial_SelectedRegion.uexp" 522
"../../../Engine/Content/EditorResources/BSPVertex.uasset" 523
"../../../Engine/Content/EditorResources/BSPVertex.uexp" 524
"../../../Engine/Plugins/Interchange/Assets/Content/Functions/MX_AnisotropicVDF.uasset" 525
"../../../Engine/Plugins/Interchange/Assets/Content/Functions/MX_AnisotropicVDF.uexp" 526
"../../../Engine/Plugins/Animation/ControlRig/Content/Controls/ControlRig_Square_3mm.ubulk" 527
"../../../Engine/Plugins/Animation/ControlRig/Content/Controls/ControlRig_Square_3mm.uasset" 528
"../../../Engine/Plugins/Animation/ControlRig/Content/Controls/ControlRig_Square_3mm.uexp" 529
"../../../Engine/Content/EditorLandscapeResources/SplineEditorMeshMat.uasset" 530
"../../../Engine/Content/EditorLandscapeResources/SplineEditorMeshMat.uexp" 531
"../../../Engine/Content/EditorLandscapeResources/SplineEditorMesh.ubulk" 532
"../../../Engine/Content/EditorLandscapeResources/SplineEditorMesh.uasset" 533
"../../../Engine/Content/EditorLandscapeResources/SplineEditorMesh.uexp" 534
"../../../Engine/Plugins/Interchange/Assets/Content/Functions/MX_BurleyDiffuseBSDF.uasset" 535
"../../../Engine/Plugins/Interchange/Assets/Content/Functions/MX_BurleyDiffuseBSDF.uexp" 536
"../../../Engine/Plugins/Animation/ControlRig/Content/Controls/ControlRig_Square_solid.ubulk" 537
"../../../Engine/Plugins/Animation/ControlRig/Content/Controls/ControlRig_Square_solid.uasset" 538
"../../../Engine/Plugins/Animation/ControlRig/Content/Controls/ControlRig_Square_solid.uexp" 539
"../../../Engine/Plugins/Interchange/Assets/Content/Functions/MX_ChiangHairBSDF.uasset" 540
"../../../Engine/Plugins/Interchange/Assets/Content/Functions/MX_ChiangHairBSDF.uexp" 541
"C:/Users/cmckenna/Documents/Unreal Projects/RogueFirefight/Content/TextRenders/AssetGym.uasset" 542
"C:/Users/cmckenna/Documents/Unreal Projects/RogueFirefight/Content/TextRenders/AssetGym.uexp" 543
"../../../Engine/Plugins/Animation/ControlRig/Content/Controls/ControlRig_Star4_1mm.ubulk" 544
"../../../Engine/Plugins/Animation/ControlRig/Content/Controls/ControlRig_Star4_1mm.uasset" 545
"../../../Engine/Plugins/Animation/ControlRig/Content/Controls/ControlRig_Star4_1mm.uexp" 546
"../../../Engine/Plugins/Animation/ControlRig/Content/Controls/ControlRig_Star4_3mm.ubulk" 547
"../../../Engine/Plugins/Animation/ControlRig/Content/Controls/ControlRig_Star4_3mm.uasset" 548
"../../../Engine/Plugins/Animation/ControlRig/Content/Controls/ControlRig_Star4_3mm.uexp" 549
"C:/Users/cmckenna/Documents/Unreal Projects/RogueFirefight/Content/TextRenders/Concept_LoFiAssets.uasset" 550
"C:/Users/cmckenna/Documents/Unreal Projects/RogueFirefight/Content/TextRenders/Concept_LoFiAssets.uexp" 551
"../../../Engine/Plugins/Interchange/Assets/Content/Functions/MX_ConductorBSDF.uasset" 552
"../../../Engine/Plugins/Interchange/Assets/Content/Functions/MX_ConductorBSDF.uexp" 553
"../../../Engine/Plugins/Animation/ControlRig/Content/Controls/ControlRig_Star4_solid.ubulk" 554
"../../../Engine/Plugins/Animation/ControlRig/Content/Controls/ControlRig_Star4_solid.uasset" 555
"../../../Engine/Plugins/Animation/ControlRig/Content/Controls/ControlRig_Star4_solid.uexp" 556
"../../../Engine/Plugins/Interchange/Assets/Content/Functions/MX_ConicalEDF.uasset" 557
"../../../Engine/Plugins/Interchange/Assets/Content/Functions/MX_ConicalEDF.uexp" 558
"../../../Engine/Plugins/Animation/ControlRig/Content/Controls/ControlRig_Triangle_1mm.ubulk" 559
"../../../Engine/Plugins/Animation/ControlRig/Content/Controls/ControlRig_Triangle_1mm.uasset" 560
"../../../Engine/Plugins/Animation/ControlRig/Content/Controls/ControlRig_Triangle_1mm.uexp" 561
"C:/Users/cmckenna/Documents/Unreal Projects/RogueFirefight/Content/TextRenders/HiFi_Final_Assets.uasset" 562
"C:/Users/cmckenna/Documents/Unreal Projects/RogueFirefight/Content/TextRenders/HiFi_Final_Assets.uexp" 563
"../../../Engine/Plugins/Animation/ControlRig/Content/Controls/ControlRig_Triangle_3mm.ubulk" 564
"../../../Engine/Plugins/Animation/ControlRig/Content/Controls/ControlRig_Triangle_3mm.uasset" 565
"../../../Engine/Plugins/Animation/ControlRig/Content/Controls/ControlRig_Triangle_3mm.uexp" 566
"../../../Engine/Content/Functions/Engine_MaterialFunctions02/Utility/VectorLength.uasset" 567
"../../../Engine/Content/Functions/Engine_MaterialFunctions02/Utility/VectorLength.uexp" 568
"../../../Engine/Plugins/Experimental/MeshModelingToolsetExp/Content/Materials/GetDisplacementVectorForDepthBias.uasset" 569
"../../../Engine/Plugins/Experimental/MeshModelingToolsetExp/Content/Materials/GetDisplacementVectorForDepthBias.uexp" 570
"../../../Engine/Content/Functions/Engine_MaterialFunctions03/Viewport/MF_OrthoWidth.uasset" 571
"../../../Engine/Content/Functions/Engine_MaterialFunctions03/Viewport/MF_OrthoWidth.uexp" 572
"../../../Engine/Content/Functions/Engine_MaterialFunctions02/Utility/FOV.uasset" 573
"../../../Engine/Content/Functions/Engine_MaterialFunctions02/Utility/FOV.uexp" 574
"../../../Engine/Content/Functions/Engine_MaterialFunctions02/WorldPositionOffset/V2/ObjectScale.uasset" 575
"../../../Engine/Content/Functions/Engine_MaterialFunctions02/WorldPositionOffset/V2/ObjectScale.uexp" 576
"../../../Engine/Plugins/Experimental/MeshModelingToolsetExp/Content/Materials/PointSetOverlaidComponentMaterial.uasset" 577
"../../../Engine/Plugins/Experimental/MeshModelingToolsetExp/Content/Materials/PointSetOverlaidComponentMaterial.uexp" 578
"../../../Engine/Plugins/Animation/ControlRig/Content/Controls/ControlRig_Triangle_solid.ubulk" 579
"../../../Engine/Plugins/Animation/ControlRig/Content/Controls/ControlRig_Triangle_solid.uasset" 580
"../../../Engine/Plugins/Animation/ControlRig/Content/Controls/ControlRig_Triangle_solid.uexp" 581
"../../../Engine/Plugins/Interchange/Assets/Content/Functions/MX_DielectricBSDF.uasset" 582
"../../../Engine/Plugins/Interchange/Assets/Content/Functions/MX_DielectricBSDF.uexp" 583
"../../../Engine/Content/EngineMaterials/WeightMapPlaceholderTexture.uasset" 584
"../../../Engine/Content/EngineMaterials/WeightMapPlaceholderTexture.uexp" 585
"../../../Engine/Content/EngineMaterials/WeightMapArrayPlaceholderTexture.uasset" 586
"../../../Engine/Content/EngineMaterials/WeightMapArrayPlaceholderTexture.uexp" 587
"../../../Engine/Plugins/Interchange/Assets/Content/Functions/MX_Displacement.uasset" 588
"../../../Engine/Plugins/Interchange/Assets/Content/Functions/MX_Displacement.uexp" 589
"../../../Engine/Plugins/Animation/ControlRig/Content/Controls/ControlRig_Wedge_1mm.ubulk" 590
"../../../Engine/Plugins/Animation/ControlRig/Content/Controls/ControlRig_Wedge_1mm.uasset" 591
"../../../Engine/Plugins/Animation/ControlRig/Content/Controls/ControlRig_Wedge_1mm.uexp" 592
"../../../Engine/Content/EditorResources/S_Actor.ubulk" 593
"../../../Engine/Content/EditorResources/S_Actor.uasset" 594
"../../../Engine/Content/EditorResources/S_Actor.uexp" 595
"../../../Engine/Plugins/Interchange/Assets/Content/Functions/MX_GeneralizedSchlickBSDF.uasset" 596
"../../../Engine/Plugins/Interchange/Assets/Content/Functions/MX_GeneralizedSchlickBSDF.uexp" 597
"C:/Users/cmckenna/Documents/Unreal Projects/RogueFirefight/Content/TextRenders/MidFiAssets.uasset" 598
"C:/Users/cmckenna/Documents/Unreal Projects/RogueFirefight/Content/TextRenders/MidFiAssets.uexp" 599
"../../../Engine/Plugins/Animation/ControlRig/Content/Controls/ControlRig_Wedge_3mm.ubulk" 600
"../../../Engine/Plugins/Animation/ControlRig/Content/Controls/ControlRig_Wedge_3mm.uasset" 601
"../../../Engine/Plugins/Animation/ControlRig/Content/Controls/ControlRig_Wedge_3mm.uexp" 602
"../../../Engine/Plugins/Animation/ControlRig/Content/Controls/ControlRig_Wedge_solid.ubulk" 603
"../../../Engine/Plugins/Animation/ControlRig/Content/Controls/ControlRig_Wedge_solid.uasset" 604
"../../../Engine/Plugins/Animation/ControlRig/Content/Controls/ControlRig_Wedge_solid.uexp" 605
"../../../Engine/Content/EngineResources/WhiteSquareTexture.uasset" 606
"../../../Engine/Content/EngineResources/WhiteSquareTexture.uexp" 607
"../../../Engine/Content/EngineMaterials/Widget3DPassThrough.uasset" 608
"../../../Engine/Content/EngineMaterials/Widget3DPassThrough.uexp" 609
"../../../Engine/Content/EngineMaterials/Widget3DPassThrough_Masked.uasset" 610
"../../../Engine/Content/EngineMaterials/Widget3DPassThrough_Masked.uexp" 611
"../../../Engine/Content/EngineMaterials/Widget3DPassThrough_Opaque.uasset" 612
"../../../Engine/Content/EngineMaterials/Widget3DPassThrough_Opaque.uexp" 613
"../../../Engine/Content/EngineMaterials/Widget3DPassThrough_Masked_OneSided.uasset" 614
"../../../Engine/Content/EngineMaterials/Widget3DPassThrough_Masked_OneSided.uexp" 615
"../../../Engine/Content/EngineMaterials/Widget3DPassThrough_Opaque_OneSided.uasset" 616
"../../../Engine/Content/EngineMaterials/Widget3DPassThrough_Opaque_OneSided.uexp" 617
"../../../Engine/Content/EditorResources/S_BoxReflectionCapture.uasset" 618
"../../../Engine/Content/EditorResources/S_BoxReflectionCapture.uexp" 619
"../../../Engine/Content/EngineMaterials/DefaultMaterial.uasset" 620
"../../../Engine/Content/EngineMaterials/DefaultMaterial.uexp" 621
"../../../Engine/Content/MapTemplates/SM_Template_Map_Floor.ubulk" 622
"../../../Engine/Content/MapTemplates/SM_Template_Map_Floor.uasset" 623
"../../../Engine/Content/MapTemplates/SM_Template_Map_Floor.uexp" 624
"../../../Engine/Plugins/Interchange/Assets/Content/Functions/MX_MeasuredEDF.uasset" 625
"../../../Engine/Plugins/Interchange/Assets/Content/Functions/MX_MeasuredEDF.uexp" 626
"../../../Engine/Content/EditorResources/SequenceRecorder/Countdown.uasset" 627
"../../../Engine/Content/EditorResources/SequenceRecorder/Countdown.uexp" 628
"../../../Engine/Content/EditorResources/SequenceRecorder/RecordingIndicator.uasset" 629
"../../../Engine/Content/EditorResources/SequenceRecorder/RecordingIndicator.uexp" 630
"../../../Engine/Content/EngineMaterials/Widget3DPassThrough_Translucent.uasset" 631
"../../../Engine/Content/EngineMaterials/Widget3DPassThrough_Translucent.uexp" 632
"../../../Engine/Content/EngineMaterials/Widget3DPassThrough_Translucent_OneSided.uasset" 633
"../../../Engine/Content/EngineMaterials/Widget3DPassThrough_Translucent_OneSided.uexp" 634
"../../../Engine/Plugins/Interchange/Assets/Content/Functions/MF_IridescenceNoLUT.uasset" 635
"../../../Engine/Plugins/Interchange/Assets/Content/Functions/MF_IridescenceNoLUT.uexp" 636
"../../../Engine/Plugins/Interchange/Assets/Content/Functions/MX_StandardSurface.uasset" 637
"../../../Engine/Plugins/Interchange/Assets/Content/Functions/MX_StandardSurface.uexp" 638
"../../../Engine/Plugins/Interchange/Assets/Content/Functions/MX_OpenPBR_Opaque.uasset" 639
"../../../Engine/Plugins/Interchange/Assets/Content/Functions/MX_OpenPBR_Opaque.uexp" 640
"../../../Engine/Plugins/Interchange/Assets/Content/Functions/MX_TransmissionSurface.uasset" 641
"../../../Engine/Plugins/Interchange/Assets/Content/Functions/MX_TransmissionSurface.uexp" 642
"../../../Engine/Plugins/Interchange/Assets/Content/Functions/MX_OpenPBR_Translucent.uasset" 643
"../../../Engine/Plugins/Interchange/Assets/Content/Functions/MX_OpenPBR_Translucent.uexp" 644
"../../../Engine/Plugins/Interchange/Assets/Content/Functions/MX_OrenNayarBSDF.uasset" 645
"../../../Engine/Plugins/Interchange/Assets/Content/Functions/MX_OrenNayarBSDF.uexp" 646
"../../../Engine/Content/EditorMaterials/ParticleSystems/PSysThumbnail_NoImage.ubulk" 647
"../../../Engine/Content/EditorMaterials/ParticleSystems/PSysThumbnail_NoImage.uasset" 648
"../../../Engine/Content/EditorMaterials/ParticleSystems/PSysThumbnail_NoImage.uexp" 649
"../../../Engine/Content/EditorMaterials/ParticleSystems/PSysThumbnail_OOD.ubulk" 650
"../../../Engine/Content/EditorMaterials/ParticleSystems/PSysThumbnail_OOD.uasset" 651
"../../../Engine/Content/EditorMaterials/ParticleSystems/PSysThumbnail_OOD.uexp" 652
"../../../Engine/Content/EngineMaterials/DefaultBloomKernel.uasset" 653
"../../../Engine/Content/EngineMaterials/DefaultBloomKernel.uexp" 654
"../../../Engine/Content/EngineMeshes/Sphere.ubulk" 655
"../../../Engine/Content/EngineMeshes/Sphere.uasset" 656
"../../../Engine/Content/EngineMeshes/Sphere.uexp" 657
"../../../Engine/Content/VREditor/TransformGizmo/BoundingBoxCorner.ubulk" 658
"../../../Engine/Content/VREditor/TransformGizmo/BoundingBoxCorner.uasset" 659
"../../../Engine/Content/VREditor/TransformGizmo/BoundingBoxCorner.uexp" 660
"../../../Engine/Content/EngineMaterials/DefaultBokeh.uasset" 661
"../../../Engine/Content/EngineMaterials/DefaultBokeh.uexp" 662
"../../../Engine/Content/VREditor/TransformGizmo/BoundingBoxEdge.ubulk" 663
"../../../Engine/Content/VREditor/TransformGizmo/BoundingBoxEdge.uasset" 664
"../../../Engine/Content/VREditor/TransformGizmo/BoundingBoxEdge.uexp" 665
"../../../Engine/Content/EditorResources/S_Solver.ubulk" 666
"../../../Engine/Content/EditorResources/S_Solver.uasset" 667
"../../../Engine/Content/EditorResources/S_Solver.uexp" 668
"../../../Engine/Content/EngineMaterials/DefaultDeferredDecalMaterial.uasset" 669
"../../../Engine/Content/EngineMaterials/DefaultDeferredDecalMaterial.uexp" 670
"../../../Engine/Content/EditorMaterials/Camera/CineMat.uasset" 671
"../../../Engine/Content/EditorMaterials/Camera/CineMat.uexp" 672
"../../../Engine/Content/EditorMaterials/Camera/MI_CineMat_Rig.uasset" 673
"../../../Engine/Content/EditorMaterials/Camera/MI_CineMat_Rig.uexp" 674
"../../../Engine/Content/EditorMeshes/Camera/SM_CraneRig_Arm.ubulk" 675
"../../../Engine/Content/EditorMeshes/Camera/SM_CraneRig_Arm.uasset" 676
"../../../Engine/Content/EditorMeshes/Camera/SM_CraneRig_Arm.uexp" 677
"../../../Engine/Content/EngineResources/Black.uasset" 678
"../../../Engine/Content/EngineResources/Black.uexp" 679
"../../../Engine/Content/EditorMeshes/Camera/SM_CraneRig_Base.ubulk" 680
"../../../Engine/Content/EditorMeshes/Camera/SM_CraneRig_Base.uasset" 681
"../../../Engine/Content/EditorMeshes/Camera/SM_CraneRig_Base.uexp" 682
"../../../Engine/Content/EditorMeshes/Camera/SM_CraneRig_Body.ubulk" 683
"../../../Engine/Content/EditorMeshes/Camera/SM_CraneRig_Body.uasset" 684
"../../../Engine/Content/EditorMeshes/Camera/SM_CraneRig_Body.uexp" 685
"../../../Engine/Content/VREditor/TransformGizmo/Main.uasset" 686
"../../../Engine/Content/VREditor/TransformGizmo/Main.uexp" 687
"../../../Engine/Content/VREditor/TransformGizmo/Xray.uasset" 688
"../../../Engine/Content/VREditor/TransformGizmo/Xray.uexp" 689
"../../../Engine/Content/VREditor/TransformGizmo/SM_Sequencer_Node.ubulk" 690
"../../../Engine/Content/VREditor/TransformGizmo/SM_Sequencer_Node.uasset" 691
"../../../Engine/Content/VREditor/TransformGizmo/SM_Sequencer_Node.uexp" 692
"../../../Engine/Content/EditorMeshes/Camera/SM_CraneRig_Mount.ubulk" 693
"../../../Engine/Content/EditorMeshes/Camera/SM_CraneRig_Mount.uasset" 694
"../../../Engine/Content/EditorMeshes/Camera/SM_CraneRig_Mount.uexp" 695
"../../../Engine/Content/EditorMeshes/Camera/SM_RailRig_Mount.ubulk" 696
"../../../Engine/Content/EditorMeshes/Camera/SM_RailRig_Mount.uasset" 697
"../../../Engine/Content/EditorMeshes/Camera/SM_RailRig_Mount.uexp" 698
"../../../Engine/Content/EngineMaterials/EnergyConservation/Diffuse_Energy.uasset" 699
"../../../Engine/Content/EngineMaterials/EnergyConservation/Diffuse_Energy.uexp" 700
"../../../Engine/Content/EditorMeshes/Camera/SM_RailRig_Track.ubulk" 701
"../../../Engine/Content/EditorMeshes/Camera/SM_RailRig_Track.uasset" 702
"../../../Engine/Content/EditorMeshes/Camera/SM_RailRig_Track.uexp" 703
"../../../Engine/Content/EngineMaterials/EnergyConservation/GGX_ReflectionEnergy.uasset" 704
"../../../Engine/Content/EngineMaterials/EnergyConservation/GGX_ReflectionEnergy.uexp" 705
"../../../Engine/Content/EngineMaterials/EnergyConservation/GGX_TransmissionEnergyArray.uasset" 706
"../../../Engine/Content/EngineMaterials/EnergyConservation/GGX_TransmissionEnergyArray.uexp" 707
"../../../Engine/Content/EngineMaterials/EnergyConservation/SheenLegacy_Energy.uasset" 708
"../../../Engine/Content/EngineMaterials/EnergyConservation/SheenLegacy_Energy.uexp" 709
"../../../Engine/Content/EngineMaterials/EnergyConservation/Sheen_Energy.uasset" 710
"../../../Engine/Content/EngineMaterials/EnergyConservation/Sheen_Energy.uexp" 711
"../../../Engine/Content/EngineMaterials/LTC/GGX_LTCAmp.uasset" 712
"../../../Engine/Content/EngineMaterials/LTC/GGX_LTCAmp.uexp" 713
"../../../Engine/Content/EngineMaterials/LTC/GGX_LTCMat.uasset" 714
"../../../Engine/Content/EngineMaterials/LTC/GGX_LTCMat.uexp" 715
"../../../Engine/Content/EngineMaterials/LTC/Sheen_LTC.uasset" 716
"../../../Engine/Content/EngineMaterials/LTC/Sheen_LTC.uexp" 717
"../../../Engine/Content/EngineResources/Development/ZenLogo_64.uasset" 718
"../../../Engine/Content/EngineResources/Development/ZenLogo_64.uexp" 719
"../../../Engine/Plugins/Experimental/Landmass/Content/Landscape/Meshes/S_SpritePlane.ubulk" 720
"../../../Engine/Plugins/Experimental/Landmass/Content/Landscape/Meshes/S_SpritePlane.uasset" 721
"../../../Engine/Plugins/Experimental/Landmass/Content/Landscape/Meshes/S_SpritePlane.uexp" 722
"../../../Engine/Content/Functions/Engine_MaterialFunctions01/Texturing/FlattenNormal.uasset" 723
"../../../Engine/Content/Functions/Engine_MaterialFunctions01/Texturing/FlattenNormal.uexp" 724
"../../../Engine/Plugins/Interchange/Assets/Content/Utilities/New_LUT.uasset" 725
"../../../Engine/Plugins/Interchange/Assets/Content/Utilities/New_LUT.uexp" 726
"../../../Engine/Content/Functions/Engine_MaterialFunctions03/Math/RemapValueRange.uasset" 727
"../../../Engine/Content/Functions/Engine_MaterialFunctions03/Math/RemapValueRange.uexp" 728
"../../../Engine/Plugins/Interchange/Assets/Content/Functions/MF_Iridescence.uasset" 729
"../../../Engine/Plugins/Interchange/Assets/Content/Functions/MF_Iridescence.uexp" 730
"../../../Engine/Plugins/Interchange/Assets/Content/gltf/Textures/T_White_srgb.uasset" 731
"../../../Engine/Plugins/Interchange/Assets/Content/gltf/Textures/T_White_srgb.uexp" 732
"../../../Engine/Plugins/Interchange/Assets/Content/gltf/MaterialFunctions/MF_BaseColor.uasset" 733
"../../../Engine/Plugins/Interchange/Assets/Content/gltf/MaterialFunctions/MF_BaseColor.uexp" 734
"../../../Engine/Plugins/Interchange/Assets/Content/gltf/MaterialFunctions/MF_RotateNormals_TS.uasset" 735
"../../../Engine/Plugins/Interchange/Assets/Content/gltf/MaterialFunctions/MF_RotateNormals_TS.uexp" 736
"../../../Engine/Plugins/Interchange/Assets/Content/gltf/Textures/T_Generic_N.uasset" 737
"../../../Engine/Plugins/Interchange/Assets/Content/gltf/Textures/T_Generic_N.uexp" 738
"../../../Engine/Plugins/Interchange/Assets/Content/gltf/Textures/T_White_Linear.uasset" 739
"../../../Engine/Plugins/Interchange/Assets/Content/gltf/Textures/T_White_Linear.uexp" 740
"../../../Engine/Plugins/Interchange/Assets/Content/gltf/MaterialFunctions/MF_Clearcoat.uasset" 741
"../../../Engine/Plugins/Interchange/Assets/Content/gltf/MaterialFunctions/MF_Clearcoat.uexp" 742
"../../../Engine/Plugins/Interchange/Assets/Content/gltf/MaterialFunctions/MF_Emissive.uasset" 743
"../../../Engine/Plugins/Interchange/Assets/Content/gltf/MaterialFunctions/MF_Emissive.uexp" 744
"../../../Engine/Plugins/Interchange/Assets/Content/gltf/MaterialFunctions/MF_IOR.uasset" 745
"../../../Engine/Plugins/Interchange/Assets/Content/gltf/MaterialFunctions/MF_IOR.uexp" 746
"../../../Engine/Plugins/Interchange/Assets/Content/gltf/MaterialFunctions/MF_Iridescence.uasset" 747
"../../../Engine/Plugins/Interchange/Assets/Content/gltf/MaterialFunctions/MF_Iridescence.uexp" 748
"../../../Engine/Plugins/Interchange/Assets/Content/gltf/MaterialFunctions/MF_MetallicRoughness.uasset" 749
"../../../Engine/Plugins/Interchange/Assets/Content/gltf/MaterialFunctions/MF_MetallicRoughness.uexp" 750
"../../../Engine/Plugins/Interchange/Assets/Content/gltf/MaterialFunctions/MF_ScaleNormal.uasset" 751
"../../../Engine/Plugins/Interchange/Assets/Content/gltf/MaterialFunctions/MF_ScaleNormal.uexp" 752
"../../../Engine/Plugins/Interchange/Assets/Content/gltf/MaterialFunctions/MF_Normals.uasset" 753
"../../../Engine/Plugins/Interchange/Assets/Content/gltf/MaterialFunctions/MF_Normals.uexp" 754
"../../../Engine/Plugins/Interchange/Assets/Content/gltf/MaterialFunctions/MF_Occlusion.uasset" 755
"../../../Engine/Plugins/Interchange/Assets/Content/gltf/MaterialFunctions/MF_Occlusion.uexp" 756
"../../../Engine/Plugins/Interchange/Assets/Content/gltf/MaterialFunctions/MF_Specular.uasset" 757
"../../../Engine/Plugins/Interchange/Assets/Content/gltf/MaterialFunctions/MF_Specular.uexp" 758
"../../../Engine/Plugins/Interchange/Assets/Content/gltf/Textures/T_Anisotropy_Direction_Linear.uasset" 759
"../../../Engine/Plugins/Interchange/Assets/Content/gltf/Textures/T_Anisotropy_Direction_Linear.uexp" 760
"../../../Engine/Plugins/Interchange/Assets/Content/gltf/MaterialFunctions/MF_SpecularAnisotropy.uasset" 761
"../../../Engine/Plugins/Interchange/Assets/Content/gltf/MaterialFunctions/MF_SpecularAnisotropy.uexp" 762
"../../../Engine/Plugins/Interchange/Assets/Content/gltf/MaterialFunctions/MF_RotateV2.uasset" 763
"../../../Engine/Plugins/Interchange/Assets/Content/gltf/MaterialFunctions/MF_RotateV2.uexp" 764
"../../../Engine/Plugins/Interchange/Assets/Content/gltf/MaterialFunctions/MF_TransformUVs.uasset" 765
"../../../Engine/Plugins/Interchange/Assets/Content/gltf/MaterialFunctions/MF_TransformUVs.uexp" 766
"../../../Engine/Plugins/Interchange/Assets/Content/gltf/MaterialBodies/MF_ClearCoat_Body.uasset" 767
"../../../Engine/Plugins/Interchange/Assets/Content/gltf/MaterialBodies/MF_ClearCoat_Body.uexp" 768
"../../../Engine/Plugins/Interchange/Assets/Content/gltf/M_ClearCoat.uasset" 769
"../../../Engine/Plugins/Interchange/Assets/Content/gltf/M_ClearCoat.uexp" 770
"../../../Engine/Plugins/Interchange/Assets/Content/gltf/MaterialInstances/MI_ClearCoat_Blend.uasset" 771
"../../../Engine/Plugins/Interchange/Assets/Content/gltf/MaterialInstances/MI_ClearCoat_Blend.uexp" 772
"../../../Engine/Plugins/Interchange/Assets/Content/gltf/MaterialInstances/MI_ClearCoat_Blend_DS.uasset" 773
"../../../Engine/Plugins/Interchange/Assets/Content/gltf/MaterialInstances/MI_ClearCoat_Blend_DS.uexp" 774
"../../../Engine/Plugins/Interchange/Assets/Content/gltf/MaterialInstances/MI_ClearCoat_Mask.uasset" 775
"../../../Engine/Plugins/Interchange/Assets/Content/gltf/MaterialInstances/MI_ClearCoat_Mask.uexp" 776
"../../../Engine/Plugins/Interchange/Assets/Content/gltf/MaterialInstances/MI_ClearCoat_Mask_DS.uasset" 777
"../../../Engine/Plugins/Interchange/Assets/Content/gltf/MaterialInstances/MI_ClearCoat_Mask_DS.uexp" 778
"../../../Engine/Plugins/Interchange/Assets/Content/gltf/MaterialInstances/MI_ClearCoat_Opaque.uasset" 779
"../../../Engine/Plugins/Interchange/Assets/Content/gltf/MaterialInstances/MI_ClearCoat_Opaque.uexp" 780
"../../../Engine/Plugins/Interchange/Assets/Content/gltf/MaterialInstances/MI_ClearCoat_Opaque_DS.uasset" 781
"../../../Engine/Plugins/Interchange/Assets/Content/gltf/MaterialInstances/MI_ClearCoat_Opaque_DS.uexp" 782
"../../../Engine/Plugins/Interchange/Assets/Content/gltf/MaterialBodies/MF_Default_Body.uasset" 783
"../../../Engine/Plugins/Interchange/Assets/Content/gltf/MaterialBodies/MF_Default_Body.uexp" 784
"../../../Engine/Plugins/Interchange/Assets/Content/gltf/M_Default.uasset" 785
"../../../Engine/Plugins/Interchange/Assets/Content/gltf/M_Default.uexp" 786
"../../../Engine/Plugins/Interchange/Assets/Content/gltf/MaterialInstances/MI_Default_Blend.uasset" 787
"../../../Engine/Plugins/Interchange/Assets/Content/gltf/MaterialInstances/MI_Default_Blend.uexp" 788
"../../../Engine/Plugins/Interchange/Assets/Content/gltf/MaterialInstances/MI_Default_Blend_DS.uasset" 789
"../../../Engine/Plugins/Interchange/Assets/Content/gltf/MaterialInstances/MI_Default_Blend_DS.uexp" 790
"../../../Engine/Plugins/Interchange/Assets/Content/gltf/MaterialInstances/MI_Default_Mask.uasset" 791
"../../../Engine/Plugins/Interchange/Assets/Content/gltf/MaterialInstances/MI_Default_Mask.uexp" 792
"../../../Engine/Plugins/Interchange/Assets/Content/gltf/MaterialInstances/MI_Default_Mask_DS.uasset" 793
"../../../Engine/Plugins/Interchange/Assets/Content/gltf/MaterialInstances/MI_Default_Mask_DS.uexp" 794
"../../../Engine/Plugins/Interchange/Assets/Content/gltf/MaterialInstances/MI_Default_Opaque.uasset" 795
"../../../Engine/Plugins/Interchange/Assets/Content/gltf/MaterialInstances/MI_Default_Opaque.uexp" 796
"../../../Engine/Plugins/Interchange/Assets/Content/gltf/MaterialFunctions/MF_Sheen.uasset" 797
"../../../Engine/Plugins/Interchange/Assets/Content/gltf/MaterialFunctions/MF_Sheen.uexp" 798
"../../../Engine/Plugins/Interchange/Assets/Content/gltf/MaterialBodies/MF_Sheen_Body.uasset" 799
"../../../Engine/Plugins/Interchange/Assets/Content/gltf/MaterialBodies/MF_Sheen_Body.uexp" 800
"../../../Engine/Plugins/Interchange/Assets/Content/gltf/M_Sheen.uasset" 801
"../../../Engine/Plugins/Interchange/Assets/Content/gltf/M_Sheen.uexp" 802
"../../../Engine/Plugins/Interchange/Assets/Content/gltf/MaterialInstances/MI_Sheen_Blend.uasset" 803
"../../../Engine/Plugins/Interchange/Assets/Content/gltf/MaterialInstances/MI_Sheen_Blend.uexp" 804
"../../../Engine/Plugins/Interchange/Assets/Content/gltf/MaterialInstances/MI_Sheen_Blend_DS.uasset" 805
"../../../Engine/Plugins/Interchange/Assets/Content/gltf/MaterialInstances/MI_Sheen_Blend_DS.uexp" 806
"../../../Engine/Plugins/Interchange/Assets/Content/gltf/MaterialInstances/MI_Sheen_Mask.uasset" 807
"../../../Engine/Plugins/Interchange/Assets/Content/gltf/MaterialInstances/MI_Sheen_Mask.uexp" 808
"../../../Engine/Plugins/Interchange/Assets/Content/gltf/MaterialInstances/MI_Sheen_Mask_DS.uasset" 809
"../../../Engine/Plugins/Interchange/Assets/Content/gltf/MaterialInstances/MI_Sheen_Mask_DS.uexp" 810
"../../../Engine/Plugins/Interchange/Assets/Content/gltf/MaterialInstances/MI_Sheen_Opaque.uasset" 811
"../../../Engine/Plugins/Interchange/Assets/Content/gltf/MaterialInstances/MI_Sheen_Opaque.uexp" 812
"../../../Engine/Plugins/Interchange/Assets/Content/gltf/MaterialInstances/MI_Sheen_Opaque_DS.uasset" 813
"../../../Engine/Plugins/Interchange/Assets/Content/gltf/MaterialInstances/MI_Sheen_Opaque_DS.uexp" 814
"../../../Engine/Plugins/Interchange/Assets/Content/gltf/MaterialFunctions/MF_DiffuseSpecGloss.uasset" 815
"../../../Engine/Plugins/Interchange/Assets/Content/gltf/MaterialFunctions/MF_DiffuseSpecGloss.uexp" 816
"../../../Engine/Plugins/Interchange/Assets/Content/gltf/MaterialFunctions/MF_MaxComponentValue.uasset" 817
"../../../Engine/Plugins/Interchange/Assets/Content/gltf/MaterialFunctions/MF_MaxComponentValue.uexp" 818
"../../../Engine/Content/Functions/Engine_MaterialFunctions02/Math/AddComponents.uasset" 819
"../../../Engine/Content/Functions/Engine_MaterialFunctions02/Math/AddComponents.uexp" 820
"../../../Engine/Plugins/Interchange/Assets/Content/gltf/MaterialFunctions/MF_PerceivedBrightness.uasset" 821
"../../../Engine/Plugins/Interchange/Assets/Content/gltf/MaterialFunctions/MF_PerceivedBrightness.uexp" 822
"../../../Engine/Plugins/Interchange/Assets/Content/gltf/MaterialFunctions/MF_SpecGlossToMetalRoughness.uasset" 823
"../../../Engine/Plugins/Interchange/Assets/Content/gltf/MaterialFunctions/MF_SpecGlossToMetalRoughness.uexp" 824
"../../../Engine/Plugins/Interchange/Assets/Content/gltf/MaterialBodies/MF_SpecularGlossiness_Body.uasset" 825
"../../../Engine/Plugins/Interchange/Assets/Content/gltf/MaterialBodies/MF_SpecularGlossiness_Body.uexp" 826
"../../../Engine/Plugins/Interchange/Assets/Content/gltf/M_SpecularGlossiness.uasset" 827
"../../../Engine/Plugins/Interchange/Assets/Content/gltf/M_SpecularGlossiness.uexp" 828
"../../../Engine/Plugins/Interchange/Assets/Content/gltf/MaterialInstances/MI_SpecularGlossiness_Blend.uasset" 829
"../../../Engine/Plugins/Interchange/Assets/Content/gltf/MaterialInstances/MI_SpecularGlossiness_Blend.uexp" 830
"../../../Engine/Plugins/Interchange/Assets/Content/gltf/MaterialInstances/MI_SpecularGlossiness_Blend_DS.uasset" 831
"../../../Engine/Plugins/Interchange/Assets/Content/gltf/MaterialInstances/MI_SpecularGlossiness_Blend_DS.uexp" 832
"../../../Engine/Plugins/Interchange/Assets/Content/gltf/MaterialInstances/MI_SpecularGlossiness_Mask.uasset" 833
"../../../Engine/Plugins/Interchange/Assets/Content/gltf/MaterialInstances/MI_SpecularGlossiness_Mask.uexp" 834
"../../../Engine/Plugins/Interchange/Assets/Content/gltf/MaterialInstances/MI_SpecularGlossiness_Mask_DS.uasset" 835
"../../../Engine/Plugins/Interchange/Assets/Content/gltf/MaterialInstances/MI_SpecularGlossiness_Mask_DS.uexp" 836
"../../../Engine/Plugins/Interchange/Assets/Content/gltf/MaterialInstances/MI_SpecularGlossiness_Opaque.uasset" 837
"../../../Engine/Plugins/Interchange/Assets/Content/gltf/MaterialInstances/MI_SpecularGlossiness_Opaque.uexp" 838
"../../../Engine/Plugins/Interchange/Assets/Content/gltf/MaterialInstances/MI_SpecularGlossiness_Opaque_DS.uasset" 839
"../../../Engine/Plugins/Interchange/Assets/Content/gltf/MaterialInstances/MI_SpecularGlossiness_Opaque_DS.uexp" 840
"../../../Engine/Content/EngineMaterials/Good64x64TilingNoiseHighFreq.uasset" 841
"../../../Engine/Content/EngineMaterials/Good64x64TilingNoiseHighFreq.uexp" 842
"../../../Engine/Content/Functions/Engine_MaterialFunctions02/Texturing/ScreenAlignedPixelToPixelUVs.uasset" 843
"../../../Engine/Content/Functions/Engine_MaterialFunctions02/Texturing/ScreenAlignedPixelToPixelUVs.uexp" 844
"../../../Engine/Plugins/Interchange/Assets/Content/gltf/MaterialFunctions/MF_Fresnel_DS.uasset" 845
"../../../Engine/Plugins/Interchange/Assets/Content/gltf/MaterialFunctions/MF_Fresnel_DS.uexp" 846
"../../../Engine/Plugins/Interchange/Assets/Content/gltf/MaterialFunctions/MF_Temporal_Blur.uasset" 847
"../../../Engine/Plugins/Interchange/Assets/Content/gltf/MaterialFunctions/MF_Temporal_Blur.uexp" 848
"../../../Engine/Plugins/Interchange/Assets/Content/gltf/MaterialFunctions/MF_Transmission.uasset" 849
"../../../Engine/Plugins/Interchange/Assets/Content/gltf/MaterialFunctions/MF_Transmission.uexp" 850
"../../../Engine/Plugins/Interchange/Assets/Content/gltf/MaterialBodies/MF_Transmission_Body.uasset" 851
"../../../Engine/Plugins/Interchange/Assets/Content/gltf/MaterialBodies/MF_Transmission_Body.uexp" 852
"../../../Engine/Plugins/Interchange/Assets/Content/gltf/M_Transmission.uasset" 853
"../../../Engine/Plugins/Interchange/Assets/Content/gltf/M_Transmission.uexp" 854
"../../../Engine/Plugins/Interchange/Assets/Content/gltf/MaterialInstances/MI_Transmission.uasset" 855
"../../../Engine/Plugins/Interchange/Assets/Content/gltf/MaterialInstances/MI_Transmission.uexp" 856
"../../../Engine/Plugins/Interchange/Assets/Content/gltf/MaterialInstances/MI_Transmission_DS.uasset" 857
"../../../Engine/Plugins/Interchange/Assets/Content/gltf/MaterialInstances/MI_Transmission_DS.uexp" 858
"../../../Engine/Plugins/Interchange/Assets/Content/gltf/MaterialBodies/MF_Unlit_Body.uasset" 859
"../../../Engine/Plugins/Interchange/Assets/Content/gltf/MaterialBodies/MF_Unlit_Body.uexp" 860
"../../../Engine/Plugins/Interchange/Assets/Content/gltf/M_Unlit.uasset" 861
"../../../Engine/Plugins/Interchange/Assets/Content/gltf/M_Unlit.uexp" 862
"../../../Engine/Plugins/Interchange/Assets/Content/gltf/MaterialInstances/MI_Unlit_Blend.uasset" 863
"../../../Engine/Plugins/Interchange/Assets/Content/gltf/MaterialInstances/MI_Unlit_Blend.uexp" 864
"../../../Engine/Plugins/Interchange/Assets/Content/gltf/MaterialInstances/MI_Unlit_Blend_DS.uasset" 865
"../../../Engine/Plugins/Interchange/Assets/Content/gltf/MaterialInstances/MI_Unlit_Blend_DS.uexp" 866
"../../../Engine/Plugins/Interchange/Assets/Content/gltf/MaterialInstances/MI_Unlit_Mask.uasset" 867
"../../../Engine/Plugins/Interchange/Assets/Content/gltf/MaterialInstances/MI_Unlit_Mask.uexp" 868
"../../../Engine/Plugins/Interchange/Assets/Content/gltf/MaterialInstances/MI_Unlit_Mask_DS.uasset" 869
"../../../Engine/Plugins/Interchange/Assets/Content/gltf/MaterialInstances/MI_Unlit_Mask_DS.uexp" 870
"../../../Engine/Plugins/Interchange/Assets/Content/gltf/MaterialInstances/MI_Unlit_Opaque.uasset" 871
"../../../Engine/Plugins/Interchange/Assets/Content/gltf/MaterialInstances/MI_Unlit_Opaque.uexp" 872
"../../../Engine/Plugins/Interchange/Assets/Content/gltf/MaterialInstances/MI_Unlit_Opaque_DS.uasset" 873
"../../../Engine/Plugins/Interchange/Assets/Content/gltf/MaterialInstances/MI_Unlit_Opaque_DS.uexp" 874
"../../../Engine/Content/ArtTools/RenderToTexture/Meshes/S_1_Unit_Plane.ubulk" 875
"../../../Engine/Content/ArtTools/RenderToTexture/Meshes/S_1_Unit_Plane.uasset" 876
"../../../Engine/Content/ArtTools/RenderToTexture/Meshes/S_1_Unit_Plane.uexp" 877
"C:/Users/cmckenna/Documents/Unreal Projects/RogueFirefight/Content/Insurgent_2/Mesh/PA_BaseBody_PhysicsAsset.uasset" 878
"C:/Users/cmckenna/Documents/Unreal Projects/RogueFirefight/Content/Insurgent_2/Mesh/PA_BaseBody_PhysicsAsset.uexp" 879
"C:/Users/cmckenna/Documents/Unreal Projects/RogueFirefight/Content/Insurgent_2/Mesh/SKM_BaseBody_Skeleton.uasset" 880
"C:/Users/cmckenna/Documents/Unreal Projects/RogueFirefight/Content/Insurgent_2/Mesh/SKM_BaseBody_Skeleton.uexp" 881
"C:/Users/cmckenna/Documents/Unreal Projects/RogueFirefight/Content/Insurgent_2/Textures/Beard/T_Beard_albedo.ubulk" 882
"C:/Users/cmckenna/Documents/Unreal Projects/RogueFirefight/Content/Insurgent_2/Textures/Beard/T_Beard_albedo.uasset" 883
"C:/Users/cmckenna/Documents/Unreal Projects/RogueFirefight/Content/Insurgent_2/Textures/Beard/T_Beard_albedo.uexp" 884
"C:/Users/cmckenna/Documents/Unreal Projects/RogueFirefight/Content/Insurgent_2/Textures/Beard/T_Beard_alpha.ubulk" 885
"C:/Users/cmckenna/Documents/Unreal Projects/RogueFirefight/Content/Insurgent_2/Textures/Beard/T_Beard_alpha.uasset" 886
"C:/Users/cmckenna/Documents/Unreal Projects/RogueFirefight/Content/Insurgent_2/Textures/Beard/T_Beard_alpha.uexp" 887
"C:/Users/cmckenna/Documents/Unreal Projects/RogueFirefight/Content/Insurgent_2/Textures/Beard/T_Beard_normal.ubulk" 888
"C:/Users/cmckenna/Documents/Unreal Projects/RogueFirefight/Content/Insurgent_2/Textures/Beard/T_Beard_normal.uasset" 889
"C:/Users/cmckenna/Documents/Unreal Projects/RogueFirefight/Content/Insurgent_2/Textures/Beard/T_Beard_normal.uexp" 890
"C:/Users/cmckenna/Documents/Unreal Projects/RogueFirefight/Content/Insurgent_2/Materials/Sources/M_Beard_Source.uasset" 891
"C:/Users/cmckenna/Documents/Unreal Projects/RogueFirefight/Content/Insurgent_2/Materials/Sources/M_Beard_Source.uexp" 892
"C:/Users/cmckenna/Documents/Unreal Projects/RogueFirefight/Content/Insurgent_2/Textures/Body/T_Body_AO_MT_R.ubulk" 893
"C:/Users/cmckenna/Documents/Unreal Projects/RogueFirefight/Content/Insurgent_2/Textures/Body/T_Body_AO_MT_R.uasset" 894
"C:/Users/cmckenna/Documents/Unreal Projects/RogueFirefight/Content/Insurgent_2/Textures/Body/T_Body_AO_MT_R.uexp" 895
"C:/Users/cmckenna/Documents/Unreal Projects/RogueFirefight/Content/Insurgent_2/Textures/Body/T_Body_BC.ubulk" 896
"C:/Users/cmckenna/Documents/Unreal Projects/RogueFirefight/Content/Insurgent_2/Textures/Body/T_Body_BC.uasset" 897
"C:/Users/cmckenna/Documents/Unreal Projects/RogueFirefight/Content/Insurgent_2/Textures/Body/T_Body_BC.uexp" 898
"C:/Users/cmckenna/Documents/Unreal Projects/RogueFirefight/Content/Insurgent_2/Textures/Body/T_Body_N.ubulk" 899
"C:/Users/cmckenna/Documents/Unreal Projects/RogueFirefight/Content/Insurgent_2/Textures/Body/T_Body_N.uasset" 900
"C:/Users/cmckenna/Documents/Unreal Projects/RogueFirefight/Content/Insurgent_2/Textures/Body/T_Body_N.uexp" 901
"C:/Users/cmckenna/Documents/Unreal Projects/RogueFirefight/Content/Insurgent_2/Materials/Sources/M_Body_Source.uasset" 902
"C:/Users/cmckenna/Documents/Unreal Projects/RogueFirefight/Content/Insurgent_2/Materials/Sources/M_Body_Source.uexp" 903
"C:/Users/cmckenna/Documents/Unreal Projects/RogueFirefight/Content/Insurgent_2/Textures/Eyes/T_Eyes_AO_MT_R.ubulk" 904
"C:/Users/cmckenna/Documents/Unreal Projects/RogueFirefight/Content/Insurgent_2/Textures/Eyes/T_Eyes_AO_MT_R.uasset" 905
"C:/Users/cmckenna/Documents/Unreal Projects/RogueFirefight/Content/Insurgent_2/Textures/Eyes/T_Eyes_AO_MT_R.uexp" 906
"C:/Users/cmckenna/Documents/Unreal Projects/RogueFirefight/Content/Insurgent_2/Textures/Eyes/T_Eyes_BC.ubulk" 907
"C:/Users/cmckenna/Documents/Unreal Projects/RogueFirefight/Content/Insurgent_2/Textures/Eyes/T_Eyes_BC.uasset" 908
"C:/Users/cmckenna/Documents/Unreal Projects/RogueFirefight/Content/Insurgent_2/Textures/Eyes/T_Eyes_BC.uexp" 909
"C:/Users/cmckenna/Documents/Unreal Projects/RogueFirefight/Content/Insurgent_2/Textures/Eyes/T_Eyes_N.ubulk" 910
"C:/Users/cmckenna/Documents/Unreal Projects/RogueFirefight/Content/Insurgent_2/Textures/Eyes/T_Eyes_N.uasset" 911
"C:/Users/cmckenna/Documents/Unreal Projects/RogueFirefight/Content/Insurgent_2/Textures/Eyes/T_Eyes_N.uexp" 912
"C:/Users/cmckenna/Documents/Unreal Projects/RogueFirefight/Content/Insurgent_2/Materials/Sources/M_Eyes_Source.uasset" 913
"C:/Users/cmckenna/Documents/Unreal Projects/RogueFirefight/Content/Insurgent_2/Materials/Sources/M_Eyes_Source.uexp" 914
"C:/Users/cmckenna/Documents/Unreal Projects/RogueFirefight/Content/Insurgent_2/Textures/Face/T_Face_AO_MT_R.ubulk" 915
"C:/Users/cmckenna/Documents/Unreal Projects/RogueFirefight/Content/Insurgent_2/Textures/Face/T_Face_AO_MT_R.uasset" 916
"C:/Users/cmckenna/Documents/Unreal Projects/RogueFirefight/Content/Insurgent_2/Textures/Face/T_Face_AO_MT_R.uexp" 917
"C:/Users/cmckenna/Documents/Unreal Projects/RogueFirefight/Content/Insurgent_2/Textures/Face/T_Face_BC.ubulk" 918
"C:/Users/cmckenna/Documents/Unreal Projects/RogueFirefight/Content/Insurgent_2/Textures/Face/T_Face_BC.uasset" 919
"C:/Users/cmckenna/Documents/Unreal Projects/RogueFirefight/Content/Insurgent_2/Textures/Face/T_Face_BC.uexp" 920
"C:/Users/cmckenna/Documents/Unreal Projects/RogueFirefight/Content/Insurgent_2/Textures/Face/T_Face_N.ubulk" 921
"C:/Users/cmckenna/Documents/Unreal Projects/RogueFirefight/Content/Insurgent_2/Textures/Face/T_Face_N.uasset" 922
"C:/Users/cmckenna/Documents/Unreal Projects/RogueFirefight/Content/Insurgent_2/Textures/Face/T_Face_N.uexp" 923
"C:/Users/cmckenna/Documents/Unreal Projects/RogueFirefight/Content/Insurgent_2/Materials/Sources/M_Face_Source.uasset" 924
"C:/Users/cmckenna/Documents/Unreal Projects/RogueFirefight/Content/Insurgent_2/Materials/Sources/M_Face_Source.uexp" 925
"C:/Users/cmckenna/Documents/Unreal Projects/RogueFirefight/Content/Insurgent_2/Mesh/SK_BaseBody.uasset" 926
"C:/Users/cmckenna/Documents/Unreal Projects/RogueFirefight/Content/Insurgent_2/Mesh/SK_BaseBody.uexp" 927
"../../../Engine/Content/Functions/Engine_MaterialFunctions01/Gradient/LinearGradient.uasset" 928
"../../../Engine/Content/Functions/Engine_MaterialFunctions01/Gradient/LinearGradient.uexp" 929
"../../../Engine/Content/Functions/Engine_MaterialFunctions01/ImageAdjustment/CheapContrast.uasset" 930
"../../../Engine/Content/Functions/Engine_MaterialFunctions01/ImageAdjustment/CheapContrast.uexp" 931
"C:/Users/cmckenna/Documents/Unreal Projects/RogueFirefight/Content/LevelPrototyping/Textures/T_GridChecker_A.ubulk" 932
"C:/Users/cmckenna/Documents/Unreal Projects/RogueFirefight/Content/LevelPrototyping/Textures/T_GridChecker_A.uasset" 933
"C:/Users/cmckenna/Documents/Unreal Projects/RogueFirefight/Content/LevelPrototyping/Textures/T_GridChecker_A.uexp" 934
"C:/Users/cmckenna/Documents/Unreal Projects/RogueFirefight/Content/LevelPrototyping/Materials/MF_ProcGrid.uasset" 935
"C:/Users/cmckenna/Documents/Unreal Projects/RogueFirefight/Content/LevelPrototyping/Materials/MF_ProcGrid.uexp" 936
"C:/Users/cmckenna/Documents/Unreal Projects/RogueFirefight/Content/LevelPrototyping/Materials/M_PrototypeGrid.uasset" 937
"C:/Users/cmckenna/Documents/Unreal Projects/RogueFirefight/Content/LevelPrototyping/Materials/M_PrototypeGrid.uexp" 938
"C:/Users/cmckenna/Documents/Unreal Projects/RogueFirefight/Content/LevelPrototyping/Materials/MI_PrototypeGrid_Gray.uasset" 939
"C:/Users/cmckenna/Documents/Unreal Projects/RogueFirefight/Content/LevelPrototyping/Materials/MI_PrototypeGrid_Gray.uexp" 940
"C:/Users/cmckenna/Documents/Unreal Projects/RogueFirefight/Content/LevelPrototyping/Materials/MI_PrototypeGrid_Gray_Dark.uasset" 941
"C:/Users/cmckenna/Documents/Unreal Projects/RogueFirefight/Content/LevelPrototyping/Materials/MI_PrototypeGrid_Gray_Dark.uexp" 942
"C:/Users/cmckenna/Documents/Unreal Projects/RogueFirefight/Content/LevelPrototyping/Materials/MI_PrototypeGrid_Gray_Inst.uasset" 943
"C:/Users/cmckenna/Documents/Unreal Projects/RogueFirefight/Content/LevelPrototyping/Materials/MI_PrototypeGrid_Gray_Inst.uexp" 944
"C:/Users/cmckenna/Documents/Unreal Projects/RogueFirefight/Content/LevelPrototyping/Materials/MI_PrototypeGrid_Green_Dark.uasset" 945
"C:/Users/cmckenna/Documents/Unreal Projects/RogueFirefight/Content/LevelPrototyping/Materials/MI_PrototypeGrid_Green_Dark.uexp" 946
"../../../Engine/Plugins/Animation/DeformerGraph/Content/DeformerFunctions/DG_Function_LinearBlendSkin_Morph_Cloth.uasset" 947
"../../../Engine/Plugins/Animation/DeformerGraph/Content/DeformerFunctions/DG_Function_LinearBlendSkin_Morph_Cloth.uexp" 948
"../../../Engine/Plugins/Animation/DeformerGraph/Content/Deformers/DG_LinearBlendSkin_Morph_Cloth.uasset" 949
"../../../Engine/Plugins/Animation/DeformerGraph/Content/Deformers/DG_LinearBlendSkin_Morph_Cloth.uexp" 950
"../../../Engine/Plugins/Animation/DeformerGraph/Content/DeformerFunctions/DG_Function_ComputeNormalsTangents.uasset" 951
"../../../Engine/Plugins/Animation/DeformerGraph/Content/DeformerFunctions/DG_Function_ComputeNormalsTangents.uexp" 952
"../../../Engine/Plugins/Animation/DeformerGraph/Content/DeformerFunctions/DG_Function_LinearBlendSkin_Morph_Cloth_PositionOnly.uasset" 953
"../../../Engine/Plugins/Animation/DeformerGraph/Content/DeformerFunctions/DG_Function_LinearBlendSkin_Morph_Cloth_PositionOnly.uexp" 954
"../../../Engine/Plugins/Animation/DeformerGraph/Content/Deformers/DG_LinearBlendSkin_Morph_Cloth_RecomputeNormals.uasset" 955
"../../../Engine/Plugins/Animation/DeformerGraph/Content/Deformers/DG_LinearBlendSkin_Morph_Cloth_RecomputeNormals.uexp" 956
"../../../Engine/Content/EngineMaterials/Substrate/GLints/AGlintTex2dArray.uasset" 957
"../../../Engine/Content/EngineMaterials/Substrate/GLints/AGlintTex2dArray.uexp" 958
"C:/Users/cmckenna/Documents/Unreal Projects/RogueFirefight/Content/LevelPrototyping/Meshes/SM_Cube.ubulk" 959
"C:/Users/cmckenna/Documents/Unreal Projects/RogueFirefight/Content/LevelPrototyping/Meshes/SM_Cube.uasset" 960
"C:/Users/cmckenna/Documents/Unreal Projects/RogueFirefight/Content/LevelPrototyping/Meshes/SM_Cube.uexp" 961
"../../../Engine/Content/Functions/Engine_MaterialFunctions02/WorldPositionOffset/ObjectScale.uasset" 962
"../../../Engine/Content/Functions/Engine_MaterialFunctions02/WorldPositionOffset/ObjectScale.uexp" 963
"../../../Engine/Plugins/Editor/SpeedTreeImporter/Content/SpeedTree9/Empty.uasset" 964
"../../../Engine/Plugins/Editor/SpeedTreeImporter/Content/SpeedTree9/Empty.uexp" 965
"../../../Engine/Plugins/Editor/SpeedTreeImporter/Content/SpeedTree9/EmptyNormal.uasset" 966
"../../../Engine/Plugins/Editor/SpeedTreeImporter/Content/SpeedTree9/EmptyNormal.uexp" 967
"../../../Engine/Plugins/Editor/SpeedTreeImporter/Content/SpeedTree9/game_wind_noise.ubulk" 968
"../../../Engine/Plugins/Editor/SpeedTreeImporter/Content/SpeedTree9/game_wind_noise.uasset" 969
"../../../Engine/Plugins/Editor/SpeedTreeImporter/Content/SpeedTree9/game_wind_noise.uexp" 970
"../../../Engine/Plugins/Editor/SpeedTreeImporter/Content/SpeedTree9/SpeedTreeBillboard.uasset" 971
"../../../Engine/Plugins/Editor/SpeedTreeImporter/Content/SpeedTree9/SpeedTreeBillboard.uexp" 972
"../../../Engine/Content/Functions/Engine_MaterialFunctions02/SafeNormalize.uasset" 973
"../../../Engine/Content/Functions/Engine_MaterialFunctions02/SafeNormalize.uexp" 974
"../../../Engine/Plugins/Editor/SpeedTreeImporter/Content/SpeedTree9/SpeedTreeWindMotion.uasset" 975
"../../../Engine/Plugins/Editor/SpeedTreeImporter/Content/SpeedTree9/SpeedTreeWindMotion.uexp" 976
"../../../Engine/Plugins/Editor/SpeedTreeImporter/Content/SpeedTree9/UnpackDirection.uasset" 977
"../../../Engine/Plugins/Editor/SpeedTreeImporter/Content/SpeedTree9/UnpackDirection.uexp" 978
"../../../Engine/Plugins/Editor/SpeedTreeImporter/Content/SpeedTree9/UnpackInteger3.uasset" 979
"../../../Engine/Plugins/Editor/SpeedTreeImporter/Content/SpeedTree9/UnpackInteger3.uexp" 980
"../../../Engine/Plugins/Editor/SpeedTreeImporter/Content/SpeedTree9/SpeedTreeBranchMotion.uasset" 981
"../../../Engine/Plugins/Editor/SpeedTreeImporter/Content/SpeedTree9/SpeedTreeBranchMotion.uexp" 982
"../../../Engine/Content/Functions/Engine_MaterialFunctions02/ObjectLocalBounds.uasset" 983
"../../../Engine/Content/Functions/Engine_MaterialFunctions02/ObjectLocalBounds.uexp" 984
"../../../Engine/Content/Functions/Engine_MaterialFunctions02/UVs/BoundingBoxBased_0-1_UVW.uasset" 985
"../../../Engine/Content/Functions/Engine_MaterialFunctions02/UVs/BoundingBoxBased_0-1_UVW.uexp" 986
"../../../Engine/Plugins/Editor/SpeedTreeImporter/Content/SpeedTree9/SpeedTreeWind.uasset" 987
"../../../Engine/Plugins/Editor/SpeedTreeImporter/Content/SpeedTree9/SpeedTreeWind.uexp" 988
"../../../Engine/Plugins/Editor/SpeedTreeImporter/Content/SpeedTree9/SpeedTreeBillboardMaster.uasset" 989
"../../../Engine/Plugins/Editor/SpeedTreeImporter/Content/SpeedTree9/SpeedTreeBillboardMaster.uexp" 990
"../../../Engine/Plugins/Editor/SpeedTreeImporter/Content/SpeedTree9/SpeedTreeCameraFacing.uasset" 991
"../../../Engine/Plugins/Editor/SpeedTreeImporter/Content/SpeedTree9/SpeedTreeCameraFacing.uexp" 992
"../../../Engine/Plugins/Editor/SpeedTreeImporter/Content/SpeedTree9/SpeedTreeMaster.uasset" 993
"../../../Engine/Plugins/Editor/SpeedTreeImporter/Content/SpeedTree9/SpeedTreeMaster.uexp" 994
"../../../Engine/Content/EngineMaterials/Substrate/Glints2/AGlintTex2dArray2.uasset" 995
"../../../Engine/Content/EngineMaterials/Substrate/Glints2/AGlintTex2dArray2.uexp" 996
"../../../Engine/Content/Functions/Engine_MaterialFunctions01/Shading/ConvertFromDiffSpec.uasset" 997
"../../../Engine/Content/Functions/Engine_MaterialFunctions01/Shading/ConvertFromDiffSpec.uexp" 998
"../../../Engine/Content/Functions/Engine_MaterialFunctions01/Shading/PowerToRoughness.uasset" 999
"../../../Engine/Content/Functions/Engine_MaterialFunctions01/Shading/PowerToRoughness.uexp" 1000
"../../../Engine/Content/EngineMaterials/Substrate/Volume/SubstrateSimpleVolumeEnvLUT3D.uasset" 1001
"../../../Engine/Content/EngineMaterials/Substrate/Volume/SubstrateSimpleVolumeEnvLUT3D.uexp" 1002
"../../../Engine/Content/EngineMaterials/Substrate/Volume/SubstrateSimpleVolumeLUT3D.uasset" 1003
"../../../Engine/Content/EngineMaterials/Substrate/Volume/SubstrateSimpleVolumeLUT3D.uexp" 1004
"../../../Engine/Content/EngineMaterials/BlendFunc_DefBase.uasset" 1005
"../../../Engine/Content/EngineMaterials/BlendFunc_DefBase.uexp" 1006
"../../../Engine/Content/EngineMaterials/BlendFunc_DefBlend.uasset" 1007
"../../../Engine/Content/EngineMaterials/BlendFunc_DefBlend.uexp" 1008
"../../../Engine/Content/Functions/Engine_MaterialFunctions03/Blends/Blend_Screen.uasset" 1009
"../../../Engine/Content/Functions/Engine_MaterialFunctions03/Blends/Blend_Screen.uexp" 1010
"../../../Engine/Content/EditorMaterials/TilingAALineIntegral.uasset" 1011
"../../../Engine/Content/EditorMaterials/TilingAALineIntegral.uexp" 1012
"../../../Engine/Content/EditorMaterials/TilingAALineBoxFiltered.uasset" 1013
"../../../Engine/Content/EditorMaterials/TilingAALineBoxFiltered.uexp" 1014
"../../../Engine/Content/Functions/Engine_MaterialFunctions03/Procedurals/ComputeFilterWidth.uasset" 1015
"../../../Engine/Content/Functions/Engine_MaterialFunctions03/Procedurals/ComputeFilterWidth.uexp" 1016
"../../../Engine/Content/EditorMaterials/TilingAAGrid.uasset" 1017
"../../../Engine/Content/EditorMaterials/TilingAAGrid.uexp" 1018
"../../../Engine/Content/EngineResources/Black_Low.uasset" 1019
"../../../Engine/Content/EngineResources/Black_Low.uexp" 1020
"../../../Engine/Plugins/Experimental/Landmass/Content/Landscape/BlueprintBrushes/MPC/MPC_Landscape.uasset" 1021
"../../../Engine/Plugins/Experimental/Landmass/Content/Landscape/BlueprintBrushes/MPC/MPC_Landscape.uexp" 1022
"../../../Engine/Plugins/Experimental/Landmass/Content/Landscape/BlueprintBrushes/MF/PointSampleLandscapeUVs.uasset" 1023
"../../../Engine/Plugins/Experimental/Landmass/Content/Landscape/BlueprintBrushes/MF/PointSampleLandscapeUVs.uexp" 1024
"../../../Engine/Content/Functions/Engine_MaterialFunctions01/ImageAdjustment/SCurve.uasset" 1025
"../../../Engine/Content/Functions/Engine_MaterialFunctions01/ImageAdjustment/SCurve.uexp" 1026
"../../../Engine/Plugins/Experimental/Landmass/Content/Landscape/OldPrototype_BP/Mats/MF/UnpackRG8Height.uasset" 1027
"../../../Engine/Plugins/Experimental/Landmass/Content/Landscape/OldPrototype_BP/Mats/MF/UnpackRG8Height.uexp" 1028
"../../../Engine/Content/ArtTools/RenderToTexture/Textures/T_EV_BlankWhite_01.uasset" 1029
"../../../Engine/Content/ArtTools/RenderToTexture/Textures/T_EV_BlankWhite_01.uexp" 1030
"../../../Engine/Plugins/Experimental/Landmass/Content/Landscape/BlueprintBrushes/MF/LandmassBrush_UVs.uasset" 1031
"../../../Engine/Plugins/Experimental/Landmass/Content/Landscape/BlueprintBrushes/MF/LandmassBrush_UVs.uexp" 1032
"../../../Engine/Plugins/Experimental/Landmass/Content/Landscape/BlueprintBrushes/MF/LandmassBrush_EdgeFalloff.uasset" 1033
"../../../Engine/Plugins/Experimental/Landmass/Content/Landscape/BlueprintBrushes/MF/LandmassBrush_EdgeFalloff.uexp" 1034
"../../../Engine/Plugins/Experimental/Landmass/Content/Landscape/BlueprintBrushes/MF/LandmassBrush_Noise.uasset" 1035
"../../../Engine/Plugins/Experimental/Landmass/Content/Landscape/BlueprintBrushes/MF/LandmassBrush_Noise.uexp" 1036
"../../../Engine/Plugins/Experimental/Landmass/Content/Landscape/BlueprintBrushes/MF/Landmass_BrushTilt.uasset" 1037
"../../../Engine/Plugins/Experimental/Landmass/Content/Landscape/BlueprintBrushes/MF/Landmass_BrushTilt.uexp" 1038
"../../../Engine/Plugins/Experimental/Landmass/Content/Landscape/BlueprintBrushes/Materials/BrushMaterials/BasicFunctions/LandmassBrush_ShapeMask.uasset" 1039
"../../../Engine/Plugins/Experimental/Landmass/Content/Landscape/BlueprintBrushes/Materials/BrushMaterials/BasicFunctions/LandmassBrush_ShapeMask.uexp" 1040
"../../../Engine/Plugins/Experimental/Landmass/Content/Landscape/BlueprintBrushes/Materials/Internal/BrushBounds.uasset" 1041
"../../../Engine/Plugins/Experimental/Landmass/Content/Landscape/BlueprintBrushes/Materials/Internal/BrushBounds.uexp" 1042
"../../../Engine/Content/EditorResources/S_Terrain.ubulk" 1043
"../../../Engine/Content/EditorResources/S_Terrain.uasset" 1044
"../../../Engine/Content/EditorResources/S_Terrain.uexp" 1045
"../../../Engine/Content/Functions/Engine_MaterialFunctions02/WorldPositionOffset/ComponentPivotLocation.uasset" 1046
"../../../Engine/Content/Functions/Engine_MaterialFunctions02/WorldPositionOffset/ComponentPivotLocation.uexp" 1047
"../../../Engine/Content/Functions/Engine_MaterialFunctions02/WorldPositionOffset/Sprite.uasset" 1048
"../../../Engine/Content/Functions/Engine_MaterialFunctions02/WorldPositionOffset/Sprite.uexp" 1049
"../../../Engine/Plugins/Experimental/Landmass/Content/Landscape/BlueprintBrushes/Materials/Sprite/M_BrushSprite_01.uasset" 1050
"../../../Engine/Plugins/Experimental/Landmass/Content/Landscape/BlueprintBrushes/Materials/Sprite/M_BrushSprite_01.uexp" 1051
"C:/Users/cmckenna/Documents/Unreal Projects/RogueFirefight/Content/FirstPerson/_GENERATED/jlulgjura/Box_1FCD3DD0.ubulk" 1052
"C:/Users/cmckenna/Documents/Unreal Projects/RogueFirefight/Content/FirstPerson/_GENERATED/jlulgjura/Box_1FCD3DD0.uasset" 1053
"C:/Users/cmckenna/Documents/Unreal Projects/RogueFirefight/Content/FirstPerson/_GENERATED/jlulgjura/Box_1FCD3DD0.uexp" 1054
"C:/Users/cmckenna/Documents/Unreal Projects/RogueFirefight/Content/FirstPerson/_GENERATED/jlulgjura/Box_3487D9C8.ubulk" 1055
"C:/Users/cmckenna/Documents/Unreal Projects/RogueFirefight/Content/FirstPerson/_GENERATED/jlulgjura/Box_3487D9C8.uasset" 1056
"C:/Users/cmckenna/Documents/Unreal Projects/RogueFirefight/Content/FirstPerson/_GENERATED/jlulgjura/Box_3487D9C8.uexp" 1057
"C:/Users/cmckenna/Documents/Unreal Projects/RogueFirefight/Content/FirstPerson/_GENERATED/jlulgjura/Box_7FFCB3E2.ubulk" 1058
"C:/Users/cmckenna/Documents/Unreal Projects/RogueFirefight/Content/FirstPerson/_GENERATED/jlulgjura/Box_7FFCB3E2.uasset" 1059
"C:/Users/cmckenna/Documents/Unreal Projects/RogueFirefight/Content/FirstPerson/_GENERATED/jlulgjura/Box_7FFCB3E2.uexp" 1060
"C:/Users/cmckenna/Documents/Unreal Projects/RogueFirefight/Content/LevelPrototyping/Materials/MI_PrototypeGrid_Gray_02.uasset" 1061
"C:/Users/cmckenna/Documents/Unreal Projects/RogueFirefight/Content/LevelPrototyping/Materials/MI_PrototypeGrid_Gray_02.uexp" 1062
"C:/Users/cmckenna/Documents/Unreal Projects/RogueFirefight/Content/LevelPrototyping/Materials/MI_Prototype_Grid_Brown.uasset" 1063
"C:/Users/cmckenna/Documents/Unreal Projects/RogueFirefight/Content/LevelPrototyping/Materials/MI_Prototype_Grid_Brown.uexp" 1064
"C:/Users/cmckenna/Documents/Unreal Projects/RogueFirefight/Content/FirstPerson/_GENERATED/jlulgjura/Combined_4B0B7BBD.ubulk" 1065
"C:/Users/cmckenna/Documents/Unreal Projects/RogueFirefight/Content/FirstPerson/_GENERATED/jlulgjura/Combined_4B0B7BBD.uasset" 1066
"C:/Users/cmckenna/Documents/Unreal Projects/RogueFirefight/Content/FirstPerson/_GENERATED/jlulgjura/Combined_4B0B7BBD.uexp" 1067
"C:/Users/cmckenna/Documents/Unreal Projects/RogueFirefight/Content/FirstPerson/_GENERATED/jlulgjura/Combined_7AE3605F.ubulk" 1068
"C:/Users/cmckenna/Documents/Unreal Projects/RogueFirefight/Content/FirstPerson/_GENERATED/jlulgjura/Combined_7AE3605F.uasset" 1069
"C:/Users/cmckenna/Documents/Unreal Projects/RogueFirefight/Content/FirstPerson/_GENERATED/jlulgjura/Combined_7AE3605F.uexp" 1070
"C:/Users/cmckenna/Documents/Unreal Projects/RogueFirefight/Content/LevelPrototyping/Materials/M_PrototypeGrid_Crate.uasset" 1071
"C:/Users/cmckenna/Documents/Unreal Projects/RogueFirefight/Content/LevelPrototyping/Materials/M_PrototypeGrid_Crate.uexp" 1072
"C:/Users/cmckenna/Documents/Unreal Projects/RogueFirefight/Content/FirstPerson/_GENERATED/jlulgjura/Combined_E7D6284B.ubulk" 1073
"C:/Users/cmckenna/Documents/Unreal Projects/RogueFirefight/Content/FirstPerson/_GENERATED/jlulgjura/Combined_E7D6284B.uasset" 1074
"C:/Users/cmckenna/Documents/Unreal Projects/RogueFirefight/Content/FirstPerson/_GENERATED/jlulgjura/Combined_E7D6284B.uexp" 1075
"C:/Users/cmckenna/Documents/Unreal Projects/RogueFirefight/Content/FirstPerson/_GENERATED/jlulgjura/Cone_79EC413E.ubulk" 1076
"C:/Users/cmckenna/Documents/Unreal Projects/RogueFirefight/Content/FirstPerson/_GENERATED/jlulgjura/Cone_79EC413E.uasset" 1077
"C:/Users/cmckenna/Documents/Unreal Projects/RogueFirefight/Content/FirstPerson/_GENERATED/jlulgjura/Cone_79EC413E.uexp" 1078
"C:/Users/cmckenna/Documents/Unreal Projects/RogueFirefight/Content/FirstPerson/_GENERATED/jlulgjura/Cylinder_0720D660.ubulk" 1079
"C:/Users/cmckenna/Documents/Unreal Projects/RogueFirefight/Content/FirstPerson/_GENERATED/jlulgjura/Cylinder_0720D660.uasset" 1080
"C:/Users/cmckenna/Documents/Unreal Projects/RogueFirefight/Content/FirstPerson/_GENERATED/jlulgjura/Cylinder_0720D660.uexp" 1081
"C:/Users/cmckenna/Documents/Unreal Projects/RogueFirefight/Content/FirstPerson/_GENERATED/jlulgjura/Cylinder_83F22E2B.ubulk" 1082
"C:/Users/cmckenna/Documents/Unreal Projects/RogueFirefight/Content/FirstPerson/_GENERATED/jlulgjura/Cylinder_83F22E2B.uasset" 1083
"C:/Users/cmckenna/Documents/Unreal Projects/RogueFirefight/Content/FirstPerson/_GENERATED/jlulgjura/Cylinder_83F22E2B.uexp" 1084
"C:/Users/cmckenna/Documents/Unreal Projects/RogueFirefight/Content/FirstPerson/_GENERATED/jlulgjura/Cylinder_B086B6CF.ubulk" 1085
"C:/Users/cmckenna/Documents/Unreal Projects/RogueFirefight/Content/FirstPerson/_GENERATED/jlulgjura/Cylinder_B086B6CF.uasset" 1086
"C:/Users/cmckenna/Documents/Unreal Projects/RogueFirefight/Content/FirstPerson/_GENERATED/jlulgjura/Cylinder_B086B6CF.uexp" 1087
"C:/Users/cmckenna/Documents/Unreal Projects/RogueFirefight/Content/FirstPerson/_GENERATED/jlulgjura/Stairs_604FC80F.ubulk" 1088
"C:/Users/cmckenna/Documents/Unreal Projects/RogueFirefight/Content/FirstPerson/_GENERATED/jlulgjura/Stairs_604FC80F.uasset" 1089
"C:/Users/cmckenna/Documents/Unreal Projects/RogueFirefight/Content/FirstPerson/_GENERATED/jlulgjura/Stairs_604FC80F.uexp" 1090
"../../../Engine/Plugins/2D/Paper2D/Content/OpaqueUnlitSpriteMaterial.uasset" 1091
"../../../Engine/Plugins/2D/Paper2D/Content/OpaqueUnlitSpriteMaterial.uexp" 1092
"../../../Engine/Plugins/Animation/ControlRig/Content/M_Manip.uasset" 1093
"../../../Engine/Plugins/Animation/ControlRig/Content/M_Manip.uexp" 1094
"../../../Engine/Plugins/Media/MediaPlate/Content/SM_MediaPlateScreen.ubulk" 1095
"../../../Engine/Plugins/Media/MediaPlate/Content/SM_MediaPlateScreen.uasset" 1096
"../../../Engine/Plugins/Media/MediaPlate/Content/SM_MediaPlateScreen.uexp" 1097
"../../../Engine/Plugins/NNE/NNEDenoiser/Content/NNEDIM_ColorAlbedoNormal_Alpha.uasset" 1098
"../../../Engine/Plugins/NNE/NNEDenoiser/Content/NNEDIM_ColorAlbedoNormal_Alpha.uexp" 1099
"../../../Engine/Plugins/NNE/NNEDenoiser/Content/NNEDIM_ColorAlbedoNormal_Default.uasset" 1100
"../../../Engine/Plugins/NNE/NNEDenoiser/Content/NNEDIM_ColorAlbedoNormal_Default.uexp" 1101
"../../../Engine/Plugins/NNE/NNEDenoiser/Content/NNEDIM_HighQuality_Alpha.uasset" 1102
"../../../Engine/Plugins/NNE/NNEDenoiser/Content/NNEDIM_HighQuality_Alpha.uexp" 1103
"../../../Engine/Plugins/NNE/NNEDenoiser/Content/NNEDIM_HighQuality_Default.uasset" 1104
"../../../Engine/Plugins/NNE/NNEDenoiser/Content/NNEDIM_HighQuality_Default.uexp" 1105
"../../../Engine/Plugins/NNE/NNEDenoiser/Content/NNEDOM_Output_Alpha.uasset" 1106
"../../../Engine/Plugins/NNE/NNEDenoiser/Content/NNEDOM_Output_Alpha.uexp" 1107
"../../../Engine/Plugins/NNE/NNEDenoiser/Content/NNEDOM_Output_Default.uasset" 1108
"../../../Engine/Plugins/NNE/NNEDenoiser/Content/NNEDOM_Output_Default.uexp" 1109
"../../../Engine/Plugins/NNE/NNEDenoiser/Content/NNEDTIM_ColorAlbedoNormal_Alpha.uasset" 1110
"../../../Engine/Plugins/NNE/NNEDenoiser/Content/NNEDTIM_ColorAlbedoNormal_Alpha.uexp" 1111
"../../../Engine/Plugins/NNE/NNEDenoiser/Content/NNEDTIM_ColorAlbedoNormal_Default.uasset" 1112
"../../../Engine/Plugins/NNE/NNEDenoiser/Content/NNEDTIM_ColorAlbedoNormal_Default.uexp" 1113
"../../../Engine/Plugins/NNE/NNEDenoiser/Content/NNEDTOM_Output_Alpha.uasset" 1114
"../../../Engine/Plugins/NNE/NNEDenoiser/Content/NNEDTOM_Output_Alpha.uexp" 1115
"../../../Engine/Plugins/NNE/NNEDenoiser/Content/NNEDTOM_Output_Default.uasset" 1116
"../../../Engine/Plugins/NNE/NNEDenoiser/Content/NNEDTOM_Output_Default.uexp" 1117
"../../../Engine/Plugins/NNE/NNEDenoiser/Content/NNEDT_Oidn2-3_Balanced.uasset" 1118
"../../../Engine/Plugins/NNE/NNEDenoiser/Content/NNEDT_Oidn2-3_Balanced.uexp" 1119
"../../../Engine/Plugins/NNE/NNEDenoiser/Content/NNEDT_Oidn2-3_Balanced_Alpha.uasset" 1120
"../../../Engine/Plugins/NNE/NNEDenoiser/Content/NNEDT_Oidn2-3_Balanced_Alpha.uexp" 1121
"../../../Engine/Plugins/NNE/NNEDenoiser/Content/NNED_Oidn2-3_Balanced.uasset" 1122
"../../../Engine/Plugins/NNE/NNEDenoiser/Content/NNED_Oidn2-3_Balanced.uexp" 1123
"../../../Engine/Plugins/NNE/NNEDenoiser/Content/NNED_Oidn2-3_Balanced_Alpha.uasset" 1124
"../../../Engine/Plugins/NNE/NNEDenoiser/Content/NNED_Oidn2-3_Balanced_Alpha.uexp" 1125
"../../../Engine/Plugins/NNE/NNEDenoiser/Content/NNED_Oidn2-3_Fast.uasset" 1126
"../../../Engine/Plugins/NNE/NNEDenoiser/Content/NNED_Oidn2-3_Fast.uexp" 1127
"../../../Engine/Plugins/NNE/NNEDenoiser/Content/NNED_Oidn2-3_Fast_Alpha.uasset" 1128
"../../../Engine/Plugins/NNE/NNEDenoiser/Content/NNED_Oidn2-3_Fast_Alpha.uexp" 1129
"../../../Engine/Plugins/NNE/NNEDenoiser/Content/NNED_Oidn2-3_HighQuality.uasset" 1130
"../../../Engine/Plugins/NNE/NNEDenoiser/Content/NNED_Oidn2-3_HighQuality.uexp" 1131
"../../../Engine/Plugins/NNE/NNEDenoiser/Content/NNED_Oidn2-3_HighQuality_Alpha.uasset" 1132
"../../../Engine/Plugins/NNE/NNEDenoiser/Content/NNED_Oidn2-3_HighQuality_Alpha.uexp" 1133
"../../../Engine/Plugins/NNE/NNEDenoiser/Content/NNE_oidn2-3-0_rt_hdr_alb_nrm_small__dyn__fp16_opset11_DenoiseAlpha.uasset" 1134
"../../../Engine/Plugins/NNE/NNEDenoiser/Content/NNE_oidn2-3-0_rt_hdr_alb_nrm_small__dyn__fp16_opset11_DenoiseAlpha.uexp" 1135
"../../../Engine/Plugins/NNE/NNEDenoiser/Content/NNE_oidn2-3-0_rt_hdr_alb_nrm_small__dyn__fp16_opset11_ForwardAlpha.uasset" 1136
"../../../Engine/Plugins/NNE/NNEDenoiser/Content/NNE_oidn2-3-0_rt_hdr_alb_nrm_small__dyn__fp16_opset11_ForwardAlpha.uexp" 1137
"../../../Engine/Plugins/NNE/NNEDenoiser/Content/NNE_oidn2-3-0_rt_hdr_alb_nrm__dyn__fp16_opset11_DenoiseAlpha.uasset" 1138
"../../../Engine/Plugins/NNE/NNEDenoiser/Content/NNE_oidn2-3-0_rt_hdr_alb_nrm__dyn__fp16_opset11_DenoiseAlpha.uexp" 1139
"../../../Engine/Plugins/NNE/NNEDenoiser/Content/NNE_oidn2-3-0_rt_hdr_alb_nrm__dyn__fp16_opset11_ForwardAlpha.uasset" 1140
"../../../Engine/Plugins/NNE/NNEDenoiser/Content/NNE_oidn2-3-0_rt_hdr_alb_nrm__dyn__fp16_opset11_ForwardAlpha.uexp" 1141
"../../../Engine/Plugins/NNE/NNEDenoiser/Content/NNE_oidn2-3-0_rt_hdr_calb_cnrm_large__dyn__fp16_opset11_DenoiseAlpha.uasset" 1142
"../../../Engine/Plugins/NNE/NNEDenoiser/Content/NNE_oidn2-3-0_rt_hdr_calb_cnrm_large__dyn__fp16_opset11_DenoiseAlpha.uexp" 1143
"../../../Engine/Plugins/NNE/NNEDenoiser/Content/NNE_oidn2-3-0_rt_hdr_calb_cnrm_large__dyn__fp16_opset11_ForwardAlpha.uasset" 1144
"../../../Engine/Plugins/NNE/NNEDenoiser/Content/NNE_oidn2-3-0_rt_hdr_calb_cnrm_large__dyn__fp16_opset11_ForwardAlpha.uexp" 1145
"C:/Users/cmckenna/Documents/Unreal Projects/RogueFirefight/Content/SM_BasicTree.ubulk" 1146
"C:/Users/cmckenna/Documents/Unreal Projects/RogueFirefight/Content/SM_BasicTree.uasset" 1147
"C:/Users/cmckenna/Documents/Unreal Projects/RogueFirefight/Content/SM_BasicTree.uexp" 1148
"C:/Users/cmckenna/Documents/Unreal Projects/RogueFirefight/Content/SM_Fence.ubulk" 1149
"C:/Users/cmckenna/Documents/Unreal Projects/RogueFirefight/Content/SM_Fence.uasset" 1150
"C:/Users/cmckenna/Documents/Unreal Projects/RogueFirefight/Content/SM_Fence.uexp" 1151
"C:/Users/cmckenna/Documents/Unreal Projects/RogueFirefight/Content/SM_Table.ubulk" 1152
"C:/Users/cmckenna/Documents/Unreal Projects/RogueFirefight/Content/SM_Table.uasset" 1153
"C:/Users/cmckenna/Documents/Unreal Projects/RogueFirefight/Content/SM_Table.uexp" 1154
"../../../Engine/Content/BasicShapes/BasicShapeMaterial.uasset" 1155
"../../../Engine/Content/BasicShapes/BasicShapeMaterial.uexp" 1156
"../../../Engine/Content/BasicShapes/Cone.ubulk" 1157
"../../../Engine/Content/BasicShapes/Cone.uasset" 1158
"../../../Engine/Content/BasicShapes/Cone.uexp" 1159
"../../../Engine/Content/BasicShapes/Cylinder.ubulk" 1160
"../../../Engine/Content/BasicShapes/Cylinder.uasset" 1161
"../../../Engine/Content/BasicShapes/Cylinder.uexp" 1162
"../../../Engine/Content/EditorBlueprintResources/StandardMacros.uasset" 1163
"../../../Engine/Content/EditorBlueprintResources/StandardMacros.uexp" 1164
"C:/Users/cmckenna/Documents/Unreal Projects/RogueFirefight/Content/Modern_Insurgent_7/Mesh/PA_Insurgent_PhysicsAsset.uasset" 1165
"C:/Users/cmckenna/Documents/Unreal Projects/RogueFirefight/Content/Modern_Insurgent_7/Mesh/PA_Insurgent_PhysicsAsset.uexp" 1166
"C:/Users/cmckenna/Documents/Unreal Projects/RogueFirefight/Content/Modern_Insurgent_7/Mesh/SKM_Insurgent_Skeleton.uasset" 1167
"C:/Users/cmckenna/Documents/Unreal Projects/RogueFirefight/Content/Modern_Insurgent_7/Mesh/SKM_Insurgent_Skeleton.uexp" 1168
"C:/Users/cmckenna/Documents/Unreal Projects/RogueFirefight/Content/Modern_Insurgent_7/Textures/BodySkin_Textures/T_Body_AO_MT_R.ubulk" 1169
"C:/Users/cmckenna/Documents/Unreal Projects/RogueFirefight/Content/Modern_Insurgent_7/Textures/BodySkin_Textures/T_Body_AO_MT_R.uasset" 1170
"C:/Users/cmckenna/Documents/Unreal Projects/RogueFirefight/Content/Modern_Insurgent_7/Textures/BodySkin_Textures/T_Body_AO_MT_R.uexp" 1171
"C:/Users/cmckenna/Documents/Unreal Projects/RogueFirefight/Content/Modern_Insurgent_7/Textures/BodySkin_Textures/T_Body_BC.ubulk" 1172
"C:/Users/cmckenna/Documents/Unreal Projects/RogueFirefight/Content/Modern_Insurgent_7/Textures/BodySkin_Textures/T_Body_BC.uasset" 1173
"C:/Users/cmckenna/Documents/Unreal Projects/RogueFirefight/Content/Modern_Insurgent_7/Textures/BodySkin_Textures/T_Body_BC.uexp" 1174
"C:/Users/cmckenna/Documents/Unreal Projects/RogueFirefight/Content/Modern_Insurgent_7/Textures/BodySkin_Textures/T_Body_N.ubulk" 1175
"C:/Users/cmckenna/Documents/Unreal Projects/RogueFirefight/Content/Modern_Insurgent_7/Textures/BodySkin_Textures/T_Body_N.uasset" 1176
"C:/Users/cmckenna/Documents/Unreal Projects/RogueFirefight/Content/Modern_Insurgent_7/Textures/BodySkin_Textures/T_Body_N.uexp" 1177
"C:/Users/cmckenna/Documents/Unreal Projects/RogueFirefight/Content/Modern_Insurgent_7/Materials/Body_Materials/M_Body_Source.uasset" 1178
"C:/Users/cmckenna/Documents/Unreal Projects/RogueFirefight/Content/Modern_Insurgent_7/Materials/Body_Materials/M_Body_Source.uexp" 1179
"C:/Users/cmckenna/Documents/Unreal Projects/RogueFirefight/Content/Modern_Insurgent_7/Textures/BodySkin_Textures/T_eye_AO_MT_R.ubulk" 1180
"C:/Users/cmckenna/Documents/Unreal Projects/RogueFirefight/Content/Modern_Insurgent_7/Textures/BodySkin_Textures/T_eye_AO_MT_R.uasset" 1181
"C:/Users/cmckenna/Documents/Unreal Projects/RogueFirefight/Content/Modern_Insurgent_7/Textures/BodySkin_Textures/T_eye_AO_MT_R.uexp" 1182
"C:/Users/cmckenna/Documents/Unreal Projects/RogueFirefight/Content/Modern_Insurgent_7/Textures/BodySkin_Textures/T_eye_BC.ubulk" 1183
"C:/Users/cmckenna/Documents/Unreal Projects/RogueFirefight/Content/Modern_Insurgent_7/Textures/BodySkin_Textures/T_eye_BC.uasset" 1184
"C:/Users/cmckenna/Documents/Unreal Projects/RogueFirefight/Content/Modern_Insurgent_7/Textures/BodySkin_Textures/T_eye_BC.uexp" 1185
"C:/Users/cmckenna/Documents/Unreal Projects/RogueFirefight/Content/Modern_Insurgent_7/Textures/BodySkin_Textures/T_eye_N.ubulk" 1186
"C:/Users/cmckenna/Documents/Unreal Projects/RogueFirefight/Content/Modern_Insurgent_7/Textures/BodySkin_Textures/T_eye_N.uasset" 1187
"C:/Users/cmckenna/Documents/Unreal Projects/RogueFirefight/Content/Modern_Insurgent_7/Textures/BodySkin_Textures/T_eye_N.uexp" 1188
"C:/Users/cmckenna/Documents/Unreal Projects/RogueFirefight/Content/Modern_Insurgent_7/Materials/Body_Materials/M_Eye_Source.uasset" 1189
"C:/Users/cmckenna/Documents/Unreal Projects/RogueFirefight/Content/Modern_Insurgent_7/Materials/Body_Materials/M_Eye_Source.uexp" 1190
"C:/Users/cmckenna/Documents/Unreal Projects/RogueFirefight/Content/Modern_Insurgent_7/Textures/BodySkin_Textures/T_face_AO_MT_R.ubulk" 1191
"C:/Users/cmckenna/Documents/Unreal Projects/RogueFirefight/Content/Modern_Insurgent_7/Textures/BodySkin_Textures/T_face_AO_MT_R.uasset" 1192
"C:/Users/cmckenna/Documents/Unreal Projects/RogueFirefight/Content/Modern_Insurgent_7/Textures/BodySkin_Textures/T_face_AO_MT_R.uexp" 1193
"C:/Users/cmckenna/Documents/Unreal Projects/RogueFirefight/Content/Modern_Insurgent_7/Textures/BodySkin_Textures/T_face_BC.ubulk" 1194
"C:/Users/cmckenna/Documents/Unreal Projects/RogueFirefight/Content/Modern_Insurgent_7/Textures/BodySkin_Textures/T_face_BC.uasset" 1195
"C:/Users/cmckenna/Documents/Unreal Projects/RogueFirefight/Content/Modern_Insurgent_7/Textures/BodySkin_Textures/T_face_BC.uexp" 1196
"C:/Users/cmckenna/Documents/Unreal Projects/RogueFirefight/Content/Modern_Insurgent_7/Textures/BodySkin_Textures/T_face_N.ubulk" 1197
"C:/Users/cmckenna/Documents/Unreal Projects/RogueFirefight/Content/Modern_Insurgent_7/Textures/BodySkin_Textures/T_face_N.uasset" 1198
"C:/Users/cmckenna/Documents/Unreal Projects/RogueFirefight/Content/Modern_Insurgent_7/Textures/BodySkin_Textures/T_face_N.uexp" 1199
"C:/Users/cmckenna/Documents/Unreal Projects/RogueFirefight/Content/Modern_Insurgent_7/Materials/Body_Materials/M_Face_Source.uasset" 1200
"C:/Users/cmckenna/Documents/Unreal Projects/RogueFirefight/Content/Modern_Insurgent_7/Materials/Body_Materials/M_Face_Source.uexp" 1201
"C:/Users/cmckenna/Documents/Unreal Projects/RogueFirefight/Content/Modern_Insurgent_7/Textures/SmallArmor_Textures/T_ArmorSmall_AO_MT_R.ubulk" 1202
"C:/Users/cmckenna/Documents/Unreal Projects/RogueFirefight/Content/Modern_Insurgent_7/Textures/SmallArmor_Textures/T_ArmorSmall_AO_MT_R.uasset" 1203
"C:/Users/cmckenna/Documents/Unreal Projects/RogueFirefight/Content/Modern_Insurgent_7/Textures/SmallArmor_Textures/T_ArmorSmall_AO_MT_R.uexp" 1204
"C:/Users/cmckenna/Documents/Unreal Projects/RogueFirefight/Content/Modern_Insurgent_7/Textures/SmallArmor_Textures/T_ArmorSmall_N.ubulk" 1205
"C:/Users/cmckenna/Documents/Unreal Projects/RogueFirefight/Content/Modern_Insurgent_7/Textures/SmallArmor_Textures/T_ArmorSmall_N.uasset" 1206
"C:/Users/cmckenna/Documents/Unreal Projects/RogueFirefight/Content/Modern_Insurgent_7/Textures/SmallArmor_Textures/T_ArmorSmall_N.uexp" 1207
"C:/Users/cmckenna/Documents/Unreal Projects/RogueFirefight/Content/Modern_Insurgent_7/Textures/SmallArmor_Textures/T_ArmorSmall_BC.ubulk" 1208
"C:/Users/cmckenna/Documents/Unreal Projects/RogueFirefight/Content/Modern_Insurgent_7/Textures/SmallArmor_Textures/T_ArmorSmall_BC.uasset" 1209
"C:/Users/cmckenna/Documents/Unreal Projects/RogueFirefight/Content/Modern_Insurgent_7/Textures/SmallArmor_Textures/T_ArmorSmall_BC.uexp" 1210
"C:/Users/cmckenna/Documents/Unreal Projects/RogueFirefight/Content/Modern_Insurgent_7/Materials/ArmorSmall_Materials/M_ArmorSmall_Source.uasset" 1211
"C:/Users/cmckenna/Documents/Unreal Projects/RogueFirefight/Content/Modern_Insurgent_7/Materials/ArmorSmall_Materials/M_ArmorSmall_Source.uexp" 1212
"C:/Users/cmckenna/Documents/Unreal Projects/RogueFirefight/Content/Modern_Insurgent_7/Textures/SmallArmor_Textures/T_ArmorSmall_Tan_BC.ubulk" 1213
"C:/Users/cmckenna/Documents/Unreal Projects/RogueFirefight/Content/Modern_Insurgent_7/Textures/SmallArmor_Textures/T_ArmorSmall_Tan_BC.uasset" 1214
"C:/Users/cmckenna/Documents/Unreal Projects/RogueFirefight/Content/Modern_Insurgent_7/Textures/SmallArmor_Textures/T_ArmorSmall_Tan_BC.uexp" 1215
"C:/Users/cmckenna/Documents/Unreal Projects/RogueFirefight/Content/Modern_Insurgent_7/Materials/ArmorSmall_Materials/MI_ArmorSmall_Tan.uasset" 1216
"C:/Users/cmckenna/Documents/Unreal Projects/RogueFirefight/Content/Modern_Insurgent_7/Materials/ArmorSmall_Materials/MI_ArmorSmall_Tan.uexp" 1217
"C:/Users/cmckenna/Documents/Unreal Projects/RogueFirefight/Content/Modern_Insurgent_7/Textures/BalaclavaClose_Textures/T_BalaclavaClose_AO_MT_R.ubulk" 1218
"C:/Users/cmckenna/Documents/Unreal Projects/RogueFirefight/Content/Modern_Insurgent_7/Textures/BalaclavaClose_Textures/T_BalaclavaClose_AO_MT_R.uasset" 1219
"C:/Users/cmckenna/Documents/Unreal Projects/RogueFirefight/Content/Modern_Insurgent_7/Textures/BalaclavaClose_Textures/T_BalaclavaClose_AO_MT_R.uexp" 1220
"C:/Users/cmckenna/Documents/Unreal Projects/RogueFirefight/Content/Modern_Insurgent_7/Textures/BalaclavaClose_Textures/T_BalaclavaClose_N.ubulk" 1221
"C:/Users/cmckenna/Documents/Unreal Projects/RogueFirefight/Content/Modern_Insurgent_7/Textures/BalaclavaClose_Textures/T_BalaclavaClose_N.uasset" 1222
"C:/Users/cmckenna/Documents/Unreal Projects/RogueFirefight/Content/Modern_Insurgent_7/Textures/BalaclavaClose_Textures/T_BalaclavaClose_N.uexp" 1223
"C:/Users/cmckenna/Documents/Unreal Projects/RogueFirefight/Content/Modern_Insurgent_7/Textures/BalaclavaClose_Textures/T_BalaclavaClose_BC.ubulk" 1224
"C:/Users/cmckenna/Documents/Unreal Projects/RogueFirefight/Content/Modern_Insurgent_7/Textures/BalaclavaClose_Textures/T_BalaclavaClose_BC.uasset" 1225
"C:/Users/cmckenna/Documents/Unreal Projects/RogueFirefight/Content/Modern_Insurgent_7/Textures/BalaclavaClose_Textures/T_BalaclavaClose_BC.uexp" 1226
"C:/Users/cmckenna/Documents/Unreal Projects/RogueFirefight/Content/Modern_Insurgent_7/Materials/BalaclavaClose_Materials/M_BalaclavaClose_Source.uasset" 1227
"C:/Users/cmckenna/Documents/Unreal Projects/RogueFirefight/Content/Modern_Insurgent_7/Materials/BalaclavaClose_Materials/M_BalaclavaClose_Source.uexp" 1228
"C:/Users/cmckenna/Documents/Unreal Projects/RogueFirefight/Content/Modern_Insurgent_7/Textures/Beret_Textures/T_Beret_AO_MT_R.ubulk" 1229
"C:/Users/cmckenna/Documents/Unreal Projects/RogueFirefight/Content/Modern_Insurgent_7/Textures/Beret_Textures/T_Beret_AO_MT_R.uasset" 1230
"C:/Users/cmckenna/Documents/Unreal Projects/RogueFirefight/Content/Modern_Insurgent_7/Textures/Beret_Textures/T_Beret_AO_MT_R.uexp" 1231
"C:/Users/cmckenna/Documents/Unreal Projects/RogueFirefight/Content/Modern_Insurgent_7/Textures/Beret_Textures/T_Beret_N.ubulk" 1232
"C:/Users/cmckenna/Documents/Unreal Projects/RogueFirefight/Content/Modern_Insurgent_7/Textures/Beret_Textures/T_Beret_N.uasset" 1233
"C:/Users/cmckenna/Documents/Unreal Projects/RogueFirefight/Content/Modern_Insurgent_7/Textures/Beret_Textures/T_Beret_N.uexp" 1234
"C:/Users/cmckenna/Documents/Unreal Projects/RogueFirefight/Content/Modern_Insurgent_7/Textures/Beret_Textures/T_Beret_BC.ubulk" 1235
"C:/Users/cmckenna/Documents/Unreal Projects/RogueFirefight/Content/Modern_Insurgent_7/Textures/Beret_Textures/T_Beret_BC.uasset" 1236
"C:/Users/cmckenna/Documents/Unreal Projects/RogueFirefight/Content/Modern_Insurgent_7/Textures/Beret_Textures/T_Beret_BC.uexp" 1237
"C:/Users/cmckenna/Documents/Unreal Projects/RogueFirefight/Content/Modern_Insurgent_7/Materials/Beret_Materials/M_Beret_Source.uasset" 1238
"C:/Users/cmckenna/Documents/Unreal Projects/RogueFirefight/Content/Modern_Insurgent_7/Materials/Beret_Materials/M_Beret_Source.uexp" 1239
"C:/Users/cmckenna/Documents/Unreal Projects/RogueFirefight/Content/Modern_Insurgent_7/Textures/PantsMilitary_Textures/T_PantsMilitary_AO_MT_R.ubulk" 1240
"C:/Users/cmckenna/Documents/Unreal Projects/RogueFirefight/Content/Modern_Insurgent_7/Textures/PantsMilitary_Textures/T_PantsMilitary_AO_MT_R.uasset" 1241
"C:/Users/cmckenna/Documents/Unreal Projects/RogueFirefight/Content/Modern_Insurgent_7/Textures/PantsMilitary_Textures/T_PantsMilitary_AO_MT_R.uexp" 1242
"C:/Users/cmckenna/Documents/Unreal Projects/RogueFirefight/Content/Modern_Insurgent_7/Textures/PantsMilitary_Textures/T_PantsMilitary_N.ubulk" 1243
"C:/Users/cmckenna/Documents/Unreal Projects/RogueFirefight/Content/Modern_Insurgent_7/Textures/PantsMilitary_Textures/T_PantsMilitary_N.uasset" 1244
"C:/Users/cmckenna/Documents/Unreal Projects/RogueFirefight/Content/Modern_Insurgent_7/Textures/PantsMilitary_Textures/T_PantsMilitary_N.uexp" 1245
"C:/Users/cmckenna/Documents/Unreal Projects/RogueFirefight/Content/Modern_Insurgent_7/Textures/PantsMilitary_Textures/T_PantsMilitary_BC.ubulk" 1246
"C:/Users/cmckenna/Documents/Unreal Projects/RogueFirefight/Content/Modern_Insurgent_7/Textures/PantsMilitary_Textures/T_PantsMilitary_BC.uasset" 1247
"C:/Users/cmckenna/Documents/Unreal Projects/RogueFirefight/Content/Modern_Insurgent_7/Textures/PantsMilitary_Textures/T_PantsMilitary_BC.uexp" 1248
"C:/Users/cmckenna/Documents/Unreal Projects/RogueFirefight/Content/Modern_Insurgent_7/Materials/PantsMilitary_Materials/M_PantsMilitary_Source.uasset" 1249
"C:/Users/cmckenna/Documents/Unreal Projects/RogueFirefight/Content/Modern_Insurgent_7/Materials/PantsMilitary_Materials/M_PantsMilitary_Source.uexp" 1250
"C:/Users/cmckenna/Documents/Unreal Projects/RogueFirefight/Content/Modern_Insurgent_7/Textures/PantsMilitary_Textures/T_PantsMilitary_Camo6_BC.ubulk" 1251
"C:/Users/cmckenna/Documents/Unreal Projects/RogueFirefight/Content/Modern_Insurgent_7/Textures/PantsMilitary_Textures/T_PantsMilitary_Camo6_BC.uasset" 1252
"C:/Users/cmckenna/Documents/Unreal Projects/RogueFirefight/Content/Modern_Insurgent_7/Textures/PantsMilitary_Textures/T_PantsMilitary_Camo6_BC.uexp" 1253
"C:/Users/cmckenna/Documents/Unreal Projects/RogueFirefight/Content/Modern_Insurgent_7/Materials/PantsMilitary_Materials/MI_PantsMilitary_Camo6.uasset" 1254
"C:/Users/cmckenna/Documents/Unreal Projects/RogueFirefight/Content/Modern_Insurgent_7/Materials/PantsMilitary_Materials/MI_PantsMilitary_Camo6.uexp" 1255
"C:/Users/cmckenna/Documents/Unreal Projects/RogueFirefight/Content/Modern_Insurgent_7/Textures/Holster_Textures/T_Holster_AO_MT_R.ubulk" 1256
"C:/Users/cmckenna/Documents/Unreal Projects/RogueFirefight/Content/Modern_Insurgent_7/Textures/Holster_Textures/T_Holster_AO_MT_R.uasset" 1257
"C:/Users/cmckenna/Documents/Unreal Projects/RogueFirefight/Content/Modern_Insurgent_7/Textures/Holster_Textures/T_Holster_AO_MT_R.uexp" 1258
"C:/Users/cmckenna/Documents/Unreal Projects/RogueFirefight/Content/Modern_Insurgent_7/Textures/Holster_Textures/T_Holster_BC.ubulk" 1259
"C:/Users/cmckenna/Documents/Unreal Projects/RogueFirefight/Content/Modern_Insurgent_7/Textures/Holster_Textures/T_Holster_BC.uasset" 1260
"C:/Users/cmckenna/Documents/Unreal Projects/RogueFirefight/Content/Modern_Insurgent_7/Textures/Holster_Textures/T_Holster_BC.uexp" 1261
"C:/Users/cmckenna/Documents/Unreal Projects/RogueFirefight/Content/Modern_Insurgent_7/Textures/Holster_Textures/T_Holster_N.ubulk" 1262
"C:/Users/cmckenna/Documents/Unreal Projects/RogueFirefight/Content/Modern_Insurgent_7/Textures/Holster_Textures/T_Holster_N.uasset" 1263
"C:/Users/cmckenna/Documents/Unreal Projects/RogueFirefight/Content/Modern_Insurgent_7/Textures/Holster_Textures/T_Holster_N.uexp" 1264
"C:/Users/cmckenna/Documents/Unreal Projects/RogueFirefight/Content/Modern_Insurgent_7/Materials/PouchesEquipment_Materials/Holster_Materials/M_Holster_Source.uasset" 1265
"C:/Users/cmckenna/Documents/Unreal Projects/RogueFirefight/Content/Modern_Insurgent_7/Materials/PouchesEquipment_Materials/Holster_Materials/M_Holster_Source.uexp" 1266
"C:/Users/cmckenna/Documents/Unreal Projects/RogueFirefight/Content/Modern_Insurgent_7/Textures/PistolMod_Textures/T_PistolMod_AO_MT_R.ubulk" 1267
"C:/Users/cmckenna/Documents/Unreal Projects/RogueFirefight/Content/Modern_Insurgent_7/Textures/PistolMod_Textures/T_PistolMod_AO_MT_R.uasset" 1268
"C:/Users/cmckenna/Documents/Unreal Projects/RogueFirefight/Content/Modern_Insurgent_7/Textures/PistolMod_Textures/T_PistolMod_AO_MT_R.uexp" 1269
"C:/Users/cmckenna/Documents/Unreal Projects/RogueFirefight/Content/Modern_Insurgent_7/Textures/PistolMod_Textures/T_PistolMod_BC.ubulk" 1270
"C:/Users/cmckenna/Documents/Unreal Projects/RogueFirefight/Content/Modern_Insurgent_7/Textures/PistolMod_Textures/T_PistolMod_BC.uasset" 1271
"C:/Users/cmckenna/Documents/Unreal Projects/RogueFirefight/Content/Modern_Insurgent_7/Textures/PistolMod_Textures/T_PistolMod_BC.uexp" 1272
"C:/Users/cmckenna/Documents/Unreal Projects/RogueFirefight/Content/Modern_Insurgent_7/Textures/PistolMod_Textures/T_PistolMod_N.ubulk" 1273
"C:/Users/cmckenna/Documents/Unreal Projects/RogueFirefight/Content/Modern_Insurgent_7/Textures/PistolMod_Textures/T_PistolMod_N.uasset" 1274
"C:/Users/cmckenna/Documents/Unreal Projects/RogueFirefight/Content/Modern_Insurgent_7/Textures/PistolMod_Textures/T_PistolMod_N.uexp" 1275
"C:/Users/cmckenna/Documents/Unreal Projects/RogueFirefight/Content/Modern_Insurgent_7/Materials/PouchesEquipment_Materials/Holster_Materials/M_PistolMod_Source.uasset" 1276
"C:/Users/cmckenna/Documents/Unreal Projects/RogueFirefight/Content/Modern_Insurgent_7/Materials/PouchesEquipment_Materials/Holster_Materials/M_PistolMod_Source.uexp" 1277
"C:/Users/cmckenna/Documents/Unreal Projects/RogueFirefight/Content/Modern_Insurgent_7/Textures/Shoes_Textures/T_Shoes_AO_MT_R.ubulk" 1278
"C:/Users/cmckenna/Documents/Unreal Projects/RogueFirefight/Content/Modern_Insurgent_7/Textures/Shoes_Textures/T_Shoes_AO_MT_R.uasset" 1279
"C:/Users/cmckenna/Documents/Unreal Projects/RogueFirefight/Content/Modern_Insurgent_7/Textures/Shoes_Textures/T_Shoes_AO_MT_R.uexp" 1280
"C:/Users/cmckenna/Documents/Unreal Projects/RogueFirefight/Content/Modern_Insurgent_7/Textures/Shoes_Textures/T_Shoes_N.ubulk" 1281
"C:/Users/cmckenna/Documents/Unreal Projects/RogueFirefight/Content/Modern_Insurgent_7/Textures/Shoes_Textures/T_Shoes_N.uasset" 1282
"C:/Users/cmckenna/Documents/Unreal Projects/RogueFirefight/Content/Modern_Insurgent_7/Textures/Shoes_Textures/T_Shoes_N.uexp" 1283
"C:/Users/cmckenna/Documents/Unreal Projects/RogueFirefight/Content/Modern_Insurgent_7/Textures/Shoes_Textures/T_Shoes_Tan_BC.ubulk" 1284
"C:/Users/cmckenna/Documents/Unreal Projects/RogueFirefight/Content/Modern_Insurgent_7/Textures/Shoes_Textures/T_Shoes_Tan_BC.uasset" 1285
"C:/Users/cmckenna/Documents/Unreal Projects/RogueFirefight/Content/Modern_Insurgent_7/Textures/Shoes_Textures/T_Shoes_Tan_BC.uexp" 1286
"C:/Users/cmckenna/Documents/Unreal Projects/RogueFirefight/Content/Modern_Insurgent_7/Materials/Shoe_Materials/M_Shoes_Source.uasset" 1287
"C:/Users/cmckenna/Documents/Unreal Projects/RogueFirefight/Content/Modern_Insurgent_7/Materials/Shoe_Materials/M_Shoes_Source.uexp" 1288
"C:/Users/cmckenna/Documents/Unreal Projects/RogueFirefight/Content/Modern_Insurgent_7/Textures/Shoes_Textures/T_Shoes_Green_BC.ubulk" 1289
"C:/Users/cmckenna/Documents/Unreal Projects/RogueFirefight/Content/Modern_Insurgent_7/Textures/Shoes_Textures/T_Shoes_Green_BC.uasset" 1290
"C:/Users/cmckenna/Documents/Unreal Projects/RogueFirefight/Content/Modern_Insurgent_7/Textures/Shoes_Textures/T_Shoes_Green_BC.uexp" 1291
"C:/Users/cmckenna/Documents/Unreal Projects/RogueFirefight/Content/Modern_Insurgent_7/Materials/Shoe_Materials/MI_Shoes_Green.uasset" 1292
"C:/Users/cmckenna/Documents/Unreal Projects/RogueFirefight/Content/Modern_Insurgent_7/Materials/Shoe_Materials/MI_Shoes_Green.uexp" 1293
"C:/Users/cmckenna/Documents/Unreal Projects/RogueFirefight/Content/Modern_Insurgent_7/Textures/Sweater_Textures/T_Sweater_AO_MT_R.ubulk" 1294
"C:/Users/cmckenna/Documents/Unreal Projects/RogueFirefight/Content/Modern_Insurgent_7/Textures/Sweater_Textures/T_Sweater_AO_MT_R.uasset" 1295
"C:/Users/cmckenna/Documents/Unreal Projects/RogueFirefight/Content/Modern_Insurgent_7/Textures/Sweater_Textures/T_Sweater_AO_MT_R.uexp" 1296
"C:/Users/cmckenna/Documents/Unreal Projects/RogueFirefight/Content/Modern_Insurgent_7/Textures/Sweater_Textures/T_Sweater_N.ubulk" 1297
"C:/Users/cmckenna/Documents/Unreal Projects/RogueFirefight/Content/Modern_Insurgent_7/Textures/Sweater_Textures/T_Sweater_N.uasset" 1298
"C:/Users/cmckenna/Documents/Unreal Projects/RogueFirefight/Content/Modern_Insurgent_7/Textures/Sweater_Textures/T_Sweater_N.uexp" 1299
"C:/Users/cmckenna/Documents/Unreal Projects/RogueFirefight/Content/Modern_Insurgent_7/Textures/Sweater_Textures/T_Sweater_Green_BC.ubulk" 1300
"C:/Users/cmckenna/Documents/Unreal Projects/RogueFirefight/Content/Modern_Insurgent_7/Textures/Sweater_Textures/T_Sweater_Green_BC.uasset" 1301
"C:/Users/cmckenna/Documents/Unreal Projects/RogueFirefight/Content/Modern_Insurgent_7/Textures/Sweater_Textures/T_Sweater_Green_BC.uexp" 1302
"C:/Users/cmckenna/Documents/Unreal Projects/RogueFirefight/Content/Modern_Insurgent_7/Materials/Sweater_Materials/M_Sweater_Source.uasset" 1303
"C:/Users/cmckenna/Documents/Unreal Projects/RogueFirefight/Content/Modern_Insurgent_7/Materials/Sweater_Materials/M_Sweater_Source.uexp" 1304
"C:/Users/cmckenna/Documents/Unreal Projects/RogueFirefight/Content/Modern_Insurgent_7/Mesh/SK_Insurgent_P7.uasset" 1305
"C:/Users/cmckenna/Documents/Unreal Projects/RogueFirefight/Content/Modern_Insurgent_7/Mesh/SK_Insurgent_P7.uexp" 1306
"C:/Users/cmckenna/Documents/Unreal Projects/RogueFirefight/Content/MP5/Materials/Textures/T_MP5_Diffuse.ubulk" 1307
"C:/Users/cmckenna/Documents/Unreal Projects/RogueFirefight/Content/MP5/Materials/Textures/T_MP5_Diffuse.uasset" 1308
"C:/Users/cmckenna/Documents/Unreal Projects/RogueFirefight/Content/MP5/Materials/Textures/T_MP5_Diffuse.uexp" 1309
"C:/Users/cmckenna/Documents/Unreal Projects/RogueFirefight/Content/MP5/Materials/Textures/T_MP5_Metallic.ubulk" 1310
"C:/Users/cmckenna/Documents/Unreal Projects/RogueFirefight/Content/MP5/Materials/Textures/T_MP5_Metallic.uasset" 1311
"C:/Users/cmckenna/Documents/Unreal Projects/RogueFirefight/Content/MP5/Materials/Textures/T_MP5_Metallic.uexp" 1312
"C:/Users/cmckenna/Documents/Unreal Projects/RogueFirefight/Content/MP5/Materials/Textures/T_MP5_Normal.ubulk" 1313
"C:/Users/cmckenna/Documents/Unreal Projects/RogueFirefight/Content/MP5/Materials/Textures/T_MP5_Normal.uasset" 1314
"C:/Users/cmckenna/Documents/Unreal Projects/RogueFirefight/Content/MP5/Materials/Textures/T_MP5_Normal.uexp" 1315
"C:/Users/cmckenna/Documents/Unreal Projects/RogueFirefight/Content/MP5/Materials/Textures/T_MP5_Roughness.ubulk" 1316
"C:/Users/cmckenna/Documents/Unreal Projects/RogueFirefight/Content/MP5/Materials/Textures/T_MP5_Roughness.uasset" 1317
"C:/Users/cmckenna/Documents/Unreal Projects/RogueFirefight/Content/MP5/Materials/Textures/T_MP5_Roughness.uexp" 1318
"C:/Users/cmckenna/Documents/Unreal Projects/RogueFirefight/Content/MP5/Materials/Textures/T_MP5_Spec.ubulk" 1319
"C:/Users/cmckenna/Documents/Unreal Projects/RogueFirefight/Content/MP5/Materials/Textures/T_MP5_Spec.uasset" 1320
"C:/Users/cmckenna/Documents/Unreal Projects/RogueFirefight/Content/MP5/Materials/Textures/T_MP5_Spec.uexp" 1321
"C:/Users/cmckenna/Documents/Unreal Projects/RogueFirefight/Content/MP5/Materials/M_MP5.uasset" 1322
"C:/Users/cmckenna/Documents/Unreal Projects/RogueFirefight/Content/MP5/Materials/M_MP5.uexp" 1323
"C:/Users/cmckenna/Documents/Unreal Projects/RogueFirefight/Content/MP5/Mesh/SM_MP5.ubulk" 1324
"C:/Users/cmckenna/Documents/Unreal Projects/RogueFirefight/Content/MP5/Mesh/SM_MP5.uasset" 1325
"C:/Users/cmckenna/Documents/Unreal Projects/RogueFirefight/Content/MP5/Mesh/SM_MP5.uexp" 1326
"C:/Users/cmckenna/Documents/Unreal Projects/RogueFirefight/Content/Modern_Insurgent_7/Demo/Animations/AS_ThirdPerson_Jump.uasset" 1327
"C:/Users/cmckenna/Documents/Unreal Projects/RogueFirefight/Content/Modern_Insurgent_7/Demo/Animations/AS_ThirdPerson_Jump.uexp" 1328
"C:/Users/cmckenna/Documents/Unreal Projects/RogueFirefight/Content/Modern_Insurgent_7/Demo/Animations/AS_ThirdPersonJump_Loop.uasset" 1329
"C:/Users/cmckenna/Documents/Unreal Projects/RogueFirefight/Content/Modern_Insurgent_7/Demo/Animations/AS_ThirdPersonJump_Loop.uexp" 1330
"C:/Users/cmckenna/Documents/Unreal Projects/RogueFirefight/Content/Modern_Insurgent_7/Demo/Animations/AS_ThirdPersonJump_Start.uasset" 1331
"C:/Users/cmckenna/Documents/Unreal Projects/RogueFirefight/Content/Modern_Insurgent_7/Demo/Animations/AS_ThirdPersonJump_Start.uexp" 1332
"C:/Users/cmckenna/Documents/Unreal Projects/RogueFirefight/Content/Modern_Insurgent_7/Demo/Animations/AS_ThirdPersonIdle.uasset" 1333
"C:/Users/cmckenna/Documents/Unreal Projects/RogueFirefight/Content/Modern_Insurgent_7/Demo/Animations/AS_ThirdPersonIdle.uexp" 1334
"C:/Users/cmckenna/Documents/Unreal Projects/RogueFirefight/Content/Modern_Insurgent_7/Demo/Animations/AS_ThirdPersonRun.uasset" 1335
"C:/Users/cmckenna/Documents/Unreal Projects/RogueFirefight/Content/Modern_Insurgent_7/Demo/Animations/AS_ThirdPersonRun.uexp" 1336
"C:/Users/cmckenna/Documents/Unreal Projects/RogueFirefight/Content/Modern_Insurgent_7/Demo/Animations/AS_ThirdPersonWalk.uasset" 1337
"C:/Users/cmckenna/Documents/Unreal Projects/RogueFirefight/Content/Modern_Insurgent_7/Demo/Animations/AS_ThirdPersonWalk.uexp" 1338
"C:/Users/cmckenna/Documents/Unreal Projects/RogueFirefight/Content/Modern_Insurgent_7/Demo/Animations/BS_ThirdPerson_IdleRun_2D.uasset" 1339
"C:/Users/cmckenna/Documents/Unreal Projects/RogueFirefight/Content/Modern_Insurgent_7/Demo/Animations/BS_ThirdPerson_IdleRun_2D.uexp" 1340
"C:/Users/cmckenna/Documents/Unreal Projects/RogueFirefight/Content/Modern_Insurgent_7/Demo/Animations/ABP_ThirdPerson_AnimBP.uasset" 1341
"C:/Users/cmckenna/Documents/Unreal Projects/RogueFirefight/Content/Modern_Insurgent_7/Demo/Animations/ABP_ThirdPerson_AnimBP.uexp" 1342
"C:/Users/cmckenna/Documents/Unreal Projects/RogueFirefight/Content/Characters/Mannequins/Meshes/SK_Mannequin.uasset" 1343
"C:/Users/cmckenna/Documents/Unreal Projects/RogueFirefight/Content/Characters/Mannequins/Meshes/SK_Mannequin.uexp" 1344
"C:/Users/cmckenna/Documents/Unreal Projects/RogueFirefight/Content/Characters/Mannequins/Rigs/PA_Mannequin.uasset" 1345
"C:/Users/cmckenna/Documents/Unreal Projects/RogueFirefight/Content/Characters/Mannequins/Rigs/PA_Mannequin.uexp" 1346
"C:/Users/cmckenna/Documents/Unreal Projects/RogueFirefight/Content/Characters/Mannequins/Textures/Manny/T_Manny_01_BN.ubulk" 1347
"C:/Users/cmckenna/Documents/Unreal Projects/RogueFirefight/Content/Characters/Mannequins/Textures/Manny/T_Manny_01_BN.uasset" 1348
"C:/Users/cmckenna/Documents/Unreal Projects/RogueFirefight/Content/Characters/Mannequins/Textures/Manny/T_Manny_01_BN.uexp" 1349
"C:/Users/cmckenna/Documents/Unreal Projects/RogueFirefight/Content/Characters/Mannequins/Textures/Manny/T_Manny_01_D.ubulk" 1350
"C:/Users/cmckenna/Documents/Unreal Projects/RogueFirefight/Content/Characters/Mannequins/Textures/Manny/T_Manny_01_D.uasset" 1351
"C:/Users/cmckenna/Documents/Unreal Projects/RogueFirefight/Content/Characters/Mannequins/Textures/Manny/T_Manny_01_D.uexp" 1352
"C:/Users/cmckenna/Documents/Unreal Projects/RogueFirefight/Content/Characters/Mannequins/Textures/Manny/T_Manny_01_MRA.ubulk" 1353
"C:/Users/cmckenna/Documents/Unreal Projects/RogueFirefight/Content/Characters/Mannequins/Textures/Manny/T_Manny_01_MRA.uasset" 1354
"C:/Users/cmckenna/Documents/Unreal Projects/RogueFirefight/Content/Characters/Mannequins/Textures/Manny/T_Manny_01_MRA.uexp" 1355
"C:/Users/cmckenna/Documents/Unreal Projects/RogueFirefight/Content/Characters/Mannequins/Textures/Shared/T_UE_Logo_M.uasset" 1356
"C:/Users/cmckenna/Documents/Unreal Projects/RogueFirefight/Content/Characters/Mannequins/Textures/Shared/T_UE_Logo_M.uexp" 1357
"C:/Users/cmckenna/Documents/Unreal Projects/RogueFirefight/Content/Characters/Mannequins/Materials/M_Mannequin.uasset" 1358
"C:/Users/cmckenna/Documents/Unreal Projects/RogueFirefight/Content/Characters/Mannequins/Materials/M_Mannequin.uexp" 1359
"C:/Users/cmckenna/Documents/Unreal Projects/RogueFirefight/Content/Characters/Mannequins/Materials/Manny/MI_Manny_01_New.uasset" 1360
"C:/Users/cmckenna/Documents/Unreal Projects/RogueFirefight/Content/Characters/Mannequins/Materials/Manny/MI_Manny_01_New.uexp" 1361
"C:/Users/cmckenna/Documents/Unreal Projects/RogueFirefight/Content/Characters/Mannequins/Textures/Manny/T_Manny_02_BN.ubulk" 1362
"C:/Users/cmckenna/Documents/Unreal Projects/RogueFirefight/Content/Characters/Mannequins/Textures/Manny/T_Manny_02_BN.uasset" 1363
"C:/Users/cmckenna/Documents/Unreal Projects/RogueFirefight/Content/Characters/Mannequins/Textures/Manny/T_Manny_02_BN.uexp" 1364
"C:/Users/cmckenna/Documents/Unreal Projects/RogueFirefight/Content/Characters/Mannequins/Textures/Manny/T_Manny_02_D.ubulk" 1365
"C:/Users/cmckenna/Documents/Unreal Projects/RogueFirefight/Content/Characters/Mannequins/Textures/Manny/T_Manny_02_D.uasset" 1366
"C:/Users/cmckenna/Documents/Unreal Projects/RogueFirefight/Content/Characters/Mannequins/Textures/Manny/T_Manny_02_D.uexp" 1367
"C:/Users/cmckenna/Documents/Unreal Projects/RogueFirefight/Content/Characters/Mannequins/Textures/Manny/T_Manny_02_MRA.ubulk" 1368
"C:/Users/cmckenna/Documents/Unreal Projects/RogueFirefight/Content/Characters/Mannequins/Textures/Manny/T_Manny_02_MRA.uasset" 1369
"C:/Users/cmckenna/Documents/Unreal Projects/RogueFirefight/Content/Characters/Mannequins/Textures/Manny/T_Manny_02_MRA.uexp" 1370
"C:/Users/cmckenna/Documents/Unreal Projects/RogueFirefight/Content/Characters/Mannequins/Materials/Manny/MI_Manny_02_New.uasset" 1371
"C:/Users/cmckenna/Documents/Unreal Projects/RogueFirefight/Content/Characters/Mannequins/Materials/Manny/MI_Manny_02_New.uexp" 1372
"C:/Users/cmckenna/Documents/Unreal Projects/RogueFirefight/Content/Characters/Mannequins/Meshes/SKM_Manny_Simple.uasset" 1373
"C:/Users/cmckenna/Documents/Unreal Projects/RogueFirefight/Content/Characters/Mannequins/Meshes/SKM_Manny_Simple.uexp" 1374
"C:/Users/cmckenna/Documents/Unreal Projects/RogueFirefight/Content/UI/UI_InGameUIStuff/Controls.uasset" 1375
"C:/Users/cmckenna/Documents/Unreal Projects/RogueFirefight/Content/UI/UI_InGameUIStuff/Controls.uexp" 1376
"../../../Engine/Content/EngineFonts/Faces/DroidSansMono.uexp" 1377
"../../../Engine/Content/EngineFonts/Faces/DroidSansMono.uasset" 1378
"../../../Engine/Content/EngineFonts/Faces/DroidSansMono.ufont" 1379
"../../../Engine/Content/EngineFonts/DroidSansMono.uasset" 1380
"../../../Engine/Content/EngineFonts/DroidSansMono.uexp" 1381
"C:/Users/cmckenna/Documents/Unreal Projects/RogueFirefight/Content/UI/Asset_19.uasset" 1382
"C:/Users/cmckenna/Documents/Unreal Projects/RogueFirefight/Content/UI/Asset_19.uexp" 1383
"C:/Users/cmckenna/Documents/Unreal Projects/RogueFirefight/Content/UI/Asset_27.uasset" 1384
"C:/Users/cmckenna/Documents/Unreal Projects/RogueFirefight/Content/UI/Asset_27.uexp" 1385
"C:/Users/cmckenna/Documents/Unreal Projects/RogueFirefight/Content/Material/HUD/MC_HUD_Damage.uasset" 1386
"C:/Users/cmckenna/Documents/Unreal Projects/RogueFirefight/Content/Material/HUD/MC_HUD_Damage.uexp" 1387
"C:/Users/cmckenna/Documents/Unreal Projects/RogueFirefight/Content/Material/HUD/MI_HUD_Damage_Inst.uasset" 1388
"C:/Users/cmckenna/Documents/Unreal Projects/RogueFirefight/Content/Material/HUD/MI_HUD_Damage_Inst.uexp" 1389
"C:/Users/cmckenna/Documents/Unreal Projects/RogueFirefight/Content/UI/UI_InGameUIStuff/GameHUD.uasset" 1390
"C:/Users/cmckenna/Documents/Unreal Projects/RogueFirefight/Content/UI/UI_InGameUIStuff/GameHUD.uexp" 1391
"C:/Users/cmckenna/Documents/Unreal Projects/RogueFirefight/Content/UI/UI_InGameUIStuff/PauseMenu.uasset" 1392
"C:/Users/cmckenna/Documents/Unreal Projects/RogueFirefight/Content/UI/UI_InGameUIStuff/PauseMenu.uexp" 1393
"C:/Users/cmckenna/Documents/Unreal Projects/RogueFirefight/Content/UI/UI_InGameUIStuff/PlayerInventory_Widget.uasset" 1394
"C:/Users/cmckenna/Documents/Unreal Projects/RogueFirefight/Content/UI/UI_InGameUIStuff/PlayerInventory_Widget.uexp" 1395
"C:/Users/cmckenna/Documents/Unreal Projects/RogueFirefight/Content/UI/UI_InGameUIStuff/Stamina.uasset" 1396
"C:/Users/cmckenna/Documents/Unreal Projects/RogueFirefight/Content/UI/UI_InGameUIStuff/Stamina.uexp" 1397
"C:/Users/cmckenna/Documents/Unreal Projects/RogueFirefight/Content/UI/UI_InGameUIStuff/WBP_HUD.uasset" 1398
"C:/Users/cmckenna/Documents/Unreal Projects/RogueFirefight/Content/UI/UI_InGameUIStuff/WBP_HUD.uexp" 1399
"../../../Engine/Plugins/Animation/ControlRig/Content/Controls/DefaultGizmoLibraryNormalized.uasset" 1400
"../../../Engine/Plugins/Animation/ControlRig/Content/Controls/DefaultGizmoLibraryNormalized.uexp" 1401
"C:/Users/cmckenna/Documents/Unreal Projects/RogueFirefight/Content/Characters/Mannequins/Rigs/CR_Mannequin_FootIK.uasset" 1402
"C:/Users/cmckenna/Documents/Unreal Projects/RogueFirefight/Content/Characters/Mannequins/Rigs/CR_Mannequin_FootIK.uexp" 1403
"../../../Engine/Content/Animation/DefaultAnimBoneCompressionSettings.uasset" 1404
"../../../Engine/Content/Animation/DefaultAnimBoneCompressionSettings.uexp" 1405
"../../../Engine/Content/Animation/DefaultAnimCurveCompressionSettings.uasset" 1406
"../../../Engine/Content/Animation/DefaultAnimCurveCompressionSettings.uexp" 1407
"../../../Engine/Content/Animation/DefaultVariableFrameStrippingSettings.uasset" 1408
"../../../Engine/Content/Animation/DefaultVariableFrameStrippingSettings.uexp" 1409
"C:/Users/cmckenna/Documents/Unreal Projects/RogueFirefight/Content/Characters/Mannequins/Anims/Unarmed/MM_Idle.uasset" 1410
"C:/Users/cmckenna/Documents/Unreal Projects/RogueFirefight/Content/Characters/Mannequins/Anims/Unarmed/MM_Idle.uexp" 1411
"C:/Users/cmckenna/Documents/Unreal Projects/RogueFirefight/Content/Characters/Mannequins/Anims/Unarmed/Jog/MF_Unarmed_Jog_Bwd.uasset" 1412
"C:/Users/cmckenna/Documents/Unreal Projects/RogueFirefight/Content/Characters/Mannequins/Anims/Unarmed/Jog/MF_Unarmed_Jog_Bwd.uexp" 1413
"../../../Engine/Plugins/Animation/ACLPlugin/Content/ACLAnimCurveCompressionSettings.uasset" 1414
"../../../Engine/Plugins/Animation/ACLPlugin/Content/ACLAnimCurveCompressionSettings.uexp" 1415
"../../../Engine/Content/Animation/DefaultRecorderBoneCompression.uasset" 1416
"../../../Engine/Content/Animation/DefaultRecorderBoneCompression.uexp" 1417
"C:/Users/cmckenna/Documents/Unreal Projects/RogueFirefight/Content/Characters/Mannequins/Anims/Unarmed/Jog/MF_Unarmed_Jog_Bwd_Left.uasset" 1418
"C:/Users/cmckenna/Documents/Unreal Projects/RogueFirefight/Content/Characters/Mannequins/Anims/Unarmed/Jog/MF_Unarmed_Jog_Bwd_Left.uexp" 1419
"C:/Users/cmckenna/Documents/Unreal Projects/RogueFirefight/Content/Characters/Mannequins/Anims/Unarmed/Jog/MF_Unarmed_Jog_Bwd_Right.uasset" 1420
"C:/Users/cmckenna/Documents/Unreal Projects/RogueFirefight/Content/Characters/Mannequins/Anims/Unarmed/Jog/MF_Unarmed_Jog_Bwd_Right.uexp" 1421
"C:/Users/cmckenna/Documents/Unreal Projects/RogueFirefight/Content/Characters/Mannequins/Anims/Unarmed/Jog/MF_Unarmed_Jog_Fwd.uasset" 1422
"C:/Users/cmckenna/Documents/Unreal Projects/RogueFirefight/Content/Characters/Mannequins/Anims/Unarmed/Jog/MF_Unarmed_Jog_Fwd.uexp" 1423
"C:/Users/cmckenna/Documents/Unreal Projects/RogueFirefight/Content/Characters/Mannequins/Anims/Unarmed/Jog/MF_Unarmed_Jog_Fwd_Left.uasset" 1424
"C:/Users/cmckenna/Documents/Unreal Projects/RogueFirefight/Content/Characters/Mannequins/Anims/Unarmed/Jog/MF_Unarmed_Jog_Fwd_Left.uexp" 1425
"C:/Users/cmckenna/Documents/Unreal Projects/RogueFirefight/Content/Characters/Mannequins/Anims/Unarmed/Jog/MF_Unarmed_Jog_Fwd_Right.uasset" 1426
"C:/Users/cmckenna/Documents/Unreal Projects/RogueFirefight/Content/Characters/Mannequins/Anims/Unarmed/Jog/MF_Unarmed_Jog_Fwd_Right.uexp" 1427
"C:/Users/cmckenna/Documents/Unreal Projects/RogueFirefight/Content/Characters/Mannequins/Anims/Unarmed/Jog/MF_Unarmed_Jog_Left.uasset" 1428
"C:/Users/cmckenna/Documents/Unreal Projects/RogueFirefight/Content/Characters/Mannequins/Anims/Unarmed/Jog/MF_Unarmed_Jog_Left.uexp" 1429
"C:/Users/cmckenna/Documents/Unreal Projects/RogueFirefight/Content/Characters/Mannequins/Anims/Unarmed/Jog/MF_Unarmed_Jog_Right.uasset" 1430
"C:/Users/cmckenna/Documents/Unreal Projects/RogueFirefight/Content/Characters/Mannequins/Anims/Unarmed/Jog/MF_Unarmed_Jog_Right.uexp" 1431
"C:/Users/cmckenna/Documents/Unreal Projects/RogueFirefight/Content/Characters/Mannequins/Anims/Unarmed/Walk/MF_Unarmed_Walk_Bwd.uasset" 1432
"C:/Users/cmckenna/Documents/Unreal Projects/RogueFirefight/Content/Characters/Mannequins/Anims/Unarmed/Walk/MF_Unarmed_Walk_Bwd.uexp" 1433
"C:/Users/cmckenna/Documents/Unreal Projects/RogueFirefight/Content/Characters/Mannequins/Anims/Unarmed/Walk/MF_Unarmed_Walk_Bwd_Left.uasset" 1434
"C:/Users/cmckenna/Documents/Unreal Projects/RogueFirefight/Content/Characters/Mannequins/Anims/Unarmed/Walk/MF_Unarmed_Walk_Bwd_Left.uexp" 1435
"C:/Users/cmckenna/Documents/Unreal Projects/RogueFirefight/Content/Characters/Mannequins/Anims/Unarmed/Walk/MF_Unarmed_Walk_Bwd_Right.uasset" 1436
"C:/Users/cmckenna/Documents/Unreal Projects/RogueFirefight/Content/Characters/Mannequins/Anims/Unarmed/Walk/MF_Unarmed_Walk_Bwd_Right.uexp" 1437
"C:/Users/cmckenna/Documents/Unreal Projects/RogueFirefight/Content/Characters/Mannequins/Anims/Unarmed/Walk/MF_Unarmed_Walk_Fwd.uasset" 1438
"C:/Users/cmckenna/Documents/Unreal Projects/RogueFirefight/Content/Characters/Mannequins/Anims/Unarmed/Walk/MF_Unarmed_Walk_Fwd.uexp" 1439
"C:/Users/cmckenna/Documents/Unreal Projects/RogueFirefight/Content/Characters/Mannequins/Anims/Unarmed/Walk/MF_Unarmed_Walk_Fwd_Left.uasset" 1440
"C:/Users/cmckenna/Documents/Unreal Projects/RogueFirefight/Content/Characters/Mannequins/Anims/Unarmed/Walk/MF_Unarmed_Walk_Fwd_Left.uexp" 1441
"C:/Users/cmckenna/Documents/Unreal Projects/RogueFirefight/Content/Characters/Mannequins/Anims/Unarmed/Walk/MF_Unarmed_Walk_Fwd_Right.uasset" 1442
"C:/Users/cmckenna/Documents/Unreal Projects/RogueFirefight/Content/Characters/Mannequins/Anims/Unarmed/Walk/MF_Unarmed_Walk_Fwd_Right.uexp" 1443
"C:/Users/cmckenna/Documents/Unreal Projects/RogueFirefight/Content/Characters/Mannequins/Anims/Unarmed/Walk/MF_Unarmed_Walk_Left.uasset" 1444
"C:/Users/cmckenna/Documents/Unreal Projects/RogueFirefight/Content/Characters/Mannequins/Anims/Unarmed/Walk/MF_Unarmed_Walk_Left.uexp" 1445
"C:/Users/cmckenna/Documents/Unreal Projects/RogueFirefight/Content/Characters/Mannequins/Anims/Unarmed/Walk/MF_Unarmed_Walk_Right.uasset" 1446
"C:/Users/cmckenna/Documents/Unreal Projects/RogueFirefight/Content/Characters/Mannequins/Anims/Unarmed/Walk/MF_Unarmed_Walk_Right.uexp" 1447
"C:/Users/cmckenna/Documents/Unreal Projects/RogueFirefight/Content/Characters/Mannequins/Anims/Unarmed/BS_Idle_Walk_Run.uasset" 1448
"C:/Users/cmckenna/Documents/Unreal Projects/RogueFirefight/Content/Characters/Mannequins/Anims/Unarmed/BS_Idle_Walk_Run.uexp" 1449
"C:/Users/cmckenna/Documents/Unreal Projects/RogueFirefight/Content/Characters/Mannequins/Anims/Unarmed/Jump/MM_Fall_Loop.uasset" 1450
"C:/Users/cmckenna/Documents/Unreal Projects/RogueFirefight/Content/Characters/Mannequins/Anims/Unarmed/Jump/MM_Fall_Loop.uexp" 1451
"C:/Users/cmckenna/Documents/Unreal Projects/RogueFirefight/Content/Characters/Mannequins/Anims/Unarmed/Jump/MM_Jump.uasset" 1452
"C:/Users/cmckenna/Documents/Unreal Projects/RogueFirefight/Content/Characters/Mannequins/Anims/Unarmed/Jump/MM_Jump.uexp" 1453
"C:/Users/cmckenna/Documents/Unreal Projects/RogueFirefight/Content/Characters/Mannequins/Anims/Unarmed/Jump/MM_Land.uasset" 1454
"C:/Users/cmckenna/Documents/Unreal Projects/RogueFirefight/Content/Characters/Mannequins/Anims/Unarmed/Jump/MM_Land.uexp" 1455
"C:/Users/cmckenna/Documents/Unreal Projects/RogueFirefight/Content/Characters/Mannequins/Anims/Unarmed/ABP_Unarmed.uasset" 1456
"C:/Users/cmckenna/Documents/Unreal Projects/RogueFirefight/Content/Characters/Mannequins/Anims/Unarmed/ABP_Unarmed.uexp" 1457
"../../../Engine/Content/EditorSounds/Notifications/CompileFailed.ubulk" 1458
"../../../Engine/Content/EditorSounds/Notifications/CompileFailed.uasset" 1459
"../../../Engine/Content/EditorSounds/Notifications/CompileFailed.uexp" 1460
"../../../Engine/Content/EditorSounds/Notifications/CompileFailed_Cue.uasset" 1461
"../../../Engine/Content/EditorSounds/Notifications/CompileFailed_Cue.uexp" 1462
"C:/Users/cmckenna/Documents/Unreal Projects/RogueFirefight/Content/Fab/Weapons_Free/Textures/T_Textures.ubulk" 1463
"C:/Users/cmckenna/Documents/Unreal Projects/RogueFirefight/Content/Fab/Weapons_Free/Textures/T_Textures.uasset" 1464
"C:/Users/cmckenna/Documents/Unreal Projects/RogueFirefight/Content/Fab/Weapons_Free/Textures/T_Textures.uexp" 1465
"C:/Users/cmckenna/Documents/Unreal Projects/RogueFirefight/Content/Fab/Weapons_Free/Materials/M_Material.uasset" 1466
"C:/Users/cmckenna/Documents/Unreal Projects/RogueFirefight/Content/Fab/Weapons_Free/Materials/M_Material.uexp" 1467
"C:/Users/cmckenna/Documents/Unreal Projects/RogueFirefight/Content/Fab/Weapons_Free/Meshes/SM_rifle_001.ubulk" 1468
"C:/Users/cmckenna/Documents/Unreal Projects/RogueFirefight/Content/Fab/Weapons_Free/Meshes/SM_rifle_001.uasset" 1469
"C:/Users/cmckenna/Documents/Unreal Projects/RogueFirefight/Content/Fab/Weapons_Free/Meshes/SM_rifle_001.uexp" 1470
"C:/Users/cmckenna/Documents/Unreal Projects/RogueFirefight/Content/Fab/Weapons_Free/Meshes/SM_rifle_magazine_001.ubulk" 1471
"C:/Users/cmckenna/Documents/Unreal Projects/RogueFirefight/Content/Fab/Weapons_Free/Meshes/SM_rifle_magazine_001.uasset" 1472
"C:/Users/cmckenna/Documents/Unreal Projects/RogueFirefight/Content/Fab/Weapons_Free/Meshes/SM_rifle_magazine_001.uexp" 1473
"C:/Users/cmckenna/Documents/Unreal Projects/RogueFirefight/Content/Fab/Weapons_Free/Meshes/Actors/BP_BaseWeapon.uasset" 1474
"C:/Users/cmckenna/Documents/Unreal Projects/RogueFirefight/Content/Fab/Weapons_Free/Meshes/Actors/BP_BaseWeapon.uexp" 1475
"C:/Users/cmckenna/Documents/Unreal Projects/RogueFirefight/Content/Audio/FreeGunSounds/Wav/Rifle/WAV_Rifle_shot02.ubulk" 1476
"C:/Users/cmckenna/Documents/Unreal Projects/RogueFirefight/Content/Audio/FreeGunSounds/Wav/Rifle/WAV_Rifle_shot02.uasset" 1477
"C:/Users/cmckenna/Documents/Unreal Projects/RogueFirefight/Content/Audio/FreeGunSounds/Wav/Rifle/WAV_Rifle_shot02.uexp" 1478
"C:/Users/cmckenna/Documents/Unreal Projects/RogueFirefight/Content/Audio/FreeGunSounds/Wav/Rifle/RifleShot.uasset" 1479
"C:/Users/cmckenna/Documents/Unreal Projects/RogueFirefight/Content/Audio/FreeGunSounds/Wav/Rifle/RifleShot.uexp" 1480
"C:/Users/cmckenna/Documents/Unreal Projects/RogueFirefight/Content/Fab/Weapons_Free/Meshes/Actors/BP_Rifle.uasset" 1481
"C:/Users/cmckenna/Documents/Unreal Projects/RogueFirefight/Content/Fab/Weapons_Free/Meshes/Actors/BP_Rifle.uexp" 1482
"../../../Engine/Content/MobileResources/HUD/VirtualJoystick_Thumb.uasset" 1483
"../../../Engine/Content/MobileResources/HUD/VirtualJoystick_Thumb.uexp" 1484
"C:/Users/cmckenna/Documents/Unreal Projects/RogueFirefight/Content/Input/Touch/BPI_TouchInterface.uasset" 1485
"C:/Users/cmckenna/Documents/Unreal Projects/RogueFirefight/Content/Input/Touch/BPI_TouchInterface.uexp" 1486
"../../../Engine/Content/MobileResources/HUD/VirtualJoystick_Background.uasset" 1487
"../../../Engine/Content/MobileResources/HUD/VirtualJoystick_Background.uexp" 1488
"C:/Users/cmckenna/Documents/Unreal Projects/RogueFirefight/Content/Input/Touch/UI_Thumbstick.uasset" 1489
"C:/Users/cmckenna/Documents/Unreal Projects/RogueFirefight/Content/Input/Touch/UI_Thumbstick.uexp" 1490
"C:/Users/cmckenna/Documents/Unreal Projects/RogueFirefight/Content/Input/Touch/UI_TouchSimple.uasset" 1491
"C:/Users/cmckenna/Documents/Unreal Projects/RogueFirefight/Content/Input/Touch/UI_TouchSimple.uexp" 1492
"C:/Users/cmckenna/Documents/Unreal Projects/RogueFirefight/Content/FirstPerson/Blueprints/CrosshairWidget.uasset" 1493
"C:/Users/cmckenna/Documents/Unreal Projects/RogueFirefight/Content/FirstPerson/Blueprints/CrosshairWidget.uexp" 1494
"C:/Users/cmckenna/Documents/Unreal Projects/RogueFirefight/Content/Input/Actions/IA_MouseLook.uasset" 1495
"C:/Users/cmckenna/Documents/Unreal Projects/RogueFirefight/Content/Input/Actions/IA_MouseLook.uexp" 1496
"C:/Users/cmckenna/Documents/Unreal Projects/RogueFirefight/Content/Input/Actions/IA_Jump.uasset" 1497
"C:/Users/cmckenna/Documents/Unreal Projects/RogueFirefight/Content/Input/Actions/IA_Jump.uexp" 1498
"C:/Users/cmckenna/Documents/Unreal Projects/RogueFirefight/Content/Input/Actions/IA_Look.uasset" 1499
"C:/Users/cmckenna/Documents/Unreal Projects/RogueFirefight/Content/Input/Actions/IA_Look.uexp" 1500
"C:/Users/cmckenna/Documents/Unreal Projects/RogueFirefight/Content/Input/Actions/IA_Move.uasset" 1501
"C:/Users/cmckenna/Documents/Unreal Projects/RogueFirefight/Content/Input/Actions/IA_Move.uexp" 1502
"C:/Users/cmckenna/Documents/Unreal Projects/RogueFirefight/Content/Input/Actions/IA_Shoot.uasset" 1503
"C:/Users/cmckenna/Documents/Unreal Projects/RogueFirefight/Content/Input/Actions/IA_Shoot.uexp" 1504
"C:/Users/cmckenna/Documents/Unreal Projects/RogueFirefight/Content/Input/Actions/IA_TestInput.uasset" 1505
"C:/Users/cmckenna/Documents/Unreal Projects/RogueFirefight/Content/Input/Actions/IA_TestInput.uexp" 1506
"C:/Users/cmckenna/Documents/Unreal Projects/RogueFirefight/Content/Input/Actions/IA_Reload.uasset" 1507
"C:/Users/cmckenna/Documents/Unreal Projects/RogueFirefight/Content/Input/Actions/IA_Reload.uexp" 1508
"C:/Users/cmckenna/Documents/Unreal Projects/RogueFirefight/Content/FirstPerson/Blueprints/BP_FirstPersonCharacter.uasset" 1509
"C:/Users/cmckenna/Documents/Unreal Projects/RogueFirefight/Content/FirstPerson/Blueprints/BP_FirstPersonCharacter.uexp" 1510
"C:/Users/cmckenna/Documents/Unreal Projects/RogueFirefight/Content/Blueprints/NewEnemies/NewAssaultRifleEnemy/Logic/E_NewAssaultRifleEnemyStates.uasset" 1511
"C:/Users/cmckenna/Documents/Unreal Projects/RogueFirefight/Content/Blueprints/NewEnemies/NewAssaultRifleEnemy/Logic/E_NewAssaultRifleEnemyStates.uexp" 1512
"C:/Users/cmckenna/Documents/Unreal Projects/RogueFirefight/Content/Blueprints/NewEnemies/NewAssaultRifleEnemy/NARE_Tasks/BTT_CheckValidTarget.uasset" 1513
"C:/Users/cmckenna/Documents/Unreal Projects/RogueFirefight/Content/Blueprints/NewEnemies/NewAssaultRifleEnemy/NARE_Tasks/BTT_CheckValidTarget.uexp" 1514
"C:/Users/cmckenna/Documents/Unreal Projects/RogueFirefight/Content/Blueprints/NewEnemies/NewAssaultRifleEnemy/NARE_Tasks/BTT_Patrol.uasset" 1515
"C:/Users/cmckenna/Documents/Unreal Projects/RogueFirefight/Content/Blueprints/NewEnemies/NewAssaultRifleEnemy/NARE_Tasks/BTT_Patrol.uexp" 1516
"C:/Users/cmckenna/Documents/Unreal Projects/RogueFirefight/Content/Blueprints/NewEnemies/NewAssaultRifleEnemy/NARE_Tasks/BTT_SetFocus.uasset" 1517
"C:/Users/cmckenna/Documents/Unreal Projects/RogueFirefight/Content/Blueprints/NewEnemies/NewAssaultRifleEnemy/NARE_Tasks/BTT_SetFocus.uexp" 1518
"C:/Users/cmckenna/Documents/Unreal Projects/RogueFirefight/Content/Blueprints/NewEnemies/NewAssaultRifleEnemy/NARE_Tasks/BTT_Strafe.uasset" 1519
"C:/Users/cmckenna/Documents/Unreal Projects/RogueFirefight/Content/Blueprints/NewEnemies/NewAssaultRifleEnemy/NARE_Tasks/BTT_Strafe.uexp" 1520
"C:/Users/cmckenna/Documents/Unreal Projects/RogueFirefight/Content/Blueprints/NewEnemies/NewAssaultRifleEnemy/Logic/BB_NewAssaultRifleEnemy.uasset" 1521
"C:/Users/cmckenna/Documents/Unreal Projects/RogueFirefight/Content/Blueprints/NewEnemies/NewAssaultRifleEnemy/Logic/BB_NewAssaultRifleEnemy.uexp" 1522
"C:/Users/cmckenna/Documents/Unreal Projects/RogueFirefight/Content/Blueprints/NewEnemies/NewAssaultRifleEnemy/Logic/NARE_PlayerContext.uasset" 1523
"C:/Users/cmckenna/Documents/Unreal Projects/RogueFirefight/Content/Blueprints/NewEnemies/NewAssaultRifleEnemy/Logic/NARE_PlayerContext.uexp" 1524
"C:/Users/cmckenna/Documents/Unreal Projects/RogueFirefight/Content/Blueprints/NewEnemies/NewAssaultRifleEnemy/Logic/EQS_NAREnemyStrafe.uasset" 1525
"C:/Users/cmckenna/Documents/Unreal Projects/RogueFirefight/Content/Blueprints/NewEnemies/NewAssaultRifleEnemy/Logic/EQS_NAREnemyStrafe.uexp" 1526
"C:/Users/cmckenna/Documents/Unreal Projects/RogueFirefight/Content/Blueprints/NewEnemies/NewAssaultRifleEnemy/Logic/BT_NewAssaultRifleEnemy.uasset" 1527
"C:/Users/cmckenna/Documents/Unreal Projects/RogueFirefight/Content/Blueprints/NewEnemies/NewAssaultRifleEnemy/Logic/BT_NewAssaultRifleEnemy.uexp" 1528
"C:/Users/cmckenna/Documents/Unreal Projects/RogueFirefight/Content/Blueprints/NewEnemies/NewAssaultRifleEnemy/Logic/AIC_NewAssaultRifleEnemy.uasset" 1529
"C:/Users/cmckenna/Documents/Unreal Projects/RogueFirefight/Content/Blueprints/NewEnemies/NewAssaultRifleEnemy/Logic/AIC_NewAssaultRifleEnemy.uexp" 1530
"C:/Users/cmckenna/Documents/Unreal Projects/RogueFirefight/Content/Blueprints/NewEnemies/NewAssaultRifleEnemy/Playable/BP_NewAssaultRifleEnemy.uasset" 1531
"C:/Users/cmckenna/Documents/Unreal Projects/RogueFirefight/Content/Blueprints/NewEnemies/NewAssaultRifleEnemy/Playable/BP_NewAssaultRifleEnemy.uexp" 1532
"C:/Users/cmckenna/Documents/Unreal Projects/RogueFirefight/Content/Modern_Insurgent_7/Textures/Shoes_Textures/T_Shoes_Black_BC.ubulk" 1533
"C:/Users/cmckenna/Documents/Unreal Projects/RogueFirefight/Content/Modern_Insurgent_7/Textures/Shoes_Textures/T_Shoes_Black_BC.uasset" 1534
"C:/Users/cmckenna/Documents/Unreal Projects/RogueFirefight/Content/Modern_Insurgent_7/Textures/Shoes_Textures/T_Shoes_Black_BC.uexp" 1535
"C:/Users/cmckenna/Documents/Unreal Projects/RogueFirefight/Content/Modern_Insurgent_7/Materials/Shoe_Materials/MI_Shoes_Black.uasset" 1536
"C:/Users/cmckenna/Documents/Unreal Projects/RogueFirefight/Content/Modern_Insurgent_7/Materials/Shoe_Materials/MI_Shoes_Black.uexp" 1537
"C:/Users/cmckenna/Documents/Unreal Projects/RogueFirefight/Content/Modern_Insurgent_7/Textures/SmallArmor_Textures/T_ArmorSmall_Gray_BC.ubulk" 1538
"C:/Users/cmckenna/Documents/Unreal Projects/RogueFirefight/Content/Modern_Insurgent_7/Textures/SmallArmor_Textures/T_ArmorSmall_Gray_BC.uasset" 1539
"C:/Users/cmckenna/Documents/Unreal Projects/RogueFirefight/Content/Modern_Insurgent_7/Textures/SmallArmor_Textures/T_ArmorSmall_Gray_BC.uexp" 1540
"C:/Users/cmckenna/Documents/Unreal Projects/RogueFirefight/Content/Modern_Insurgent_7/Materials/ArmorSmall_Materials/MI_ArmorSmall_Gray.uasset" 1541
"C:/Users/cmckenna/Documents/Unreal Projects/RogueFirefight/Content/Modern_Insurgent_7/Materials/ArmorSmall_Materials/MI_ArmorSmall_Gray.uexp" 1542
"C:/Users/cmckenna/Documents/Unreal Projects/RogueFirefight/Content/Modern_Insurgent_7/Textures/BalaclavaClose_Textures/T_BalaclavaClose_Camo3_BC.ubulk" 1543
"C:/Users/cmckenna/Documents/Unreal Projects/RogueFirefight/Content/Modern_Insurgent_7/Textures/BalaclavaClose_Textures/T_BalaclavaClose_Camo3_BC.uasset" 1544
"C:/Users/cmckenna/Documents/Unreal Projects/RogueFirefight/Content/Modern_Insurgent_7/Textures/BalaclavaClose_Textures/T_BalaclavaClose_Camo3_BC.uexp" 1545
"C:/Users/cmckenna/Documents/Unreal Projects/RogueFirefight/Content/Modern_Insurgent_7/Materials/BalaclavaClose_Materials/MI_BalaclavaClose_Camo3.uasset" 1546
"C:/Users/cmckenna/Documents/Unreal Projects/RogueFirefight/Content/Modern_Insurgent_7/Materials/BalaclavaClose_Materials/MI_BalaclavaClose_Camo3.uexp" 1547
"C:/Users/cmckenna/Documents/Unreal Projects/RogueFirefight/Content/Modern_Insurgent_7/Textures/Beret_Textures/T_Beret_Red_BC.ubulk" 1548
"C:/Users/cmckenna/Documents/Unreal Projects/RogueFirefight/Content/Modern_Insurgent_7/Textures/Beret_Textures/T_Beret_Red_BC.uasset" 1549
"C:/Users/cmckenna/Documents/Unreal Projects/RogueFirefight/Content/Modern_Insurgent_7/Textures/Beret_Textures/T_Beret_Red_BC.uexp" 1550
"C:/Users/cmckenna/Documents/Unreal Projects/RogueFirefight/Content/Modern_Insurgent_7/Materials/Beret_Materials/MI_Beret_Red.uasset" 1551
"C:/Users/cmckenna/Documents/Unreal Projects/RogueFirefight/Content/Modern_Insurgent_7/Materials/Beret_Materials/MI_Beret_Red.uexp" 1552
"C:/Users/cmckenna/Documents/Unreal Projects/RogueFirefight/Content/Modern_Insurgent_7/Textures/PantsMilitary_Textures/T_PantsMilitary_Camo5_BC.ubulk" 1553
"C:/Users/cmckenna/Documents/Unreal Projects/RogueFirefight/Content/Modern_Insurgent_7/Textures/PantsMilitary_Textures/T_PantsMilitary_Camo5_BC.uasset" 1554
"C:/Users/cmckenna/Documents/Unreal Projects/RogueFirefight/Content/Modern_Insurgent_7/Textures/PantsMilitary_Textures/T_PantsMilitary_Camo5_BC.uexp" 1555
"C:/Users/cmckenna/Documents/Unreal Projects/RogueFirefight/Content/Modern_Insurgent_7/Materials/PantsMilitary_Materials/MI_PantsMilitary_Camo5.uasset" 1556
"C:/Users/cmckenna/Documents/Unreal Projects/RogueFirefight/Content/Modern_Insurgent_7/Materials/PantsMilitary_Materials/MI_PantsMilitary_Camo5.uexp" 1557
"C:/Users/cmckenna/Documents/Unreal Projects/RogueFirefight/Content/Modern_Insurgent_7/Mesh/SK_Insurgent_P7_Skin3.uasset" 1558
"C:/Users/cmckenna/Documents/Unreal Projects/RogueFirefight/Content/Modern_Insurgent_7/Mesh/SK_Insurgent_P7_Skin3.uexp" 1559
"C:/Users/cmckenna/Documents/Unreal Projects/RogueFirefight/Content/Weapons_Free/Textures/T_Textures.ubulk" 1560
"C:/Users/cmckenna/Documents/Unreal Projects/RogueFirefight/Content/Weapons_Free/Textures/T_Textures.uasset" 1561
"C:/Users/cmckenna/Documents/Unreal Projects/RogueFirefight/Content/Weapons_Free/Textures/T_Textures.uexp" 1562
"C:/Users/cmckenna/Documents/Unreal Projects/RogueFirefight/Content/Weapons_Free/Materials/M_Material.uasset" 1563
"C:/Users/cmckenna/Documents/Unreal Projects/RogueFirefight/Content/Weapons_Free/Materials/M_Material.uexp" 1564
"C:/Users/cmckenna/Documents/Unreal Projects/RogueFirefight/Content/Weapons_Free/Meshes/SM_shotgun_001.ubulk" 1565
"C:/Users/cmckenna/Documents/Unreal Projects/RogueFirefight/Content/Weapons_Free/Meshes/SM_shotgun_001.uasset" 1566
"C:/Users/cmckenna/Documents/Unreal Projects/RogueFirefight/Content/Weapons_Free/Meshes/SM_shotgun_001.uexp" 1567
"C:/Users/cmckenna/Documents/Unreal Projects/RogueFirefight/Content/Blueprints/NewEnemies/NewShotgunEnemy/Logic/E_NewShotgunEnemyStates.uasset" 1568
"C:/Users/cmckenna/Documents/Unreal Projects/RogueFirefight/Content/Blueprints/NewEnemies/NewShotgunEnemy/Logic/E_NewShotgunEnemyStates.uexp" 1569
"C:/Users/cmckenna/Documents/Unreal Projects/RogueFirefight/Content/Blueprints/NewEnemies/NewShotgunEnemy/Logic/BB_NewShotgunEnemy.uasset" 1570
"C:/Users/cmckenna/Documents/Unreal Projects/RogueFirefight/Content/Blueprints/NewEnemies/NewShotgunEnemy/Logic/BB_NewShotgunEnemy.uexp" 1571
"C:/Users/cmckenna/Documents/Unreal Projects/RogueFirefight/Content/Blueprints/NewEnemies/NewShotgunEnemy/Logic/NSGE_PlayerContext.uasset" 1572
"C:/Users/cmckenna/Documents/Unreal Projects/RogueFirefight/Content/Blueprints/NewEnemies/NewShotgunEnemy/Logic/NSGE_PlayerContext.uexp" 1573
"C:/Users/cmckenna/Documents/Unreal Projects/RogueFirefight/Content/Blueprints/NewEnemies/NewShotgunEnemy/Logic/EQS_NewShotgunEnemyStrafe.uasset" 1574
"C:/Users/cmckenna/Documents/Unreal Projects/RogueFirefight/Content/Blueprints/NewEnemies/NewShotgunEnemy/Logic/EQS_NewShotgunEnemyStrafe.uexp" 1575
"C:/Users/cmckenna/Documents/Unreal Projects/RogueFirefight/Content/Blueprints/NewEnemies/NewShotgunEnemy/NSGE_Tasks/BTT_NSGECheckValidTarget.uasset" 1576
"C:/Users/cmckenna/Documents/Unreal Projects/RogueFirefight/Content/Blueprints/NewEnemies/NewShotgunEnemy/NSGE_Tasks/BTT_NSGECheckValidTarget.uexp" 1577
"C:/Users/cmckenna/Documents/Unreal Projects/RogueFirefight/Content/Blueprints/NewEnemies/NewShotgunEnemy/NSGE_Tasks/BTT_NSGEPatrol.uasset" 1578
"C:/Users/cmckenna/Documents/Unreal Projects/RogueFirefight/Content/Blueprints/NewEnemies/NewShotgunEnemy/NSGE_Tasks/BTT_NSGEPatrol.uexp" 1579
"C:/Users/cmckenna/Documents/Unreal Projects/RogueFirefight/Content/Blueprints/NewEnemies/NewShotgunEnemy/NSGE_Tasks/BTT_NSGESetFocus.uasset" 1580
"C:/Users/cmckenna/Documents/Unreal Projects/RogueFirefight/Content/Blueprints/NewEnemies/NewShotgunEnemy/NSGE_Tasks/BTT_NSGESetFocus.uexp" 1581
"C:/Users/cmckenna/Documents/Unreal Projects/RogueFirefight/Content/Blueprints/NewEnemies/NewShotgunEnemy/NSGE_Tasks/BTT_NSGEStrafe.uasset" 1582
"C:/Users/cmckenna/Documents/Unreal Projects/RogueFirefight/Content/Blueprints/NewEnemies/NewShotgunEnemy/NSGE_Tasks/BTT_NSGEStrafe.uexp" 1583
"C:/Users/cmckenna/Documents/Unreal Projects/RogueFirefight/Content/Blueprints/NewEnemies/NewShotgunEnemy/Logic/BT_NewShotgunEnemy.uasset" 1584
"C:/Users/cmckenna/Documents/Unreal Projects/RogueFirefight/Content/Blueprints/NewEnemies/NewShotgunEnemy/Logic/BT_NewShotgunEnemy.uexp" 1585
"C:/Users/cmckenna/Documents/Unreal Projects/RogueFirefight/Content/Blueprints/NewEnemies/NewShotgunEnemy/Logic/AIC_NewShotgunEnemy.uasset" 1586
"C:/Users/cmckenna/Documents/Unreal Projects/RogueFirefight/Content/Blueprints/NewEnemies/NewShotgunEnemy/Logic/AIC_NewShotgunEnemy.uexp" 1587
"C:/Users/cmckenna/Documents/Unreal Projects/RogueFirefight/Content/Blueprints/NewEnemies/NewShotgunEnemy/Playable/BP_NewShotgunEnemy.uasset" 1588
"C:/Users/cmckenna/Documents/Unreal Projects/RogueFirefight/Content/Blueprints/NewEnemies/NewShotgunEnemy/Playable/BP_NewShotgunEnemy.uexp" 1589
"C:/Users/cmckenna/Documents/Unreal Projects/RogueFirefight/Content/Insurgent_2/Textures/BackPackSmall/T_BackpackSmall_AO_MT_R.ubulk" 1590
"C:/Users/cmckenna/Documents/Unreal Projects/RogueFirefight/Content/Insurgent_2/Textures/BackPackSmall/T_BackpackSmall_AO_MT_R.uasset" 1591
"C:/Users/cmckenna/Documents/Unreal Projects/RogueFirefight/Content/Insurgent_2/Textures/BackPackSmall/T_BackpackSmall_AO_MT_R.uexp" 1592
"C:/Users/cmckenna/Documents/Unreal Projects/RogueFirefight/Content/Insurgent_2/Textures/BackPackSmall/T_BackpackSmall_BC.ubulk" 1593
"C:/Users/cmckenna/Documents/Unreal Projects/RogueFirefight/Content/Insurgent_2/Textures/BackPackSmall/T_BackpackSmall_BC.uasset" 1594
"C:/Users/cmckenna/Documents/Unreal Projects/RogueFirefight/Content/Insurgent_2/Textures/BackPackSmall/T_BackpackSmall_BC.uexp" 1595
"C:/Users/cmckenna/Documents/Unreal Projects/RogueFirefight/Content/Insurgent_2/Textures/BackPackSmall/T_BackpackSmall_N.ubulk" 1596
"C:/Users/cmckenna/Documents/Unreal Projects/RogueFirefight/Content/Insurgent_2/Textures/BackPackSmall/T_BackpackSmall_N.uasset" 1597
"C:/Users/cmckenna/Documents/Unreal Projects/RogueFirefight/Content/Insurgent_2/Textures/BackPackSmall/T_BackpackSmall_N.uexp" 1598
"C:/Users/cmckenna/Documents/Unreal Projects/RogueFirefight/Content/Insurgent_2/Materials/Sources/M_BackpackSmall_Source.uasset" 1599
"C:/Users/cmckenna/Documents/Unreal Projects/RogueFirefight/Content/Insurgent_2/Materials/Sources/M_BackpackSmall_Source.uexp" 1600
"C:/Users/cmckenna/Documents/Unreal Projects/RogueFirefight/Content/Insurgent_2/Textures/Boots/T_Boots_AO_MT_R.ubulk" 1601
"C:/Users/cmckenna/Documents/Unreal Projects/RogueFirefight/Content/Insurgent_2/Textures/Boots/T_Boots_AO_MT_R.uasset" 1602
"C:/Users/cmckenna/Documents/Unreal Projects/RogueFirefight/Content/Insurgent_2/Textures/Boots/T_Boots_AO_MT_R.uexp" 1603
"C:/Users/cmckenna/Documents/Unreal Projects/RogueFirefight/Content/Insurgent_2/Textures/Boots/T_Boots_BC.ubulk" 1604
"C:/Users/cmckenna/Documents/Unreal Projects/RogueFirefight/Content/Insurgent_2/Textures/Boots/T_Boots_BC.uasset" 1605
"C:/Users/cmckenna/Documents/Unreal Projects/RogueFirefight/Content/Insurgent_2/Textures/Boots/T_Boots_BC.uexp" 1606
"C:/Users/cmckenna/Documents/Unreal Projects/RogueFirefight/Content/Insurgent_2/Textures/Boots/T_Boots_N.ubulk" 1607
"C:/Users/cmckenna/Documents/Unreal Projects/RogueFirefight/Content/Insurgent_2/Textures/Boots/T_Boots_N.uasset" 1608
"C:/Users/cmckenna/Documents/Unreal Projects/RogueFirefight/Content/Insurgent_2/Textures/Boots/T_Boots_N.uexp" 1609
"C:/Users/cmckenna/Documents/Unreal Projects/RogueFirefight/Content/Insurgent_2/Materials/Sources/M_Boots_Source.uasset" 1610
"C:/Users/cmckenna/Documents/Unreal Projects/RogueFirefight/Content/Insurgent_2/Materials/Sources/M_Boots_Source.uexp" 1611
"C:/Users/cmckenna/Documents/Unreal Projects/RogueFirefight/Content/Insurgent_2/Textures/ChestRigSmall/T_ChestRigSmall_AO_MT_R.ubulk" 1612
"C:/Users/cmckenna/Documents/Unreal Projects/RogueFirefight/Content/Insurgent_2/Textures/ChestRigSmall/T_ChestRigSmall_AO_MT_R.uasset" 1613
"C:/Users/cmckenna/Documents/Unreal Projects/RogueFirefight/Content/Insurgent_2/Textures/ChestRigSmall/T_ChestRigSmall_AO_MT_R.uexp" 1614
"C:/Users/cmckenna/Documents/Unreal Projects/RogueFirefight/Content/Insurgent_2/Textures/ChestRigSmall/T_ChestRigSmall_N.ubulk" 1615
"C:/Users/cmckenna/Documents/Unreal Projects/RogueFirefight/Content/Insurgent_2/Textures/ChestRigSmall/T_ChestRigSmall_N.uasset" 1616
"C:/Users/cmckenna/Documents/Unreal Projects/RogueFirefight/Content/Insurgent_2/Textures/ChestRigSmall/T_ChestRigSmall_N.uexp" 1617
"C:/Users/cmckenna/Documents/Unreal Projects/RogueFirefight/Content/Insurgent_2/Textures/ChestRigSmall/T_ChestRigSmall_BC.ubulk" 1618
"C:/Users/cmckenna/Documents/Unreal Projects/RogueFirefight/Content/Insurgent_2/Textures/ChestRigSmall/T_ChestRigSmall_BC.uasset" 1619
"C:/Users/cmckenna/Documents/Unreal Projects/RogueFirefight/Content/Insurgent_2/Textures/ChestRigSmall/T_ChestRigSmall_BC.uexp" 1620
"C:/Users/cmckenna/Documents/Unreal Projects/RogueFirefight/Content/Insurgent_2/Materials/Sources/M_ChestRigSmall_Source.uasset" 1621
"C:/Users/cmckenna/Documents/Unreal Projects/RogueFirefight/Content/Insurgent_2/Materials/Sources/M_ChestRigSmall_Source.uexp" 1622
"C:/Users/cmckenna/Documents/Unreal Projects/RogueFirefight/Content/Insurgent_2/Textures/HatPakol/T_HatPakol_AO_MT_R.ubulk" 1623
"C:/Users/cmckenna/Documents/Unreal Projects/RogueFirefight/Content/Insurgent_2/Textures/HatPakol/T_HatPakol_AO_MT_R.uasset" 1624
"C:/Users/cmckenna/Documents/Unreal Projects/RogueFirefight/Content/Insurgent_2/Textures/HatPakol/T_HatPakol_AO_MT_R.uexp" 1625
"C:/Users/cmckenna/Documents/Unreal Projects/RogueFirefight/Content/Insurgent_2/Textures/HatPakol/T_HatPakol_BC.ubulk" 1626
"C:/Users/cmckenna/Documents/Unreal Projects/RogueFirefight/Content/Insurgent_2/Textures/HatPakol/T_HatPakol_BC.uasset" 1627
"C:/Users/cmckenna/Documents/Unreal Projects/RogueFirefight/Content/Insurgent_2/Textures/HatPakol/T_HatPakol_BC.uexp" 1628
"C:/Users/cmckenna/Documents/Unreal Projects/RogueFirefight/Content/Insurgent_2/Textures/HatPakol/T_HatPakol_N.ubulk" 1629
"C:/Users/cmckenna/Documents/Unreal Projects/RogueFirefight/Content/Insurgent_2/Textures/HatPakol/T_HatPakol_N.uasset" 1630
"C:/Users/cmckenna/Documents/Unreal Projects/RogueFirefight/Content/Insurgent_2/Textures/HatPakol/T_HatPakol_N.uexp" 1631
"C:/Users/cmckenna/Documents/Unreal Projects/RogueFirefight/Content/Insurgent_2/Materials/Sources/M_HatPakol_Source.uasset" 1632
"C:/Users/cmckenna/Documents/Unreal Projects/RogueFirefight/Content/Insurgent_2/Materials/Sources/M_HatPakol_Source.uexp" 1633
"C:/Users/cmckenna/Documents/Unreal Projects/RogueFirefight/Content/Insurgent_2/Textures/PantsTracksuit/T_PantsTracksuit_AO_MT_R.ubulk" 1634
"C:/Users/cmckenna/Documents/Unreal Projects/RogueFirefight/Content/Insurgent_2/Textures/PantsTracksuit/T_PantsTracksuit_AO_MT_R.uasset" 1635
"C:/Users/cmckenna/Documents/Unreal Projects/RogueFirefight/Content/Insurgent_2/Textures/PantsTracksuit/T_PantsTracksuit_AO_MT_R.uexp" 1636
"C:/Users/cmckenna/Documents/Unreal Projects/RogueFirefight/Content/Insurgent_2/Textures/PantsTracksuit/T_PantsTracksuit_N.ubulk" 1637
"C:/Users/cmckenna/Documents/Unreal Projects/RogueFirefight/Content/Insurgent_2/Textures/PantsTracksuit/T_PantsTracksuit_N.uasset" 1638
"C:/Users/cmckenna/Documents/Unreal Projects/RogueFirefight/Content/Insurgent_2/Textures/PantsTracksuit/T_PantsTracksuit_N.uexp" 1639
"C:/Users/cmckenna/Documents/Unreal Projects/RogueFirefight/Content/Insurgent_2/Textures/PantsTracksuit/T_PantsTracksuit_Brown_BC.ubulk" 1640
"C:/Users/cmckenna/Documents/Unreal Projects/RogueFirefight/Content/Insurgent_2/Textures/PantsTracksuit/T_PantsTracksuit_Brown_BC.uasset" 1641
"C:/Users/cmckenna/Documents/Unreal Projects/RogueFirefight/Content/Insurgent_2/Textures/PantsTracksuit/T_PantsTracksuit_Brown_BC.uexp" 1642
"C:/Users/cmckenna/Documents/Unreal Projects/RogueFirefight/Content/Insurgent_2/Materials/Sources/M_PantsTracksuit_Source.uasset" 1643
"C:/Users/cmckenna/Documents/Unreal Projects/RogueFirefight/Content/Insurgent_2/Materials/Sources/M_PantsTracksuit_Source.uexp" 1644
"C:/Users/cmckenna/Documents/Unreal Projects/RogueFirefight/Content/Insurgent_2/Textures/Scarf/T_Scarf_AO_MT_R.ubulk" 1645
"C:/Users/cmckenna/Documents/Unreal Projects/RogueFirefight/Content/Insurgent_2/Textures/Scarf/T_Scarf_AO_MT_R.uasset" 1646
"C:/Users/cmckenna/Documents/Unreal Projects/RogueFirefight/Content/Insurgent_2/Textures/Scarf/T_Scarf_AO_MT_R.uexp" 1647
"C:/Users/cmckenna/Documents/Unreal Projects/RogueFirefight/Content/Insurgent_2/Textures/Scarf/T_Scarf_N.ubulk" 1648
"C:/Users/cmckenna/Documents/Unreal Projects/RogueFirefight/Content/Insurgent_2/Textures/Scarf/T_Scarf_N.uasset" 1649
"C:/Users/cmckenna/Documents/Unreal Projects/RogueFirefight/Content/Insurgent_2/Textures/Scarf/T_Scarf_N.uexp" 1650
"C:/Users/cmckenna/Documents/Unreal Projects/RogueFirefight/Content/Insurgent_2/Textures/Scarf/T_Scarf_Brown_BC.ubulk" 1651
"C:/Users/cmckenna/Documents/Unreal Projects/RogueFirefight/Content/Insurgent_2/Textures/Scarf/T_Scarf_Brown_BC.uasset" 1652
"C:/Users/cmckenna/Documents/Unreal Projects/RogueFirefight/Content/Insurgent_2/Textures/Scarf/T_Scarf_Brown_BC.uexp" 1653
"C:/Users/cmckenna/Documents/Unreal Projects/RogueFirefight/Content/Insurgent_2/Materials/Sources/M_Scarf_Source.uasset" 1654
"C:/Users/cmckenna/Documents/Unreal Projects/RogueFirefight/Content/Insurgent_2/Materials/Sources/M_Scarf_Source.uexp" 1655
"C:/Users/cmckenna/Documents/Unreal Projects/RogueFirefight/Content/Insurgent_2/Textures/ShirtLong/T_ShirtLong_AO_MT_R.ubulk" 1656
"C:/Users/cmckenna/Documents/Unreal Projects/RogueFirefight/Content/Insurgent_2/Textures/ShirtLong/T_ShirtLong_AO_MT_R.uasset" 1657
"C:/Users/cmckenna/Documents/Unreal Projects/RogueFirefight/Content/Insurgent_2/Textures/ShirtLong/T_ShirtLong_AO_MT_R.uexp" 1658
"C:/Users/cmckenna/Documents/Unreal Projects/RogueFirefight/Content/Insurgent_2/Textures/ShirtLong/T_ShirtLong_N.ubulk" 1659
"C:/Users/cmckenna/Documents/Unreal Projects/RogueFirefight/Content/Insurgent_2/Textures/ShirtLong/T_ShirtLong_N.uasset" 1660
"C:/Users/cmckenna/Documents/Unreal Projects/RogueFirefight/Content/Insurgent_2/Textures/ShirtLong/T_ShirtLong_N.uexp" 1661
"C:/Users/cmckenna/Documents/Unreal Projects/RogueFirefight/Content/Insurgent_2/Textures/ShirtLong/T_ShirtLong_Brown_BC.ubulk" 1662
"C:/Users/cmckenna/Documents/Unreal Projects/RogueFirefight/Content/Insurgent_2/Textures/ShirtLong/T_ShirtLong_Brown_BC.uasset" 1663
"C:/Users/cmckenna/Documents/Unreal Projects/RogueFirefight/Content/Insurgent_2/Textures/ShirtLong/T_ShirtLong_Brown_BC.uexp" 1664
"C:/Users/cmckenna/Documents/Unreal Projects/RogueFirefight/Content/Insurgent_2/Materials/Sources/M_ShirtLong_Source.uasset" 1665
"C:/Users/cmckenna/Documents/Unreal Projects/RogueFirefight/Content/Insurgent_2/Materials/Sources/M_ShirtLong_Source.uexp" 1666
"C:/Users/cmckenna/Documents/Unreal Projects/RogueFirefight/Content/Insurgent_2/Mesh/SK_Preset3.uasset" 1667
"C:/Users/cmckenna/Documents/Unreal Projects/RogueFirefight/Content/Insurgent_2/Mesh/SK_Preset3.uexp" 1668
"C:/Users/cmckenna/Documents/Unreal Projects/RogueFirefight/Content/Weapons_Free/Meshes/SM_sniper_rifle_001.ubulk" 1669
"C:/Users/cmckenna/Documents/Unreal Projects/RogueFirefight/Content/Weapons_Free/Meshes/SM_sniper_rifle_001.uasset" 1670
"C:/Users/cmckenna/Documents/Unreal Projects/RogueFirefight/Content/Weapons_Free/Meshes/SM_sniper_rifle_001.uexp" 1671
"C:/Users/cmckenna/Documents/Unreal Projects/RogueFirefight/Content/Insurgent_2/Animations/Demo/ThirdPerson_Jump.uasset" 1672
"C:/Users/cmckenna/Documents/Unreal Projects/RogueFirefight/Content/Insurgent_2/Animations/Demo/ThirdPerson_Jump.uexp" 1673
"C:/Users/cmckenna/Documents/Unreal Projects/RogueFirefight/Content/Insurgent_2/Animations/Demo/ThirdPersonJump_Loop.uasset" 1674
"C:/Users/cmckenna/Documents/Unreal Projects/RogueFirefight/Content/Insurgent_2/Animations/Demo/ThirdPersonJump_Loop.uexp" 1675
"C:/Users/cmckenna/Documents/Unreal Projects/RogueFirefight/Content/Insurgent_2/Animations/Demo/ThirdPersonJump_Start.uasset" 1676
"C:/Users/cmckenna/Documents/Unreal Projects/RogueFirefight/Content/Insurgent_2/Animations/Demo/ThirdPersonJump_Start.uexp" 1677
"C:/Users/cmckenna/Documents/Unreal Projects/RogueFirefight/Content/Insurgent_2/Animations/Demo/ThirdPersonIdle.uasset" 1678
"C:/Users/cmckenna/Documents/Unreal Projects/RogueFirefight/Content/Insurgent_2/Animations/Demo/ThirdPersonIdle.uexp" 1679
"C:/Users/cmckenna/Documents/Unreal Projects/RogueFirefight/Content/Insurgent_2/Animations/Demo/ThirdPersonRun.uasset" 1680
"C:/Users/cmckenna/Documents/Unreal Projects/RogueFirefight/Content/Insurgent_2/Animations/Demo/ThirdPersonRun.uexp" 1681
"C:/Users/cmckenna/Documents/Unreal Projects/RogueFirefight/Content/Insurgent_2/Animations/Demo/ThirdPersonWalk.uasset" 1682
"C:/Users/cmckenna/Documents/Unreal Projects/RogueFirefight/Content/Insurgent_2/Animations/Demo/ThirdPersonWalk.uexp" 1683
"C:/Users/cmckenna/Documents/Unreal Projects/RogueFirefight/Content/Insurgent_2/Animations/Demo/ThirdPerson_IdleRun_2D.uasset" 1684
"C:/Users/cmckenna/Documents/Unreal Projects/RogueFirefight/Content/Insurgent_2/Animations/Demo/ThirdPerson_IdleRun_2D.uexp" 1685
"C:/Users/cmckenna/Documents/Unreal Projects/RogueFirefight/Content/Insurgent_2/Animations/Demo/ThirdPerson_AnimBP.uasset" 1686
"C:/Users/cmckenna/Documents/Unreal Projects/RogueFirefight/Content/Insurgent_2/Animations/Demo/ThirdPerson_AnimBP.uexp" 1687
"C:/Users/cmckenna/Documents/Unreal Projects/RogueFirefight/Content/Blueprints/NewEnemies/NewSniperEnemy/Logic/E_NewSniperEnemyStates.uasset" 1688
"C:/Users/cmckenna/Documents/Unreal Projects/RogueFirefight/Content/Blueprints/NewEnemies/NewSniperEnemy/Logic/E_NewSniperEnemyStates.uexp" 1689
"C:/Users/cmckenna/Documents/Unreal Projects/RogueFirefight/Content/Blueprints/NewEnemies/NewSniperEnemy/Logic/BB_NewSniperEnemy.uasset" 1690
"C:/Users/cmckenna/Documents/Unreal Projects/RogueFirefight/Content/Blueprints/NewEnemies/NewSniperEnemy/Logic/BB_NewSniperEnemy.uexp" 1691
"C:/Users/cmckenna/Documents/Unreal Projects/RogueFirefight/Content/Blueprints/NewEnemies/NewSniperEnemy/Logic/NSE_PlayerContext.uasset" 1692
"C:/Users/cmckenna/Documents/Unreal Projects/RogueFirefight/Content/Blueprints/NewEnemies/NewSniperEnemy/Logic/NSE_PlayerContext.uexp" 1693
"C:/Users/cmckenna/Documents/Unreal Projects/RogueFirefight/Content/Blueprints/NewEnemies/NewSniperEnemy/Logic/EQS_NewSniperEnemyStrafe.uasset" 1694
"C:/Users/cmckenna/Documents/Unreal Projects/RogueFirefight/Content/Blueprints/NewEnemies/NewSniperEnemy/Logic/EQS_NewSniperEnemyStrafe.uexp" 1695
"C:/Users/cmckenna/Documents/Unreal Projects/RogueFirefight/Content/Blueprints/NewEnemies/NewSniperEnemy/NSE_Tasks/BTT_NSECheckValidTarget.uasset" 1696
"C:/Users/cmckenna/Documents/Unreal Projects/RogueFirefight/Content/Blueprints/NewEnemies/NewSniperEnemy/NSE_Tasks/BTT_NSECheckValidTarget.uexp" 1697
"C:/Users/cmckenna/Documents/Unreal Projects/RogueFirefight/Content/Blueprints/NewEnemies/NewSniperEnemy/NSE_Tasks/BTT_NSEPatrol.uasset" 1698
"C:/Users/cmckenna/Documents/Unreal Projects/RogueFirefight/Content/Blueprints/NewEnemies/NewSniperEnemy/NSE_Tasks/BTT_NSEPatrol.uexp" 1699
"C:/Users/cmckenna/Documents/Unreal Projects/RogueFirefight/Content/Blueprints/NewEnemies/NewSniperEnemy/NSE_Tasks/BTT_NSESetFocus.uasset" 1700
"C:/Users/cmckenna/Documents/Unreal Projects/RogueFirefight/Content/Blueprints/NewEnemies/NewSniperEnemy/NSE_Tasks/BTT_NSESetFocus.uexp" 1701
"C:/Users/cmckenna/Documents/Unreal Projects/RogueFirefight/Content/Blueprints/NewEnemies/NewSniperEnemy/NSE_Tasks/BTT_NSEStrafe.uasset" 1702
"C:/Users/cmckenna/Documents/Unreal Projects/RogueFirefight/Content/Blueprints/NewEnemies/NewSniperEnemy/NSE_Tasks/BTT_NSEStrafe.uexp" 1703
"C:/Users/cmckenna/Documents/Unreal Projects/RogueFirefight/Content/Blueprints/NewEnemies/NewSniperEnemy/Logic/BT_NewSniperEnemy.uasset" 1704
"C:/Users/cmckenna/Documents/Unreal Projects/RogueFirefight/Content/Blueprints/NewEnemies/NewSniperEnemy/Logic/BT_NewSniperEnemy.uexp" 1705
"C:/Users/cmckenna/Documents/Unreal Projects/RogueFirefight/Content/Blueprints/NewEnemies/NewSniperEnemy/Logic/AIC_NewSniperEnemy.uasset" 1706
"C:/Users/cmckenna/Documents/Unreal Projects/RogueFirefight/Content/Blueprints/NewEnemies/NewSniperEnemy/Logic/AIC_NewSniperEnemy.uexp" 1707
"C:/Users/cmckenna/Documents/Unreal Projects/RogueFirefight/Content/Blueprints/NewEnemies/NewSniperEnemy/Playable/BP_NewSniperEnemy.uasset" 1708
"C:/Users/cmckenna/Documents/Unreal Projects/RogueFirefight/Content/Blueprints/NewEnemies/NewSniperEnemy/Playable/BP_NewSniperEnemy.uexp" 1709
"C:/Users/cmckenna/Documents/Unreal Projects/RogueFirefight/Content/Blueprints/Spawners/SpawnerTypes.uasset" 1710
"C:/Users/cmckenna/Documents/Unreal Projects/RogueFirefight/Content/Blueprints/Spawners/SpawnerTypes.uexp" 1711
"../../../Engine/Content/VREditor/BasicMeshes/T_CleanFloorGrunge_01_D.ubulk" 1712
"../../../Engine/Content/VREditor/BasicMeshes/T_CleanFloorGrunge_01_D.uasset" 1713
"../../../Engine/Content/VREditor/BasicMeshes/T_CleanFloorGrunge_01_D.uexp" 1714
"../../../Engine/Content/VREditor/BasicMeshes/M_Floor_01.uasset" 1715
"../../../Engine/Content/VREditor/BasicMeshes/M_Floor_01.uexp" 1716
"../../../Engine/Content/VREditor/BasicMeshes/MI_Cube_01.uasset" 1717
"../../../Engine/Content/VREditor/BasicMeshes/MI_Cube_01.uexp" 1718
"../../../Engine/Content/VREditor/BasicMeshes/SM_Cube_01.ubulk" 1719
"../../../Engine/Content/VREditor/BasicMeshes/SM_Cube_01.uasset" 1720
"../../../Engine/Content/VREditor/BasicMeshes/SM_Cube_01.uexp" 1721
"C:/Users/cmckenna/Documents/Unreal Projects/RogueFirefight/Content/Blueprints/Progression/RaidObjective.uasset" 1722
"C:/Users/cmckenna/Documents/Unreal Projects/RogueFirefight/Content/Blueprints/Progression/RaidObjective.uexp" 1723
"C:/Users/cmckenna/Documents/Unreal Projects/RogueFirefight/Content/Blueprints/Progression/RescueObjective.uasset" 1724
"C:/Users/cmckenna/Documents/Unreal Projects/RogueFirefight/Content/Blueprints/Progression/RescueObjective.uexp" 1725
"C:/Users/cmckenna/Documents/Unreal Projects/RogueFirefight/Content/Blueprints/Progression/SabotageObjective.uasset" 1726
"C:/Users/cmckenna/Documents/Unreal Projects/RogueFirefight/Content/Blueprints/Progression/SabotageObjective.uexp" 1727
"C:/Users/cmckenna/Documents/Unreal Projects/RogueFirefight/Content/Blueprints/Spawners/EnemyTypes.uasset" 1728
"C:/Users/cmckenna/Documents/Unreal Projects/RogueFirefight/Content/Blueprints/Spawners/EnemyTypes.uexp" 1729
"C:/Users/cmckenna/Documents/Unreal Projects/RogueFirefight/Content/Blueprints/Spawners/ItemPickupTypes.uasset" 1730
"C:/Users/cmckenna/Documents/Unreal Projects/RogueFirefight/Content/Blueprints/Spawners/ItemPickupTypes.uexp" 1731
"../../../Engine/Content/BasicShapes/Sphere.ubulk" 1732
"../../../Engine/Content/BasicShapes/Sphere.uasset" 1733
"../../../Engine/Content/BasicShapes/Sphere.uexp" 1734
"C:/Users/cmckenna/Documents/Unreal Projects/RogueFirefight/Content/Material/HealthPickupMaterial/M_HealthPickupLarge.uasset" 1735
"C:/Users/cmckenna/Documents/Unreal Projects/RogueFirefight/Content/Material/HealthPickupMaterial/M_HealthPickupLarge.uexp" 1736
"C:/Users/cmckenna/Documents/Unreal Projects/RogueFirefight/Content/Blueprints/ItemPickups/HealthPickups/BP_HealthPickupLarge.uasset" 1737
"C:/Users/cmckenna/Documents/Unreal Projects/RogueFirefight/Content/Blueprints/ItemPickups/HealthPickups/BP_HealthPickupLarge.uexp" 1738
"C:/Users/cmckenna/Documents/Unreal Projects/RogueFirefight/Content/Material/HealthPickupMaterial/M_HealthPickupMedium.uasset" 1739
"C:/Users/cmckenna/Documents/Unreal Projects/RogueFirefight/Content/Material/HealthPickupMaterial/M_HealthPickupMedium.uexp" 1740
"C:/Users/cmckenna/Documents/Unreal Projects/RogueFirefight/Content/Blueprints/ItemPickups/HealthPickups/BP_HealthPickupMedium.uasset" 1741
"C:/Users/cmckenna/Documents/Unreal Projects/RogueFirefight/Content/Blueprints/ItemPickups/HealthPickups/BP_HealthPickupMedium.uexp" 1742
"C:/Users/cmckenna/Documents/Unreal Projects/RogueFirefight/Content/Material/HealthPickupMaterial/M_HealthPickupSmall.uasset" 1743
"C:/Users/cmckenna/Documents/Unreal Projects/RogueFirefight/Content/Material/HealthPickupMaterial/M_HealthPickupSmall.uexp" 1744
"C:/Users/cmckenna/Documents/Unreal Projects/RogueFirefight/Content/Blueprints/ItemPickups/HealthPickups/BP_HealthPickupSmall.uasset" 1745
"C:/Users/cmckenna/Documents/Unreal Projects/RogueFirefight/Content/Blueprints/ItemPickups/HealthPickups/BP_HealthPickupSmall.uexp" 1746
"../../../Engine/Content/BasicShapes/Cube.ubulk" 1747
"../../../Engine/Content/BasicShapes/Cube.uasset" 1748
"../../../Engine/Content/BasicShapes/Cube.uexp" 1749
"C:/Users/cmckenna/Documents/Unreal Projects/RogueFirefight/Content/Material/MoneyPickupMaterial/M_MoneyPickupLarge.uasset" 1750
"C:/Users/cmckenna/Documents/Unreal Projects/RogueFirefight/Content/Material/MoneyPickupMaterial/M_MoneyPickupLarge.uexp" 1751
"C:/Users/cmckenna/Documents/Unreal Projects/RogueFirefight/Content/Blueprints/ItemPickups/MoneyPickups/BP_MoneyPickupLarge.uasset" 1752
"C:/Users/cmckenna/Documents/Unreal Projects/RogueFirefight/Content/Blueprints/ItemPickups/MoneyPickups/BP_MoneyPickupLarge.uexp" 1753
"C:/Users/cmckenna/Documents/Unreal Projects/RogueFirefight/Content/Material/MoneyPickupMaterial/M_MoneyPickupMedium.uasset" 1754
"C:/Users/cmckenna/Documents/Unreal Projects/RogueFirefight/Content/Material/MoneyPickupMaterial/M_MoneyPickupMedium.uexp" 1755
"C:/Users/cmckenna/Documents/Unreal Projects/RogueFirefight/Content/Blueprints/ItemPickups/MoneyPickups/BP_MoneyPickupMedium.uasset" 1756
"C:/Users/cmckenna/Documents/Unreal Projects/RogueFirefight/Content/Blueprints/ItemPickups/MoneyPickups/BP_MoneyPickupMedium.uexp" 1757
"C:/Users/cmckenna/Documents/Unreal Projects/RogueFirefight/Content/Material/MoneyPickupMaterial/M_MoneyPickupSmall.uasset" 1758
"C:/Users/cmckenna/Documents/Unreal Projects/RogueFirefight/Content/Material/MoneyPickupMaterial/M_MoneyPickupSmall.uexp" 1759
"C:/Users/cmckenna/Documents/Unreal Projects/RogueFirefight/Content/Blueprints/ItemPickups/MoneyPickups/BP_MoneyPickupSmall.uasset" 1760
"C:/Users/cmckenna/Documents/Unreal Projects/RogueFirefight/Content/Blueprints/ItemPickups/MoneyPickups/BP_MoneyPickupSmall.uexp" 1761
"C:/Users/cmckenna/Documents/Unreal Projects/RogueFirefight/Content/Blueprints/Spawners/SpawnerComponent.uasset" 1762
"C:/Users/cmckenna/Documents/Unreal Projects/RogueFirefight/Content/Blueprints/Spawners/SpawnerComponent.uexp" 1763
"C:/Users/cmckenna/Documents/Unreal Projects/RogueFirefight/Content/Blueprints/Spawners/SingleSpawner.uasset" 1764
"C:/Users/cmckenna/Documents/Unreal Projects/RogueFirefight/Content/Blueprints/Spawners/SingleSpawner.uexp" 1765
"../../../Engine/Content/VREditor/BasicMeshes/MI_Ball_01.uasset" 1766
"../../../Engine/Content/VREditor/BasicMeshes/MI_Ball_01.uexp" 1767
"../../../Engine/Content/VREditor/BasicMeshes/SM_Ball_01.ubulk" 1768
"../../../Engine/Content/VREditor/BasicMeshes/SM_Ball_01.uasset" 1769
"../../../Engine/Content/VREditor/BasicMeshes/SM_Ball_01.uexp" 1770
"C:/Users/cmckenna/Documents/Unreal Projects/RogueFirefight/Content/Blueprints/Progression/LevelExit.uasset" 1771
"C:/Users/cmckenna/Documents/Unreal Projects/RogueFirefight/Content/Blueprints/Progression/LevelExit.uexp" 1772
"C:/Users/cmckenna/Documents/Unreal Projects/RogueFirefight/Content/Blueprints/GameModes/CrossLevelData.uasset" 1773
"C:/Users/cmckenna/Documents/Unreal Projects/RogueFirefight/Content/Blueprints/GameModes/CrossLevelData.uexp" 1774
"C:/Users/cmckenna/Documents/Unreal Projects/RogueFirefight/Content/Blueprints/GameModes/ObjectiveTypes.uasset" 1775
"C:/Users/cmckenna/Documents/Unreal Projects/RogueFirefight/Content/Blueprints/GameModes/ObjectiveTypes.uexp" 1776
"C:/Users/cmckenna/Documents/Unreal Projects/RogueFirefight/Content/FirstPerson/Blueprints/BP_FirstPersonCameraManager.uasset" 1777
"C:/Users/cmckenna/Documents/Unreal Projects/RogueFirefight/Content/FirstPerson/Blueprints/BP_FirstPersonCameraManager.uexp" 1778
"C:/Users/cmckenna/Documents/Unreal Projects/RogueFirefight/Content/Input/Actions/IA_Sprint.uasset" 1779
"C:/Users/cmckenna/Documents/Unreal Projects/RogueFirefight/Content/Input/Actions/IA_Sprint.uexp" 1780
"C:/Users/cmckenna/Documents/Unreal Projects/RogueFirefight/Content/Input/IMC_Default.uasset" 1781
"C:/Users/cmckenna/Documents/Unreal Projects/RogueFirefight/Content/Input/IMC_Default.uexp" 1782
"C:/Users/cmckenna/Documents/Unreal Projects/RogueFirefight/Content/Input/IMC_MouseLook.uasset" 1783
"C:/Users/cmckenna/Documents/Unreal Projects/RogueFirefight/Content/Input/IMC_MouseLook.uexp" 1784
"C:/Users/cmckenna/Documents/Unreal Projects/RogueFirefight/Content/FirstPerson/Blueprints/BP_FirstPersonPlayerController.uasset" 1785
"C:/Users/cmckenna/Documents/Unreal Projects/RogueFirefight/Content/FirstPerson/Blueprints/BP_FirstPersonPlayerController.uexp" 1786
"C:/Users/cmckenna/Documents/Unreal Projects/RogueFirefight/Content/FirstPerson/Blueprints/BP_FirstPersonGameMode.uasset" 1787
"C:/Users/cmckenna/Documents/Unreal Projects/RogueFirefight/Content/FirstPerson/Blueprints/BP_FirstPersonGameMode.uexp" 1788
"C:/Users/cmckenna/Documents/Unreal Projects/RogueFirefight/Content/Blueprints/GameModes/MainGameMode.uasset" 1789
"C:/Users/cmckenna/Documents/Unreal Projects/RogueFirefight/Content/Blueprints/GameModes/MainGameMode.uexp" 1790
"C:/Users/cmckenna/Documents/Unreal Projects/RogueFirefight/Content/FirstPerson/Lvl_FirstPerson.uexp" 1791
"C:/Users/cmckenna/Documents/Unreal Projects/RogueFirefight/Content/FirstPerson/Lvl_FirstPerson.umap" 1792
"C:/Users/cmckenna/Documents/Unreal Projects/RogueFirefight/Content/UI/UI_DeathScreenStuff/DeathScreen.uasset" 1793
"C:/Users/cmckenna/Documents/Unreal Projects/RogueFirefight/Content/UI/UI_DeathScreenStuff/DeathScreen.uexp" 1794
"C:/Users/cmckenna/Documents/Unreal Projects/RogueFirefight/Content/UI/UI_DeathScreenStuff/DeathScreenGM.uasset" 1795
"C:/Users/cmckenna/Documents/Unreal Projects/RogueFirefight/Content/UI/UI_DeathScreenStuff/DeathScreenGM.uexp" 1796
"C:/Users/cmckenna/Documents/Unreal Projects/RogueFirefight/Content/Levels/DeathScreenMenu.uexp" 1797
"C:/Users/cmckenna/Documents/Unreal Projects/RogueFirefight/Content/Levels/DeathScreenMenu.umap" 1798
"C:/Users/cmckenna/Documents/Unreal Projects/RogueFirefight/Content/UI/RubikDirt-Regular.uexp" 1799
"C:/Users/cmckenna/Documents/Unreal Projects/RogueFirefight/Content/UI/RubikDirt-Regular.uasset" 1800
"C:/Users/cmckenna/Documents/Unreal Projects/RogueFirefight/Content/UI/RubikDirt-Regular.ufont" 1801
"C:/Users/cmckenna/Documents/Unreal Projects/RogueFirefight/Content/UI/RubikDirt-Regular_Font.uasset" 1802
"C:/Users/cmckenna/Documents/Unreal Projects/RogueFirefight/Content/UI/RubikDirt-Regular_Font.uexp" 1803
"C:/Users/cmckenna/Documents/Unreal Projects/RogueFirefight/Content/UI/UI_MainMenuStuff/MainMenu_Widget.uasset" 1804
"C:/Users/cmckenna/Documents/Unreal Projects/RogueFirefight/Content/UI/UI_MainMenuStuff/MainMenu_Widget.uexp" 1805
"C:/Users/cmckenna/Documents/Unreal Projects/RogueFirefight/Content/UI/UI_MainMenuStuff/MainMenuGM.uasset" 1806
"C:/Users/cmckenna/Documents/Unreal Projects/RogueFirefight/Content/UI/UI_MainMenuStuff/MainMenuGM.uexp" 1807
"C:/Users/cmckenna/Documents/Unreal Projects/RogueFirefight/Content/Levels/MainMenu.uexp" 1808
"C:/Users/cmckenna/Documents/Unreal Projects/RogueFirefight/Content/Levels/MainMenu.umap" 1809
"C:/Users/cmckenna/Documents/Unreal Projects/RogueFirefight/Content/UI/UI_SettingsMainMenuStuff/Settings_MainMenu.uasset" 1810
"C:/Users/cmckenna/Documents/Unreal Projects/RogueFirefight/Content/UI/UI_SettingsMainMenuStuff/Settings_MainMenu.uexp" 1811
"C:/Users/cmckenna/Documents/Unreal Projects/RogueFirefight/Content/UI/UI_SettingsMainMenuStuff/SettingsMainMenuGM.uasset" 1812
"C:/Users/cmckenna/Documents/Unreal Projects/RogueFirefight/Content/UI/UI_SettingsMainMenuStuff/SettingsMainMenuGM.uexp" 1813
"C:/Users/cmckenna/Documents/Unreal Projects/RogueFirefight/Content/Levels/SettingsMenu.uexp" 1814
"C:/Users/cmckenna/Documents/Unreal Projects/RogueFirefight/Content/Levels/SettingsMenu.umap" 1815
"C:/Users/cmckenna/Documents/Unreal Projects/RogueFirefight/Content/UI/UI_VictoryScreenStuff/Victory_Screen.uasset" 1816
"C:/Users/cmckenna/Documents/Unreal Projects/RogueFirefight/Content/UI/UI_VictoryScreenStuff/Victory_Screen.uexp" 1817
"C:/Users/cmckenna/Documents/Unreal Projects/RogueFirefight/Content/UI/UI_MainMenuStuff/VictoryGM.uasset" 1818
"C:/Users/cmckenna/Documents/Unreal Projects/RogueFirefight/Content/UI/UI_MainMenuStuff/VictoryGM.uexp" 1819
"C:/Users/cmckenna/Documents/Unreal Projects/RogueFirefight/Content/Levels/VictoryScreen.uexp" 1820
"C:/Users/cmckenna/Documents/Unreal Projects/RogueFirefight/Content/Levels/VictoryScreen.umap" 1821
"../../../Engine/Content/Maps/Entry_BuiltData.uasset" 1822
"../../../Engine/Content/Maps/Entry_BuiltData.uexp" 1823
"../../../Engine/Content/Maps/Entry.uexp" 1824
"../../../Engine/Content/Maps/Entry.umap" 1825
"../../../Engine/Content/EngineSky/T_Sky_Blue.ubulk" 1826
"../../../Engine/Content/EngineSky/T_Sky_Blue.uasset" 1827
"../../../Engine/Content/EngineSky/T_Sky_Blue.uexp" 1828
"../../../Engine/Content/EngineSky/T_Sky_Clouds_M.ubulk" 1829
"../../../Engine/Content/EngineSky/T_Sky_Clouds_M.uasset" 1830
"../../../Engine/Content/EngineSky/T_Sky_Clouds_M.uexp" 1831
"../../../Engine/Content/EngineSky/T_Sky_Stars.ubulk" 1832
"../../../Engine/Content/EngineSky/T_Sky_Stars.uasset" 1833
"../../../Engine/Content/EngineSky/T_Sky_Stars.uexp" 1834
"../../../Engine/Content/EngineSky/M_Sky_Panning_Clouds2.uasset" 1835
"../../../Engine/Content/EngineSky/M_Sky_Panning_Clouds2.uexp" 1836
"../../../Engine/Content/EngineSky/SM_SkySphere.ubulk" 1837
"../../../Engine/Content/EngineSky/SM_SkySphere.uasset" 1838
"../../../Engine/Content/EngineSky/SM_SkySphere.uexp" 1839
"../../../Engine/Content/EngineSky/M_SimpleSkyDome.uasset" 1840
"../../../Engine/Content/EngineSky/M_SimpleSkyDome.uexp" 1841
"../../../Engine/Content/Functions/Engine_MaterialFunctions02/Utility/BreakOutFloat4Components.uasset" 1842
"../../../Engine/Content/Functions/Engine_MaterialFunctions02/Utility/BreakOutFloat4Components.uexp" 1843
"../../../Engine/Content/Functions/Engine_MaterialFunctions02/Utility/MakeFloat4.uasset" 1844
"../../../Engine/Content/Functions/Engine_MaterialFunctions02/Utility/MakeFloat4.uexp" 1845
"../../../Engine/Content/EngineResources/DefaultVolumeTexture2D.uasset" 1846
"../../../Engine/Content/EngineResources/DefaultVolumeTexture2D.uexp" 1847
"../../../Engine/Content/EngineResources/DefaultVolumeTexture.uasset" 1848
"../../../Engine/Content/EngineResources/DefaultVolumeTexture.uexp" 1849
"../../../Engine/Content/EngineSky/VolumetricClouds/VT_Lightning.uasset" 1850
"../../../Engine/Content/EngineSky/VolumetricClouds/VT_Lightning.uexp" 1851
"../../../Engine/Content/Functions/Engine_MaterialFunctions01/Units/Km-to-Cm.uasset" 1852
"../../../Engine/Content/Functions/Engine_MaterialFunctions01/Units/Km-to-Cm.uexp" 1853
"../../../Engine/Content/EngineSky/VolumetricClouds/m_SimpleVolumetricCloud.uasset" 1854
"../../../Engine/Content/EngineSky/VolumetricClouds/m_SimpleVolumetricCloud.uexp" 1855
"../../../Engine/Content/EngineSky/VolumetricClouds/T_CloudMask.ubulk" 1856
"../../../Engine/Content/EngineSky/VolumetricClouds/T_CloudMask.uasset" 1857
"../../../Engine/Content/EngineSky/VolumetricClouds/T_CloudMask.uexp" 1858
"../../../Engine/Content/EngineSky/VolumetricClouds/T_CloudPattern.ubulk" 1859
"../../../Engine/Content/EngineSky/VolumetricClouds/T_CloudPattern.uasset" 1860
"../../../Engine/Content/EngineSky/VolumetricClouds/T_CloudPattern.uexp" 1861
"../../../Engine/Content/EngineSky/VolumetricClouds/T_Profile_08.ubulk" 1862
"../../../Engine/Content/EngineSky/VolumetricClouds/T_Profile_08.uasset" 1863
"../../../Engine/Content/EngineSky/VolumetricClouds/T_Profile_08.uexp" 1864
"../../../Engine/Content/EngineSky/VolumetricClouds/VT_PerlinWorley_Balanced.uasset" 1865
"../../../Engine/Content/EngineSky/VolumetricClouds/VT_PerlinWorley_Balanced.uexp" 1866
"../../../Engine/Content/EngineSky/VolumetricClouds/m_SimpleVolumetricCloud_Inst.uasset" 1867
"../../../Engine/Content/EngineSky/VolumetricClouds/m_SimpleVolumetricCloud_Inst.uexp" 1868
"C:/Users/cmckenna/Documents/Unreal Projects/RogueFirefight/Content/SM_Crag1Desert.ubulk" 1869
"C:/Users/cmckenna/Documents/Unreal Projects/RogueFirefight/Content/SM_Crag1Desert.uasset" 1870
"C:/Users/cmckenna/Documents/Unreal Projects/RogueFirefight/Content/SM_Crag1Desert.uexp" 1871
"C:/Users/cmckenna/Documents/Unreal Projects/RogueFirefight/Content/SM_Crates.ubulk" 1872
"C:/Users/cmckenna/Documents/Unreal Projects/RogueFirefight/Content/SM_Crates.uasset" 1873
"C:/Users/cmckenna/Documents/Unreal Projects/RogueFirefight/Content/SM_Crates.uexp" 1874
"../../../Engine/Plugins/Interchange/Assets/Content/gltf/MaterialInstances/MI_Default_Opaque_DS.uasset" 1875
"../../../Engine/Plugins/Interchange/Assets/Content/gltf/MaterialInstances/MI_Default_Opaque_DS.uexp" 1876
"C:/Users/cmckenna/Documents/Unreal Projects/RogueFirefight/Content/Fab/Camp_Props/Camp_props/Textures/Props_1_Tent_1_Albedo.ubulk" 1877
"C:/Users/cmckenna/Documents/Unreal Projects/RogueFirefight/Content/Fab/Camp_Props/Camp_props/Textures/Props_1_Tent_1_Albedo.uasset" 1878
"C:/Users/cmckenna/Documents/Unreal Projects/RogueFirefight/Content/Fab/Camp_Props/Camp_props/Textures/Props_1_Tent_1_Albedo.uexp" 1879
"C:/Users/cmckenna/Documents/Unreal Projects/RogueFirefight/Content/Fab/Camp_Props/Camp_props/Textures/Props_1_Tent_1_Metalness-Props_1_Tent_1_Roughness.ubulk" 1880
"C:/Users/cmckenna/Documents/Unreal Projects/RogueFirefight/Content/Fab/Camp_Props/Camp_props/Textures/Props_1_Tent_1_Metalness-Props_1_Tent_1_Roughness.uasset" 1881
"C:/Users/cmckenna/Documents/Unreal Projects/RogueFirefight/Content/Fab/Camp_Props/Camp_props/Textures/Props_1_Tent_1_Metalness-Props_1_Tent_1_Roughness.uexp" 1882
"C:/Users/cmckenna/Documents/Unreal Projects/RogueFirefight/Content/Fab/Camp_Props/Camp_props/Textures/Props_1_Tent_1_Normal.ubulk" 1883
"C:/Users/cmckenna/Documents/Unreal Projects/RogueFirefight/Content/Fab/Camp_Props/Camp_props/Textures/Props_1_Tent_1_Normal.uasset" 1884
"C:/Users/cmckenna/Documents/Unreal Projects/RogueFirefight/Content/Fab/Camp_Props/Camp_props/Textures/Props_1_Tent_1_Normal.uexp" 1885
"C:/Users/cmckenna/Documents/Unreal Projects/RogueFirefight/Content/Fab/Camp_Props/Camp_props/Materials/Tent_1.uasset" 1886
"C:/Users/cmckenna/Documents/Unreal Projects/RogueFirefight/Content/Fab/Camp_Props/Camp_props/Materials/Tent_1.uexp" 1887
"C:/Users/cmckenna/Documents/Unreal Projects/RogueFirefight/Content/Fab/Camp_Props/Camp_props/Textures/Props_2_Tent_poles_Albedo.ubulk" 1888
"C:/Users/cmckenna/Documents/Unreal Projects/RogueFirefight/Content/Fab/Camp_Props/Camp_props/Textures/Props_2_Tent_poles_Albedo.uasset" 1889
"C:/Users/cmckenna/Documents/Unreal Projects/RogueFirefight/Content/Fab/Camp_Props/Camp_props/Textures/Props_2_Tent_poles_Albedo.uexp" 1890
"C:/Users/cmckenna/Documents/Unreal Projects/RogueFirefight/Content/Fab/Camp_Props/Camp_props/Textures/Props_2_Tent_poles_Metalness_png-Props_2_Tent_poles_Roughness_png.ubulk" 1891
"C:/Users/cmckenna/Documents/Unreal Projects/RogueFirefight/Content/Fab/Camp_Props/Camp_props/Textures/Props_2_Tent_poles_Metalness_png-Props_2_Tent_poles_Roughness_png.uasset" 1892
"C:/Users/cmckenna/Documents/Unreal Projects/RogueFirefight/Content/Fab/Camp_Props/Camp_props/Textures/Props_2_Tent_poles_Metalness_png-Props_2_Tent_poles_Roughness_png.uexp" 1893
"C:/Users/cmckenna/Documents/Unreal Projects/RogueFirefight/Content/Fab/Camp_Props/Camp_props/Textures/Props_2_Tent_poles_Normal.ubulk" 1894
"C:/Users/cmckenna/Documents/Unreal Projects/RogueFirefight/Content/Fab/Camp_Props/Camp_props/Textures/Props_2_Tent_poles_Normal.uasset" 1895
"C:/Users/cmckenna/Documents/Unreal Projects/RogueFirefight/Content/Fab/Camp_Props/Camp_props/Textures/Props_2_Tent_poles_Normal.uexp" 1896
"C:/Users/cmckenna/Documents/Unreal Projects/RogueFirefight/Content/Fab/Camp_Props/Camp_props/Materials/Tent_poles.uasset" 1897
"C:/Users/cmckenna/Documents/Unreal Projects/RogueFirefight/Content/Fab/Camp_Props/Camp_props/Materials/Tent_poles.uexp" 1898
"C:/Users/cmckenna/Documents/Unreal Projects/RogueFirefight/Content/SM_Desert_Tent.ubulk" 1899
"C:/Users/cmckenna/Documents/Unreal Projects/RogueFirefight/Content/SM_Desert_Tent.uasset" 1900
"C:/Users/cmckenna/Documents/Unreal Projects/RogueFirefight/Content/SM_Desert_Tent.uexp" 1901
"C:/Users/cmckenna/Documents/Unreal Projects/RogueFirefight/Content/LevelPrototyping/Materials/M_PrototypeGrid_Tent.uasset" 1902
"C:/Users/cmckenna/Documents/Unreal Projects/RogueFirefight/Content/LevelPrototyping/Materials/M_PrototypeGrid_Tent.uexp" 1903
"C:/Users/cmckenna/Documents/Unreal Projects/RogueFirefight/Content/SM_Tent.ubulk" 1904
"C:/Users/cmckenna/Documents/Unreal Projects/RogueFirefight/Content/SM_Tent.uasset" 1905
"C:/Users/cmckenna/Documents/Unreal Projects/RogueFirefight/Content/SM_Tent.uexp" 1906
"C:/Users/cmckenna/Documents/Unreal Projects/RogueFirefight/Content/SM_Ladder.ubulk" 1907
"C:/Users/cmckenna/Documents/Unreal Projects/RogueFirefight/Content/SM_Ladder.uasset" 1908
"C:/Users/cmckenna/Documents/Unreal Projects/RogueFirefight/Content/SM_Ladder.uexp" 1909
"C:/Users/cmckenna/Documents/Unreal Projects/RogueFirefight/Content/Blueprints/Environment/Climbable/BP_Ladder.uasset" 1910
"C:/Users/cmckenna/Documents/Unreal Projects/RogueFirefight/Content/Blueprints/Environment/Climbable/BP_Ladder.uexp" 1911
"../../../Engine/Content/EngineResources/DefaultTexture.ubulk" 1912
"../../../Engine/Content/EngineResources/DefaultTexture.uasset" 1913
"../../../Engine/Content/EngineResources/DefaultTexture.uexp" 1914
"../../../Engine/Content/EngineMaterials/DefaultNormal.ubulk" 1915
"../../../Engine/Content/EngineMaterials/DefaultNormal.uasset" 1916
"../../../Engine/Content/EngineMaterials/DefaultNormal.uexp" 1917
"../../../Engine/Content/Functions/Engine_MaterialFunctions03/Procedurals/NormalFromHeightmap.uasset" 1918
"../../../Engine/Content/Functions/Engine_MaterialFunctions03/Procedurals/NormalFromHeightmap.uexp" 1919
"../../../Engine/Plugins/Interchange/Assets/Content/Functions/MF_PhongToMetalRoughness.uasset" 1920
"../../../Engine/Plugins/Interchange/Assets/Content/Functions/MF_PhongToMetalRoughness.uexp" 1921
"../../../Engine/Plugins/Interchange/Assets/Content/Materials/FBXLegacyPhongSurfaceMaterial.uasset" 1922
"../../../Engine/Plugins/Interchange/Assets/Content/Materials/FBXLegacyPhongSurfaceMaterial.uexp" 1923
"C:/Users/cmckenna/Documents/Unreal Projects/RogueFirefight/Content/LevelSM/lambert1.uasset" 1924
"C:/Users/cmckenna/Documents/Unreal Projects/RogueFirefight/Content/LevelSM/lambert1.uexp" 1925
"C:/Users/cmckenna/Documents/Unreal Projects/RogueFirefight/Content/LevelSM/Crag2.ubulk" 1926
"C:/Users/cmckenna/Documents/Unreal Projects/RogueFirefight/Content/LevelSM/Crag2.uasset" 1927
"C:/Users/cmckenna/Documents/Unreal Projects/RogueFirefight/Content/LevelSM/Crag2.uexp" 1928
"../../../Engine/Content/EngineMaterials/DefaultNormal_Uncompressed.ubulk" 1929
"../../../Engine/Content/EngineMaterials/DefaultNormal_Uncompressed.uasset" 1930
"../../../Engine/Content/EngineMaterials/DefaultNormal_Uncompressed.uexp" 1931
"../../../Engine/Content/Functions/Engine_MaterialFunctions02/Math/CreateThirdOrthogonalVector.uasset" 1932
"../../../Engine/Content/Functions/Engine_MaterialFunctions02/Math/CreateThirdOrthogonalVector.uexp" 1933
"../../../Engine/Content/Functions/Engine_MaterialFunctions01/Texturing/WorldAlignedTexture.uasset" 1934
"../../../Engine/Content/Functions/Engine_MaterialFunctions01/Texturing/WorldAlignedTexture.uexp" 1935
"../../../Engine/Content/Functions/Engine_MaterialFunctions02/WorldAlignedNormals_HighQuality.uasset" 1936
"../../../Engine/Content/Functions/Engine_MaterialFunctions02/WorldAlignedNormals_HighQuality.uexp" 1937
"../../../Engine/Content/Functions/Engine_MaterialFunctions01/Texturing/WorldAlignedNormal.uasset" 1938
"../../../Engine/Content/Functions/Engine_MaterialFunctions01/Texturing/WorldAlignedNormal.uexp" 1939
"C:/Users/cmckenna/Documents/Unreal Projects/RogueFirefight/Content/MWLandscapeAutoMaterial/Textures/Ground/TEX_MWAM_SandA_col.ubulk" 1940
"C:/Users/cmckenna/Documents/Unreal Projects/RogueFirefight/Content/MWLandscapeAutoMaterial/Textures/Ground/TEX_MWAM_SandA_col.uasset" 1941
"C:/Users/cmckenna/Documents/Unreal Projects/RogueFirefight/Content/MWLandscapeAutoMaterial/Textures/Ground/TEX_MWAM_SandA_col.uexp" 1942
"C:/Users/cmckenna/Documents/Unreal Projects/RogueFirefight/Content/MWLandscapeAutoMaterial/Textures/Ground/TEX_MWAM_SandA_nrm.ubulk" 1943
"C:/Users/cmckenna/Documents/Unreal Projects/RogueFirefight/Content/MWLandscapeAutoMaterial/Textures/Ground/TEX_MWAM_SandA_nrm.uasset" 1944
"C:/Users/cmckenna/Documents/Unreal Projects/RogueFirefight/Content/MWLandscapeAutoMaterial/Textures/Ground/TEX_MWAM_SandA_nrm.uexp" 1945
"C:/Users/cmckenna/Documents/Unreal Projects/RogueFirefight/Content/Material/BasicMaterial/Desert_Mound_Material.uasset" 1946
"C:/Users/cmckenna/Documents/Unreal Projects/RogueFirefight/Content/Material/BasicMaterial/Desert_Mound_Material.uexp" 1947
"C:/Users/cmckenna/Documents/Unreal Projects/RogueFirefight/Content/MWLandscapeAutoMaterial/Procedurals/LGT_MWAM_Dirt.uasset" 1948
"C:/Users/cmckenna/Documents/Unreal Projects/RogueFirefight/Content/MWLandscapeAutoMaterial/Procedurals/LGT_MWAM_Dirt.uexp" 1949
"C:/Users/cmckenna/Documents/Unreal Projects/RogueFirefight/Content/MWLandscapeAutoMaterial/Procedurals/LGT_MWAM_Rock.uasset" 1950
"C:/Users/cmckenna/Documents/Unreal Projects/RogueFirefight/Content/MWLandscapeAutoMaterial/Procedurals/LGT_MWAM_Rock.uexp" 1951
"../../../Engine/Content/Functions/Engine_MaterialFunctions01/WorldPositionOffset/SimpleGrassWind.uasset" 1952
"../../../Engine/Content/Functions/Engine_MaterialFunctions01/WorldPositionOffset/SimpleGrassWind.uexp" 1953
"../../../Engine/Content/Functions/Engine_MaterialFunctions01/SpeedTree/SpeedTreeBillboardNormals.uasset" 1954
"../../../Engine/Content/Functions/Engine_MaterialFunctions01/SpeedTree/SpeedTreeBillboardNormals.uexp" 1955
"C:/Users/cmckenna/Documents/Unreal Projects/RogueFirefight/Content/MWLandscapeAutoMaterial/Textures/TEX_MW_Temp_col.ubulk" 1956
"C:/Users/cmckenna/Documents/Unreal Projects/RogueFirefight/Content/MWLandscapeAutoMaterial/Textures/TEX_MW_Temp_col.uasset" 1957
"C:/Users/cmckenna/Documents/Unreal Projects/RogueFirefight/Content/MWLandscapeAutoMaterial/Textures/TEX_MW_Temp_col.uexp" 1958
"C:/Users/cmckenna/Documents/Unreal Projects/RogueFirefight/Content/MWLandscapeAutoMaterial/Textures/TEX_MW_Temp_msk.ubulk" 1959
"C:/Users/cmckenna/Documents/Unreal Projects/RogueFirefight/Content/MWLandscapeAutoMaterial/Textures/TEX_MW_Temp_msk.uasset" 1960
"C:/Users/cmckenna/Documents/Unreal Projects/RogueFirefight/Content/MWLandscapeAutoMaterial/Textures/TEX_MW_Temp_msk.uexp" 1961
"C:/Users/cmckenna/Documents/Unreal Projects/RogueFirefight/Content/MWLandscapeAutoMaterial/Textures/TEX_MW_Temp_nrm.ubulk" 1962
"C:/Users/cmckenna/Documents/Unreal Projects/RogueFirefight/Content/MWLandscapeAutoMaterial/Textures/TEX_MW_Temp_nrm.uasset" 1963
"C:/Users/cmckenna/Documents/Unreal Projects/RogueFirefight/Content/MWLandscapeAutoMaterial/Textures/TEX_MW_Temp_nrm.uexp" 1964
"C:/Users/cmckenna/Documents/Unreal Projects/RogueFirefight/Content/MWLandscapeAutoMaterial/Materials/MASTER/Func/MF_MWAM_Roughness.uasset" 1965
"C:/Users/cmckenna/Documents/Unreal Projects/RogueFirefight/Content/MWLandscapeAutoMaterial/Materials/MASTER/Func/MF_MWAM_Roughness.uexp" 1966
"../../../Engine/Content/Functions/Engine_MaterialFunctions02/Utility/DitherTemporalAA.uasset" 1967
"../../../Engine/Content/Functions/Engine_MaterialFunctions02/Utility/DitherTemporalAA.uexp" 1968
"C:/Users/cmckenna/Documents/Unreal Projects/RogueFirefight/Content/MWLandscapeAutoMaterial/Materials/MASTER/Func/MF_MWAM_Opacity.uasset" 1969
"C:/Users/cmckenna/Documents/Unreal Projects/RogueFirefight/Content/MWLandscapeAutoMaterial/Materials/MASTER/Func/MF_MWAM_Opacity.uexp" 1970
"../../../Engine/Content/Functions/Engine_MaterialFunctions02/WorldPositionOffset/ObjectPivotPoint.uasset" 1971
"../../../Engine/Content/Functions/Engine_MaterialFunctions02/WorldPositionOffset/ObjectPivotPoint.uexp" 1972
"C:/Users/cmckenna/Documents/Unreal Projects/RogueFirefight/Content/MWLandscapeAutoMaterial/Materials/MASTER/Func/MF_MWAM_PivotMask.uasset" 1973
"C:/Users/cmckenna/Documents/Unreal Projects/RogueFirefight/Content/MWLandscapeAutoMaterial/Materials/MASTER/Func/MF_MWAM_PivotMask.uexp" 1974
"C:/Users/cmckenna/Documents/Unreal Projects/RogueFirefight/Content/MWLandscapeAutoMaterial/Materials/MASTER/Func/MF_MWAM_SubSurface.uasset" 1975
"C:/Users/cmckenna/Documents/Unreal Projects/RogueFirefight/Content/MWLandscapeAutoMaterial/Materials/MASTER/Func/MF_MWAM_SubSurface.uexp" 1976
"C:/Users/cmckenna/Documents/Unreal Projects/RogueFirefight/Content/MWLandscapeAutoMaterial/Materials/MASTER/MTL_MWAM_CoverFoliage_MASTER.uasset" 1977
"C:/Users/cmckenna/Documents/Unreal Projects/RogueFirefight/Content/MWLandscapeAutoMaterial/Materials/MASTER/MTL_MWAM_CoverFoliage_MASTER.uexp" 1978
"C:/Users/cmckenna/Documents/Unreal Projects/RogueFirefight/Content/MWLandscapeAutoMaterial/Textures/Cover/TEX_MWAM_CoverRocks_col.ubulk" 1979
"C:/Users/cmckenna/Documents/Unreal Projects/RogueFirefight/Content/MWLandscapeAutoMaterial/Textures/Cover/TEX_MWAM_CoverRocks_col.uasset" 1980
"C:/Users/cmckenna/Documents/Unreal Projects/RogueFirefight/Content/MWLandscapeAutoMaterial/Textures/Cover/TEX_MWAM_CoverRocks_col.uexp" 1981
"C:/Users/cmckenna/Documents/Unreal Projects/RogueFirefight/Content/MWLandscapeAutoMaterial/Textures/Cover/TEX_MWAM_CoverRocks_nrm.ubulk" 1982
"C:/Users/cmckenna/Documents/Unreal Projects/RogueFirefight/Content/MWLandscapeAutoMaterial/Textures/Cover/TEX_MWAM_CoverRocks_nrm.uasset" 1983
"C:/Users/cmckenna/Documents/Unreal Projects/RogueFirefight/Content/MWLandscapeAutoMaterial/Textures/Cover/TEX_MWAM_CoverRocks_nrm.uexp" 1984
"C:/Users/cmckenna/Documents/Unreal Projects/RogueFirefight/Content/MWLandscapeAutoMaterial/Materials/Cover/MTL_MWAM_CoverRocks.uasset" 1985
"C:/Users/cmckenna/Documents/Unreal Projects/RogueFirefight/Content/MWLandscapeAutoMaterial/Materials/Cover/MTL_MWAM_CoverRocks.uexp" 1986
"C:/Users/cmckenna/Documents/Unreal Projects/RogueFirefight/Content/MWLandscapeAutoMaterial/Meshes/Cover/SM_MWAM_StoneA.ubulk" 1987
"C:/Users/cmckenna/Documents/Unreal Projects/RogueFirefight/Content/MWLandscapeAutoMaterial/Meshes/Cover/SM_MWAM_StoneA.uasset" 1988
"C:/Users/cmckenna/Documents/Unreal Projects/RogueFirefight/Content/MWLandscapeAutoMaterial/Meshes/Cover/SM_MWAM_StoneA.uexp" 1989
"C:/Users/cmckenna/Documents/Unreal Projects/RogueFirefight/Content/MWLandscapeAutoMaterial/Meshes/Cover/SM_MWAM_StoneB.ubulk" 1990
"C:/Users/cmckenna/Documents/Unreal Projects/RogueFirefight/Content/MWLandscapeAutoMaterial/Meshes/Cover/SM_MWAM_StoneB.uasset" 1991
"C:/Users/cmckenna/Documents/Unreal Projects/RogueFirefight/Content/MWLandscapeAutoMaterial/Meshes/Cover/SM_MWAM_StoneB.uexp" 1992
"C:/Users/cmckenna/Documents/Unreal Projects/RogueFirefight/Content/MWLandscapeAutoMaterial/Meshes/Cover/SM_MWAM_StoneC.ubulk" 1993
"C:/Users/cmckenna/Documents/Unreal Projects/RogueFirefight/Content/MWLandscapeAutoMaterial/Meshes/Cover/SM_MWAM_StoneC.uasset" 1994
"C:/Users/cmckenna/Documents/Unreal Projects/RogueFirefight/Content/MWLandscapeAutoMaterial/Meshes/Cover/SM_MWAM_StoneC.uexp" 1995
"C:/Users/cmckenna/Documents/Unreal Projects/RogueFirefight/Content/MWLandscapeAutoMaterial/Meshes/Cover/SM_MWAM_StoneD.ubulk" 1996
"C:/Users/cmckenna/Documents/Unreal Projects/RogueFirefight/Content/MWLandscapeAutoMaterial/Meshes/Cover/SM_MWAM_StoneD.uasset" 1997
"C:/Users/cmckenna/Documents/Unreal Projects/RogueFirefight/Content/MWLandscapeAutoMaterial/Meshes/Cover/SM_MWAM_StoneD.uexp" 1998
"C:/Users/cmckenna/Documents/Unreal Projects/RogueFirefight/Content/MWLandscapeAutoMaterial/Procedurals/LGT_MWAM_Stones.uasset" 1999
"C:/Users/cmckenna/Documents/Unreal Projects/RogueFirefight/Content/MWLandscapeAutoMaterial/Procedurals/LGT_MWAM_Stones.uexp" 2000
"C:/Users/cmckenna/Documents/Unreal Projects/RogueFirefight/Content/MWLandscapeAutoMaterial/Textures/Plants/TEX_MWAM_Grass_col.ubulk" 2001
"C:/Users/cmckenna/Documents/Unreal Projects/RogueFirefight/Content/MWLandscapeAutoMaterial/Textures/Plants/TEX_MWAM_Grass_col.uasset" 2002
"C:/Users/cmckenna/Documents/Unreal Projects/RogueFirefight/Content/MWLandscapeAutoMaterial/Textures/Plants/TEX_MWAM_Grass_col.uexp" 2003
"C:/Users/cmckenna/Documents/Unreal Projects/RogueFirefight/Content/MWLandscapeAutoMaterial/Textures/Plants/TEX_MWAM_Grass_nrm.ubulk" 2004
"C:/Users/cmckenna/Documents/Unreal Projects/RogueFirefight/Content/MWLandscapeAutoMaterial/Textures/Plants/TEX_MWAM_Grass_nrm.uasset" 2005
"C:/Users/cmckenna/Documents/Unreal Projects/RogueFirefight/Content/MWLandscapeAutoMaterial/Textures/Plants/TEX_MWAM_Grass_nrm.uexp" 2006
"C:/Users/cmckenna/Documents/Unreal Projects/RogueFirefight/Content/MWLandscapeAutoMaterial/Materials/Plants/MTL_MWAM_PlantsGrass.uasset" 2007
"C:/Users/cmckenna/Documents/Unreal Projects/RogueFirefight/Content/MWLandscapeAutoMaterial/Materials/Plants/MTL_MWAM_PlantsGrass.uexp" 2008
"C:/Users/cmckenna/Documents/Unreal Projects/RogueFirefight/Content/MWLandscapeAutoMaterial/Meshes/Plants/SM_MWAM_GrassA.ubulk" 2009
"C:/Users/cmckenna/Documents/Unreal Projects/RogueFirefight/Content/MWLandscapeAutoMaterial/Meshes/Plants/SM_MWAM_GrassA.uasset" 2010
"C:/Users/cmckenna/Documents/Unreal Projects/RogueFirefight/Content/MWLandscapeAutoMaterial/Meshes/Plants/SM_MWAM_GrassA.uexp" 2011
"C:/Users/cmckenna/Documents/Unreal Projects/RogueFirefight/Content/MWLandscapeAutoMaterial/Meshes/Plants/SM_MWAM_GrassB.ubulk" 2012
"C:/Users/cmckenna/Documents/Unreal Projects/RogueFirefight/Content/MWLandscapeAutoMaterial/Meshes/Plants/SM_MWAM_GrassB.uasset" 2013
"C:/Users/cmckenna/Documents/Unreal Projects/RogueFirefight/Content/MWLandscapeAutoMaterial/Meshes/Plants/SM_MWAM_GrassB.uexp" 2014
"C:/Users/cmckenna/Documents/Unreal Projects/RogueFirefight/Content/MWLandscapeAutoMaterial/Meshes/Plants/SM_MWAM_GrassC.ubulk" 2015
"C:/Users/cmckenna/Documents/Unreal Projects/RogueFirefight/Content/MWLandscapeAutoMaterial/Meshes/Plants/SM_MWAM_GrassC.uasset" 2016
"C:/Users/cmckenna/Documents/Unreal Projects/RogueFirefight/Content/MWLandscapeAutoMaterial/Meshes/Plants/SM_MWAM_GrassC.uexp" 2017
"C:/Users/cmckenna/Documents/Unreal Projects/RogueFirefight/Content/MWLandscapeAutoMaterial/Meshes/Plants/SM_MWAM_GrassD.ubulk" 2018
"C:/Users/cmckenna/Documents/Unreal Projects/RogueFirefight/Content/MWLandscapeAutoMaterial/Meshes/Plants/SM_MWAM_GrassD.uasset" 2019
"C:/Users/cmckenna/Documents/Unreal Projects/RogueFirefight/Content/MWLandscapeAutoMaterial/Meshes/Plants/SM_MWAM_GrassD.uexp" 2020
"C:/Users/cmckenna/Documents/Unreal Projects/RogueFirefight/Content/MWLandscapeAutoMaterial/Procedurals/LGT_MWAM_Grass.uasset" 2021
"C:/Users/cmckenna/Documents/Unreal Projects/RogueFirefight/Content/MWLandscapeAutoMaterial/Procedurals/LGT_MWAM_Grass.uexp" 2022
"C:/Users/cmckenna/Documents/Unreal Projects/RogueFirefight/Content/MWLandscapeAutoMaterial/Materials/Cover/MTL_MWAM_CoverSnow.uasset" 2023
"C:/Users/cmckenna/Documents/Unreal Projects/RogueFirefight/Content/MWLandscapeAutoMaterial/Materials/Cover/MTL_MWAM_CoverSnow.uexp" 2024
"C:/Users/cmckenna/Documents/Unreal Projects/RogueFirefight/Content/MWLandscapeAutoMaterial/Meshes/Cover/SM_MWAM_Snow.ubulk" 2025
"C:/Users/cmckenna/Documents/Unreal Projects/RogueFirefight/Content/MWLandscapeAutoMaterial/Meshes/Cover/SM_MWAM_Snow.uasset" 2026
"C:/Users/cmckenna/Documents/Unreal Projects/RogueFirefight/Content/MWLandscapeAutoMaterial/Meshes/Cover/SM_MWAM_Snow.uexp" 2027
"C:/Users/cmckenna/Documents/Unreal Projects/RogueFirefight/Content/MWLandscapeAutoMaterial/Meshes/Cover/SM_MWAM_SnowB.ubulk" 2028
"C:/Users/cmckenna/Documents/Unreal Projects/RogueFirefight/Content/MWLandscapeAutoMaterial/Meshes/Cover/SM_MWAM_SnowB.uasset" 2029
"C:/Users/cmckenna/Documents/Unreal Projects/RogueFirefight/Content/MWLandscapeAutoMaterial/Meshes/Cover/SM_MWAM_SnowB.uexp" 2030
"C:/Users/cmckenna/Documents/Unreal Projects/RogueFirefight/Content/MWLandscapeAutoMaterial/Meshes/Cover/SM_MWAM_SnowC.ubulk" 2031
"C:/Users/cmckenna/Documents/Unreal Projects/RogueFirefight/Content/MWLandscapeAutoMaterial/Meshes/Cover/SM_MWAM_SnowC.uasset" 2032
"C:/Users/cmckenna/Documents/Unreal Projects/RogueFirefight/Content/MWLandscapeAutoMaterial/Meshes/Cover/SM_MWAM_SnowC.uexp" 2033
"C:/Users/cmckenna/Documents/Unreal Projects/RogueFirefight/Content/MWLandscapeAutoMaterial/Meshes/Cover/SM_MWAM_SnowD.ubulk" 2034
"C:/Users/cmckenna/Documents/Unreal Projects/RogueFirefight/Content/MWLandscapeAutoMaterial/Meshes/Cover/SM_MWAM_SnowD.uasset" 2035
"C:/Users/cmckenna/Documents/Unreal Projects/RogueFirefight/Content/MWLandscapeAutoMaterial/Meshes/Cover/SM_MWAM_SnowD.uexp" 2036
"C:/Users/cmckenna/Documents/Unreal Projects/RogueFirefight/Content/MWLandscapeAutoMaterial/Procedurals/LGT_MWAM_Snow.uasset" 2037
"C:/Users/cmckenna/Documents/Unreal Projects/RogueFirefight/Content/MWLandscapeAutoMaterial/Procedurals/LGT_MWAM_Snow.uexp" 2038
"C:/Users/cmckenna/Documents/Unreal Projects/RogueFirefight/Content/MWLandscapeAutoMaterial/Materials/MASTER/PhyMat/PM_MW_Dirt.uasset" 2039
"C:/Users/cmckenna/Documents/Unreal Projects/RogueFirefight/Content/MWLandscapeAutoMaterial/Materials/MASTER/PhyMat/PM_MW_Dirt.uexp" 2040
"C:/Users/cmckenna/Documents/Unreal Projects/RogueFirefight/Content/MWLandscapeAutoMaterial/Materials/MASTER/PhyMat/PM_MW_Grass.uasset" 2041
"C:/Users/cmckenna/Documents/Unreal Projects/RogueFirefight/Content/MWLandscapeAutoMaterial/Materials/MASTER/PhyMat/PM_MW_Grass.uexp" 2042
"C:/Users/cmckenna/Documents/Unreal Projects/RogueFirefight/Content/MWLandscapeAutoMaterial/Materials/MASTER/PhyMat/PM_MW_Rocks.uasset" 2043
"C:/Users/cmckenna/Documents/Unreal Projects/RogueFirefight/Content/MWLandscapeAutoMaterial/Materials/MASTER/PhyMat/PM_MW_Rocks.uexp" 2044
"C:/Users/cmckenna/Documents/Unreal Projects/RogueFirefight/Content/MWLandscapeAutoMaterial/Materials/MASTER/PhyMat/PM_MW_Snow.uasset" 2045
"C:/Users/cmckenna/Documents/Unreal Projects/RogueFirefight/Content/MWLandscapeAutoMaterial/Materials/MASTER/PhyMat/PM_MW_Snow.uexp" 2046
"C:/Users/cmckenna/Documents/Unreal Projects/RogueFirefight/Content/MWLandscapeAutoMaterial/Materials/MASTER/PhyMat/PM_MW_Stones.uasset" 2047
"C:/Users/cmckenna/Documents/Unreal Projects/RogueFirefight/Content/MWLandscapeAutoMaterial/Materials/MASTER/PhyMat/PM_MW_Stones.uexp" 2048
"C:/Users/cmckenna/Documents/Unreal Projects/RogueFirefight/Content/MWLandscapeAutoMaterial/Materials/MASTER/PhyMat/PM_MW_Water.uasset" 2049
"C:/Users/cmckenna/Documents/Unreal Projects/RogueFirefight/Content/MWLandscapeAutoMaterial/Materials/MASTER/PhyMat/PM_MW_Water.uexp" 2050
"C:/Users/cmckenna/Documents/Unreal Projects/RogueFirefight/Content/MWLandscapeAutoMaterial/Textures/Extra/TEX_MWAM_Variation_msk.ubulk" 2051
"C:/Users/cmckenna/Documents/Unreal Projects/RogueFirefight/Content/MWLandscapeAutoMaterial/Textures/Extra/TEX_MWAM_Variation_msk.uasset" 2052
"C:/Users/cmckenna/Documents/Unreal Projects/RogueFirefight/Content/MWLandscapeAutoMaterial/Textures/Extra/TEX_MWAM_Variation_msk.uexp" 2053
"C:/Users/cmckenna/Documents/Unreal Projects/RogueFirefight/Content/MWLandscapeAutoMaterial/Textures/FX/TEX_MW_Noise_msk.ubulk" 2054
"C:/Users/cmckenna/Documents/Unreal Projects/RogueFirefight/Content/MWLandscapeAutoMaterial/Textures/FX/TEX_MW_Noise_msk.uasset" 2055
"C:/Users/cmckenna/Documents/Unreal Projects/RogueFirefight/Content/MWLandscapeAutoMaterial/Textures/FX/TEX_MW_Noise_msk.uexp" 2056
"C:/Users/cmckenna/Documents/Unreal Projects/RogueFirefight/Content/MWLandscapeAutoMaterial/Textures/Extra/TEX_MWAM_Variation_nrm.ubulk" 2057
"C:/Users/cmckenna/Documents/Unreal Projects/RogueFirefight/Content/MWLandscapeAutoMaterial/Textures/Extra/TEX_MWAM_Variation_nrm.uasset" 2058
"C:/Users/cmckenna/Documents/Unreal Projects/RogueFirefight/Content/MWLandscapeAutoMaterial/Textures/Extra/TEX_MWAM_Variation_nrm.uexp" 2059
"C:/Users/cmckenna/Documents/Unreal Projects/RogueFirefight/Content/MWLandscapeAutoMaterial/Materials/MASTER/Func/MF_MWAM_CombineNormal.uasset" 2060
"C:/Users/cmckenna/Documents/Unreal Projects/RogueFirefight/Content/MWLandscapeAutoMaterial/Materials/MASTER/Func/MF_MWAM_CombineNormal.uexp" 2061
"C:/Users/cmckenna/Documents/Unreal Projects/RogueFirefight/Content/MWLandscapeAutoMaterial/Materials/MASTER/Func/MF_MWAM_CombineNormalSimple.uasset" 2062
"C:/Users/cmckenna/Documents/Unreal Projects/RogueFirefight/Content/MWLandscapeAutoMaterial/Materials/MASTER/Func/MF_MWAM_CombineNormalSimple.uexp" 2063
"C:/Users/cmckenna/Documents/Unreal Projects/RogueFirefight/Content/MWLandscapeAutoMaterial/Materials/MASTER/Func/MF_MWAM_DefaultLayer.uasset" 2064
"C:/Users/cmckenna/Documents/Unreal Projects/RogueFirefight/Content/MWLandscapeAutoMaterial/Materials/MASTER/Func/MF_MWAM_DefaultLayer.uexp" 2065
"C:/Users/cmckenna/Documents/Unreal Projects/RogueFirefight/Content/MWLandscapeAutoMaterial/Materials/MASTER/Func/MF_MWAM_DepthFade.uasset" 2066
"C:/Users/cmckenna/Documents/Unreal Projects/RogueFirefight/Content/MWLandscapeAutoMaterial/Materials/MASTER/Func/MF_MWAM_DepthFade.uexp" 2067
"C:/Users/cmckenna/Documents/Unreal Projects/RogueFirefight/Content/MWLandscapeAutoMaterial/Materials/MASTER/Func/MF_MWAM_LandscapeUVs.uasset" 2068
"C:/Users/cmckenna/Documents/Unreal Projects/RogueFirefight/Content/MWLandscapeAutoMaterial/Materials/MASTER/Func/MF_MWAM_LandscapeUVs.uexp" 2069
"C:/Users/cmckenna/Documents/Unreal Projects/RogueFirefight/Content/MWLandscapeAutoMaterial/Materials/MASTER/Func/MF_MWAM_LayerBlend.uasset" 2070
"C:/Users/cmckenna/Documents/Unreal Projects/RogueFirefight/Content/MWLandscapeAutoMaterial/Materials/MASTER/Func/MF_MWAM_LayerBlend.uexp" 2071
"../../../Engine/Content/Functions/Engine_MaterialFunctions01/Texturing/SlopeMask.uasset" 2072
"../../../Engine/Content/Functions/Engine_MaterialFunctions01/Texturing/SlopeMask.uexp" 2073
"C:/Users/cmckenna/Documents/Unreal Projects/RogueFirefight/Content/MWLandscapeAutoMaterial/Materials/MASTER/Func/MF_MWAM_SlopeMask.uasset" 2074
"C:/Users/cmckenna/Documents/Unreal Projects/RogueFirefight/Content/MWLandscapeAutoMaterial/Materials/MASTER/Func/MF_MWAM_SlopeMask.uexp" 2075
"C:/Users/cmckenna/Documents/Unreal Projects/RogueFirefight/Content/MWLandscapeAutoMaterial/Materials/MASTER/Func/MF_MWAM_Snow.uasset" 2076
"C:/Users/cmckenna/Documents/Unreal Projects/RogueFirefight/Content/MWLandscapeAutoMaterial/Materials/MASTER/Func/MF_MWAM_Snow.uexp" 2077
"C:/Users/cmckenna/Documents/Unreal Projects/RogueFirefight/Content/MWLandscapeAutoMaterial/Materials/MASTER/Func/MF_MWAM_SnowMask.uasset" 2078
"C:/Users/cmckenna/Documents/Unreal Projects/RogueFirefight/Content/MWLandscapeAutoMaterial/Materials/MASTER/Func/MF_MWAM_SnowMask.uexp" 2079
"C:/Users/cmckenna/Documents/Unreal Projects/RogueFirefight/Content/MWLandscapeAutoMaterial/Materials/MASTER/Func/MF_MWAM_WaterMask.uasset" 2080
"C:/Users/cmckenna/Documents/Unreal Projects/RogueFirefight/Content/MWLandscapeAutoMaterial/Materials/MASTER/Func/MF_MWAM_WaterMask.uexp" 2081
"C:/Users/cmckenna/Documents/Unreal Projects/RogueFirefight/Content/MWLandscapeAutoMaterial/Textures/FX/TEX_MW_WaterA_nrm.ubulk" 2082
"C:/Users/cmckenna/Documents/Unreal Projects/RogueFirefight/Content/MWLandscapeAutoMaterial/Textures/FX/TEX_MW_WaterA_nrm.uasset" 2083
"C:/Users/cmckenna/Documents/Unreal Projects/RogueFirefight/Content/MWLandscapeAutoMaterial/Textures/FX/TEX_MW_WaterA_nrm.uexp" 2084
"C:/Users/cmckenna/Documents/Unreal Projects/RogueFirefight/Content/MWLandscapeAutoMaterial/Materials/MASTER/Func/MW_MWAM_Water.uasset" 2085
"C:/Users/cmckenna/Documents/Unreal Projects/RogueFirefight/Content/MWLandscapeAutoMaterial/Materials/MASTER/Func/MW_MWAM_Water.uexp" 2086
"C:/Users/cmckenna/Documents/Unreal Projects/RogueFirefight/Content/MWLandscapeAutoMaterial/Materials/MASTER/MTL_MWAM_AutoMaterial_MASTER.uasset" 2087
"C:/Users/cmckenna/Documents/Unreal Projects/RogueFirefight/Content/MWLandscapeAutoMaterial/Materials/MASTER/MTL_MWAM_AutoMaterial_MASTER.uexp" 2088
"C:/Users/cmckenna/Documents/Unreal Projects/RogueFirefight/Content/MWLandscapeAutoMaterial/Textures/Ground/TEX_MWAM_SandC_col.ubulk" 2089
"C:/Users/cmckenna/Documents/Unreal Projects/RogueFirefight/Content/MWLandscapeAutoMaterial/Textures/Ground/TEX_MWAM_SandC_col.uasset" 2090
"C:/Users/cmckenna/Documents/Unreal Projects/RogueFirefight/Content/MWLandscapeAutoMaterial/Textures/Ground/TEX_MWAM_SandC_col.uexp" 2091
"C:/Users/cmckenna/Documents/Unreal Projects/RogueFirefight/Content/MWLandscapeAutoMaterial/Textures/Ground/TEX_MWAM_SandC_nrm.ubulk" 2092
"C:/Users/cmckenna/Documents/Unreal Projects/RogueFirefight/Content/MWLandscapeAutoMaterial/Textures/Ground/TEX_MWAM_SandC_nrm.uasset" 2093
"C:/Users/cmckenna/Documents/Unreal Projects/RogueFirefight/Content/MWLandscapeAutoMaterial/Textures/Ground/TEX_MWAM_SandC_nrm.uexp" 2094
"C:/Users/cmckenna/Documents/Unreal Projects/RogueFirefight/Content/MWLandscapeAutoMaterial/Textures/Ground/TEX_MWAM_Stones_col.ubulk" 2095
"C:/Users/cmckenna/Documents/Unreal Projects/RogueFirefight/Content/MWLandscapeAutoMaterial/Textures/Ground/TEX_MWAM_Stones_col.uasset" 2096
"C:/Users/cmckenna/Documents/Unreal Projects/RogueFirefight/Content/MWLandscapeAutoMaterial/Textures/Ground/TEX_MWAM_Stones_col.uexp" 2097
"C:/Users/cmckenna/Documents/Unreal Projects/RogueFirefight/Content/MWLandscapeAutoMaterial/Textures/Ground/TEX_MWAM_Stones_nrm.ubulk" 2098
"C:/Users/cmckenna/Documents/Unreal Projects/RogueFirefight/Content/MWLandscapeAutoMaterial/Textures/Ground/TEX_MWAM_Stones_nrm.uasset" 2099
"C:/Users/cmckenna/Documents/Unreal Projects/RogueFirefight/Content/MWLandscapeAutoMaterial/Textures/Ground/TEX_MWAM_Stones_nrm.uexp" 2100
"C:/Users/cmckenna/Documents/Unreal Projects/RogueFirefight/Content/MWLandscapeAutoMaterial/Materials/Landscape/MTL_MWAM_Landscape_DesertExample.uasset" 2101
"C:/Users/cmckenna/Documents/Unreal Projects/RogueFirefight/Content/MWLandscapeAutoMaterial/Materials/Landscape/MTL_MWAM_Landscape_DesertExample.uexp" 2102
"C:/Users/cmckenna/Documents/Unreal Projects/RogueFirefight/Content/_GENERATED/jlulgjura/Box_10A829ED.ubulk" 2103
"C:/Users/cmckenna/Documents/Unreal Projects/RogueFirefight/Content/_GENERATED/jlulgjura/Box_10A829ED.uasset" 2104
"C:/Users/cmckenna/Documents/Unreal Projects/RogueFirefight/Content/_GENERATED/jlulgjura/Box_10A829ED.uexp" 2105
"C:/Users/cmckenna/Documents/Unreal Projects/RogueFirefight/Content/_GENERATED/jlulgjura/Box_3D17B749.ubulk" 2106
"C:/Users/cmckenna/Documents/Unreal Projects/RogueFirefight/Content/_GENERATED/jlulgjura/Box_3D17B749.uasset" 2107
"C:/Users/cmckenna/Documents/Unreal Projects/RogueFirefight/Content/_GENERATED/jlulgjura/Box_3D17B749.uexp" 2108
"C:/Users/cmckenna/Documents/Unreal Projects/RogueFirefight/Content/_GENERATED/jlulgjura/Box_912DAEE8.ubulk" 2109
"C:/Users/cmckenna/Documents/Unreal Projects/RogueFirefight/Content/_GENERATED/jlulgjura/Box_912DAEE8.uasset" 2110
"C:/Users/cmckenna/Documents/Unreal Projects/RogueFirefight/Content/_GENERATED/jlulgjura/Box_912DAEE8.uexp" 2111
"C:/Users/cmckenna/Documents/Unreal Projects/RogueFirefight/Content/_GENERATED/jlulgjura/Box_9F05D427.ubulk" 2112
"C:/Users/cmckenna/Documents/Unreal Projects/RogueFirefight/Content/_GENERATED/jlulgjura/Box_9F05D427.uasset" 2113
"C:/Users/cmckenna/Documents/Unreal Projects/RogueFirefight/Content/_GENERATED/jlulgjura/Box_9F05D427.uexp" 2114
"C:/Users/cmckenna/Documents/Unreal Projects/RogueFirefight/Content/_GENERATED/jlulgjura/Box_B06321A3.ubulk" 2115
"C:/Users/cmckenna/Documents/Unreal Projects/RogueFirefight/Content/_GENERATED/jlulgjura/Box_B06321A3.uasset" 2116
"C:/Users/cmckenna/Documents/Unreal Projects/RogueFirefight/Content/_GENERATED/jlulgjura/Box_B06321A3.uexp" 2117
"C:/Users/cmckenna/Documents/Unreal Projects/RogueFirefight/Content/_GENERATED/jlulgjura/Box_CC3C7A2D.ubulk" 2118
"C:/Users/cmckenna/Documents/Unreal Projects/RogueFirefight/Content/_GENERATED/jlulgjura/Box_CC3C7A2D.uasset" 2119
"C:/Users/cmckenna/Documents/Unreal Projects/RogueFirefight/Content/_GENERATED/jlulgjura/Box_CC3C7A2D.uexp" 2120
"C:/Users/cmckenna/Documents/Unreal Projects/RogueFirefight/Content/_GENERATED/rnewberr1/Box_104FB4BE.ubulk" 2121
"C:/Users/cmckenna/Documents/Unreal Projects/RogueFirefight/Content/_GENERATED/rnewberr1/Box_104FB4BE.uasset" 2122
"C:/Users/cmckenna/Documents/Unreal Projects/RogueFirefight/Content/_GENERATED/rnewberr1/Box_104FB4BE.uexp" 2123
"C:/Users/cmckenna/Documents/Unreal Projects/RogueFirefight/Content/_GENERATED/rnewberr1/Box_412C837B.ubulk" 2124
"C:/Users/cmckenna/Documents/Unreal Projects/RogueFirefight/Content/_GENERATED/rnewberr1/Box_412C837B.uasset" 2125
"C:/Users/cmckenna/Documents/Unreal Projects/RogueFirefight/Content/_GENERATED/rnewberr1/Box_412C837B.uexp" 2126
"C:/Users/cmckenna/Documents/Unreal Projects/RogueFirefight/Content/_GENERATED/rnewberr1/Box_D02EC65B.ubulk" 2127
"C:/Users/cmckenna/Documents/Unreal Projects/RogueFirefight/Content/_GENERATED/rnewberr1/Box_D02EC65B.uasset" 2128
"C:/Users/cmckenna/Documents/Unreal Projects/RogueFirefight/Content/_GENERATED/rnewberr1/Box_D02EC65B.uexp" 2129
"C:/Users/cmckenna/Documents/Unreal Projects/RogueFirefight/Content/Fab/Kasur_pendek__Bed_/kasur_pendek_bed/Textures/kasur_pendek_bed_texture_0.ubulk" 2130
"C:/Users/cmckenna/Documents/Unreal Projects/RogueFirefight/Content/Fab/Kasur_pendek__Bed_/kasur_pendek_bed/Textures/kasur_pendek_bed_texture_0.uasset" 2131
"C:/Users/cmckenna/Documents/Unreal Projects/RogueFirefight/Content/Fab/Kasur_pendek__Bed_/kasur_pendek_bed/Textures/kasur_pendek_bed_texture_0.uexp" 2132
"C:/Users/cmckenna/Documents/Unreal Projects/RogueFirefight/Content/Fab/Kasur_pendek__Bed_/kasur_pendek_bed/Textures/kasur_pendek_bed_texture_1.ubulk" 2133
"C:/Users/cmckenna/Documents/Unreal Projects/RogueFirefight/Content/Fab/Kasur_pendek__Bed_/kasur_pendek_bed/Textures/kasur_pendek_bed_texture_1.uasset" 2134
"C:/Users/cmckenna/Documents/Unreal Projects/RogueFirefight/Content/Fab/Kasur_pendek__Bed_/kasur_pendek_bed/Textures/kasur_pendek_bed_texture_1.uexp" 2135
"C:/Users/cmckenna/Documents/Unreal Projects/RogueFirefight/Content/Fab/Kasur_pendek__Bed_/kasur_pendek_bed/Textures/kasur_pendek_bed_texture_2.ubulk" 2136
"C:/Users/cmckenna/Documents/Unreal Projects/RogueFirefight/Content/Fab/Kasur_pendek__Bed_/kasur_pendek_bed/Textures/kasur_pendek_bed_texture_2.uasset" 2137
"C:/Users/cmckenna/Documents/Unreal Projects/RogueFirefight/Content/Fab/Kasur_pendek__Bed_/kasur_pendek_bed/Textures/kasur_pendek_bed_texture_2.uexp" 2138
"C:/Users/cmckenna/Documents/Unreal Projects/RogueFirefight/Content/Fab/Kasur_pendek__Bed_/kasur_pendek_bed/Materials/PRPT_T_Kasur_MAT.uasset" 2139
"C:/Users/cmckenna/Documents/Unreal Projects/RogueFirefight/Content/Fab/Kasur_pendek__Bed_/kasur_pendek_bed/Materials/PRPT_T_Kasur_MAT.uexp" 2140
"C:/Users/cmckenna/Documents/Unreal Projects/RogueFirefight/Content/Fab/Kasur_pendek__Bed_/kasur_pendek_bed/StaticMeshes/kasur_pendek_bed.ubulk" 2141
"C:/Users/cmckenna/Documents/Unreal Projects/RogueFirefight/Content/Fab/Kasur_pendek__Bed_/kasur_pendek_bed/StaticMeshes/kasur_pendek_bed.uasset" 2142
"C:/Users/cmckenna/Documents/Unreal Projects/RogueFirefight/Content/Fab/Kasur_pendek__Bed_/kasur_pendek_bed/StaticMeshes/kasur_pendek_bed.uexp" 2143
"../../../Engine/Plugins/Fab/Content/MaterialFunctions/QMF_AOAdjustments.uasset" 2144
"../../../Engine/Plugins/Fab/Content/MaterialFunctions/QMF_AOAdjustments.uexp" 2145
"../../../Engine/Plugins/Fab/Content/MaterialFunctions/QMF_BaseColorAdjustments.uasset" 2146
"../../../Engine/Plugins/Fab/Content/MaterialFunctions/QMF_BaseColorAdjustments.uexp" 2147
"../../../Engine/Plugins/Fab/Content/MaterialFunctions/QMF_NormalAdjustments.uasset" 2148
"../../../Engine/Plugins/Fab/Content/MaterialFunctions/QMF_NormalAdjustments.uexp" 2149
"../../../Engine/Plugins/Fab/Content/MaterialFunctions/QMF_RoughnessAdjustments.uasset" 2150
"../../../Engine/Plugins/Fab/Content/MaterialFunctions/QMF_RoughnessAdjustments.uexp" 2151
"../../../Engine/Plugins/Fab/Content/Textures/VT/T_DefaultColor_VT.ubulk" 2152
"../../../Engine/Plugins/Fab/Content/Textures/VT/T_DefaultColor_VT.uasset" 2153
"../../../Engine/Plugins/Fab/Content/Textures/VT/T_DefaultColor_VT.uexp" 2154
"../../../Engine/Plugins/Fab/Content/Textures/VT/T_DefaultDisplacement_VT.ubulk" 2155
"../../../Engine/Plugins/Fab/Content/Textures/VT/T_DefaultDisplacement_VT.uasset" 2156
"../../../Engine/Plugins/Fab/Content/Textures/VT/T_DefaultDisplacement_VT.uexp" 2157
"../../../Engine/Plugins/Fab/Content/Textures/VT/T_DefaultMasks_VT.ubulk" 2158
"../../../Engine/Plugins/Fab/Content/Textures/VT/T_DefaultMasks_VT.uasset" 2159
"../../../Engine/Plugins/Fab/Content/Textures/VT/T_DefaultMasks_VT.uexp" 2160
"../../../Engine/Plugins/Fab/Content/Textures/VT/T_DefaultNormal_VT.ubulk" 2161
"../../../Engine/Plugins/Fab/Content/Textures/VT/T_DefaultNormal_VT.uasset" 2162
"../../../Engine/Plugins/Fab/Content/Textures/VT/T_DefaultNormal_VT.uexp" 2163
"../../../Engine/Plugins/Fab/Content/Materials/VT/M_MS_Base_VT.uasset" 2164
"../../../Engine/Plugins/Fab/Content/Materials/VT/M_MS_Base_VT.uexp" 2165
"C:/Users/cmckenna/Documents/Unreal Projects/RogueFirefight/Content/Fab/Megascans/3D/Military_Trenches_Barrier_Sandbag_Canvas_01_yd0laif/High/SM_yd0laif_tier_1/Textures/T_yd0laif_4k_B.ubulk" 2166
"C:/Users/cmckenna/Documents/Unreal Projects/RogueFirefight/Content/Fab/Megascans/3D/Military_Trenches_Barrier_Sandbag_Canvas_01_yd0laif/High/SM_yd0laif_tier_1/Textures/T_yd0laif_4k_B.uasset" 2167
"C:/Users/cmckenna/Documents/Unreal Projects/RogueFirefight/Content/Fab/Megascans/3D/Military_Trenches_Barrier_Sandbag_Canvas_01_yd0laif/High/SM_yd0laif_tier_1/Textures/T_yd0laif_4k_B.uexp" 2168
"C:/Users/cmckenna/Documents/Unreal Projects/RogueFirefight/Content/Fab/Megascans/3D/Military_Trenches_Barrier_Sandbag_Canvas_01_yd0laif/High/SM_yd0laif_tier_1/Textures/T_yd0laif_4k_H.ubulk" 2169
"C:/Users/cmckenna/Documents/Unreal Projects/RogueFirefight/Content/Fab/Megascans/3D/Military_Trenches_Barrier_Sandbag_Canvas_01_yd0laif/High/SM_yd0laif_tier_1/Textures/T_yd0laif_4k_H.uasset" 2170
"C:/Users/cmckenna/Documents/Unreal Projects/RogueFirefight/Content/Fab/Megascans/3D/Military_Trenches_Barrier_Sandbag_Canvas_01_yd0laif/High/SM_yd0laif_tier_1/Textures/T_yd0laif_4k_H.uexp" 2171
"C:/Users/cmckenna/Documents/Unreal Projects/RogueFirefight/Content/Fab/Megascans/3D/Military_Trenches_Barrier_Sandbag_Canvas_01_yd0laif/High/SM_yd0laif_tier_1/Textures/T_yd0laif_4k_N.ubulk" 2172
"C:/Users/cmckenna/Documents/Unreal Projects/RogueFirefight/Content/Fab/Megascans/3D/Military_Trenches_Barrier_Sandbag_Canvas_01_yd0laif/High/SM_yd0laif_tier_1/Textures/T_yd0laif_4k_N.uasset" 2173
"C:/Users/cmckenna/Documents/Unreal Projects/RogueFirefight/Content/Fab/Megascans/3D/Military_Trenches_Barrier_Sandbag_Canvas_01_yd0laif/High/SM_yd0laif_tier_1/Textures/T_yd0laif_4k_N.uexp" 2174
"C:/Users/cmckenna/Documents/Unreal Projects/RogueFirefight/Content/Fab/Megascans/3D/Military_Trenches_Barrier_Sandbag_Canvas_01_yd0laif/High/SM_yd0laif_tier_1/Textures/T_yd0laif_4k_ORM.ubulk" 2175
"C:/Users/cmckenna/Documents/Unreal Projects/RogueFirefight/Content/Fab/Megascans/3D/Military_Trenches_Barrier_Sandbag_Canvas_01_yd0laif/High/SM_yd0laif_tier_1/Textures/T_yd0laif_4k_ORM.uasset" 2176
"C:/Users/cmckenna/Documents/Unreal Projects/RogueFirefight/Content/Fab/Megascans/3D/Military_Trenches_Barrier_Sandbag_Canvas_01_yd0laif/High/SM_yd0laif_tier_1/Textures/T_yd0laif_4k_ORM.uexp" 2177
"C:/Users/cmckenna/Documents/Unreal Projects/RogueFirefight/Content/Fab/Megascans/3D/Military_Trenches_Barrier_Sandbag_Canvas_01_yd0laif/High/SM_yd0laif_tier_1/Materials/MI_yd0laif.uasset" 2178
"C:/Users/cmckenna/Documents/Unreal Projects/RogueFirefight/Content/Fab/Megascans/3D/Military_Trenches_Barrier_Sandbag_Canvas_01_yd0laif/High/SM_yd0laif_tier_1/Materials/MI_yd0laif.uexp" 2179
"C:/Users/cmckenna/Documents/Unreal Projects/RogueFirefight/Content/Fab/Megascans/3D/Military_Trenches_Barrier_Sandbag_Canvas_01_yd0laif/High/SM_yd0laif_tier_1/StaticMeshes/SM_yd0laif_tier_1.ubulk" 2180
"C:/Users/cmckenna/Documents/Unreal Projects/RogueFirefight/Content/Fab/Megascans/3D/Military_Trenches_Barrier_Sandbag_Canvas_01_yd0laif/High/SM_yd0laif_tier_1/StaticMeshes/SM_yd0laif_tier_1.uasset" 2181
"C:/Users/cmckenna/Documents/Unreal Projects/RogueFirefight/Content/Fab/Megascans/3D/Military_Trenches_Barrier_Sandbag_Canvas_01_yd0laif/High/SM_yd0laif_tier_1/StaticMeshes/SM_yd0laif_tier_1.uexp" 2182
"C:/Users/cmckenna/Documents/Unreal Projects/RogueFirefight/Content/Fab/Megascans/3D/Military_Trenches_Barrier_Sandbag_Canvas_01_yd0laif/High/SM_yd0laif_tier_1/Textures/T_yd0laif_4k_B_Mat.uasset" 2183
"C:/Users/cmckenna/Documents/Unreal Projects/RogueFirefight/Content/Fab/Megascans/3D/Military_Trenches_Barrier_Sandbag_Canvas_01_yd0laif/High/SM_yd0laif_tier_1/Textures/T_yd0laif_4k_B_Mat.uexp" 2184
"C:/Users/cmckenna/Documents/Unreal Projects/RogueFirefight/Content/Fab/Military_Weapon_Case/military_weapon_case/Textures/military_weapon_case_texture_0_nonVT.ubulk" 2185
"C:/Users/cmckenna/Documents/Unreal Projects/RogueFirefight/Content/Fab/Military_Weapon_Case/military_weapon_case/Textures/military_weapon_case_texture_0_nonVT.uasset" 2186
"C:/Users/cmckenna/Documents/Unreal Projects/RogueFirefight/Content/Fab/Military_Weapon_Case/military_weapon_case/Textures/military_weapon_case_texture_0_nonVT.uexp" 2187
"C:/Users/cmckenna/Documents/Unreal Projects/RogueFirefight/Content/Fab/Military_Weapon_Case/military_weapon_case/Textures/military_weapon_case_texture_1_nonVT.ubulk" 2188
"C:/Users/cmckenna/Documents/Unreal Projects/RogueFirefight/Content/Fab/Military_Weapon_Case/military_weapon_case/Textures/military_weapon_case_texture_1_nonVT.uasset" 2189
"C:/Users/cmckenna/Documents/Unreal Projects/RogueFirefight/Content/Fab/Military_Weapon_Case/military_weapon_case/Textures/military_weapon_case_texture_1_nonVT.uexp" 2190
"C:/Users/cmckenna/Documents/Unreal Projects/RogueFirefight/Content/Fab/Military_Weapon_Case/military_weapon_case/Textures/military_weapon_case_texture_2_nonVT.ubulk" 2191
"C:/Users/cmckenna/Documents/Unreal Projects/RogueFirefight/Content/Fab/Military_Weapon_Case/military_weapon_case/Textures/military_weapon_case_texture_2_nonVT.uasset" 2192
"C:/Users/cmckenna/Documents/Unreal Projects/RogueFirefight/Content/Fab/Military_Weapon_Case/military_weapon_case/Textures/military_weapon_case_texture_2_nonVT.uexp" 2193
"C:/Users/cmckenna/Documents/Unreal Projects/RogueFirefight/Content/Fab/Military_Weapon_Case/military_weapon_case/Materials/Material__27.uasset" 2194
"C:/Users/cmckenna/Documents/Unreal Projects/RogueFirefight/Content/Fab/Military_Weapon_Case/military_weapon_case/Materials/Material__27.uexp" 2195
"C:/Users/cmckenna/Documents/Unreal Projects/RogueFirefight/Content/Fab/Military_Weapon_Case/military_weapon_case/StaticMeshes/military_weapon_case.ubulk" 2196
"C:/Users/cmckenna/Documents/Unreal Projects/RogueFirefight/Content/Fab/Military_Weapon_Case/military_weapon_case/StaticMeshes/military_weapon_case.uasset" 2197
"C:/Users/cmckenna/Documents/Unreal Projects/RogueFirefight/Content/Fab/Military_Weapon_Case/military_weapon_case/StaticMeshes/military_weapon_case.uexp" 2198
"C:/Users/cmckenna/Documents/Unreal Projects/RogueFirefight/Content/Blueprints/Spawners/DoubleSpawner.uasset" 2199
"C:/Users/cmckenna/Documents/Unreal Projects/RogueFirefight/Content/Blueprints/Spawners/DoubleSpawner.uexp" 2200
"C:/Users/cmckenna/Documents/Unreal Projects/RogueFirefight/Content/Blueprints/Spawners/TripleSpawner.uasset" 2201
"C:/Users/cmckenna/Documents/Unreal Projects/RogueFirefight/Content/Blueprints/Spawners/TripleSpawner.uexp" 2202
"C:/Users/cmckenna/Documents/Unreal Projects/RogueFirefight/Content/DesertRaid.uexp" 2203
"C:/Users/cmckenna/Documents/Unreal Projects/RogueFirefight/Content/DesertRaid.umap" 2204
