"C:/Users/rscroggin/Documents/Unreal Projects/IGS2026/RogueFirefight/RogueFirefight.uproject" 1
"../../../Engine/Plugins/AudioGameplayVolume/AudioGameplayVolume.uplugin" 2
"../../../Engine/Plugins/AudioInsights/AudioInsights.uplugin" 3
"../../../Engine/Plugins/AudioGameplay/AudioGameplay.uplugin" 4
"../../../Engine/Plugins/BaseMaterial/BaseMaterial.uplugin" 5
"../../../Engine/Plugins/BlueprintFileUtils/BlueprintFileUtils.uplugin" 6
"../../../Engine/Plugins/ChaosCloth/ChaosCloth.uplugin" 7
"../../../Engine/Plugins/ChaosClothAsset/ChaosClothAsset.uplugin" 8
"../../../Engine/Plugins/ChaosInsights/ChaosInsights.uplugin" 9
"../../../Engine/Plugins/Chooser/Chooser.uplugin" 10
"../../../Engine/Plugins/EnhancedInput/EnhancedInput.uplugin" 11
"../../../Engine/Plugins/DiscoveryBeaconReceiver/DiscoveryBeaconReceiver.uplugin" 12
"../../../Engine/Plugins/CmdLinkServer/CmdLinkServer.uplugin" 13
"../../../Engine/Plugins/JsonBlueprintUtilities/JsonBlueprintUtilities.uplugin" 14
"../../../Engine/Plugins/LightWeightInstancesEditor/LightWeightInstancesEditor.uplugin" 15
"../../../Engine/Plugins/FastBuildController/FastBuildController.uplugin" 16
"../../../Engine/Plugins/IoStoreInsights/IoStoreInsights.uplugin" 17
"../../../Engine/Plugins/MeshPainting/MeshPainting.uplugin" 18
"../../../Engine/Plugins/PCG/PCG.uplugin" 19
"../../../Engine/Plugins/UbaController/UbaController.uplugin" 20
"../../../Engine/Plugins/XGEController/XGEController.uplugin" 21
"../../../Engine/Plugins/Bridge/Bridge.uplugin" 22
"../../../Engine/Plugins/MassInsights/MassInsights.uplugin" 23
"../../../Engine/Plugins/Animation/ACLPlugin/ACLPlugin.uplugin" 24
"../../../Engine/Plugins/Mutable/Mutable.uplugin" 25
"../../../Engine/Plugins/Animation/AnimationModifierLibrary/AnimationModifierLibrary.uplugin" 26
"../../../Engine/Plugins/Animation/AnimationLocomotionLibrary/AnimationLocomotionLibrary.uplugin" 27
"../../../Engine/Plugins/RenderGraphInsights/RenderGraphInsights.uplugin" 28
"../../../Engine/Plugins/Animation/AnimatorKit/AnimatorKit.uplugin" 29
"../../../Engine/Plugins/Animation/ControlRigSpline/ControlRigSpline.uplugin" 30
"../../../Engine/Plugins/Fab/Fab.uplugin" 31
"../../../Engine/Plugins/Animation/DeformerGraph/DeformerGraph.uplugin" 32
"../../../Engine/Plugins/TextureGraph/TextureGraph.uplugin" 33
"../../../Engine/Plugins/Animation/BlendStack/BlendStack.uplugin" 34
"../../../Engine/Plugins/Animation/DNACalib/DNACalib.uplugin" 35
"../../../Engine/Plugins/Animation/LiveLink/LiveLink.uplugin" 36
"../../../Engine/Plugins/Animation/EaseCurveTool/EaseCurveTool.uplugin" 37
"../../../Engine/Plugins/Animation/GeneSplicer/GeneSplicer.uplugin" 38
"../../../Engine/Plugins/MemoryUsageQueries/MemoryUsageQueries.uplugin" 39
"../../../Engine/Plugins/Animation/LiveLinkUnrealDevice/LiveLinkUnrealDevice.uplugin" 40
"../../../Engine/Plugins/Animation/BlendSpaceMotionAnalysis/BlendSpaceMotionAnalysis.uplugin" 41
"../../../Engine/Plugins/Animation/LiveLinkHub/LiveLinkHub.uplugin" 42
"../../../Engine/Plugins/Animation/MotionWarping/MotionWarping.uplugin" 43
"../../../Engine/Plugins/Animation/PerformanceCaptureCore/PerformanceCaptureCore.uplugin" 44
"../../../Engine/Plugins/Animation/ControlRig/ControlRig.uplugin" 45
"../../../Engine/Plugins/Animation/IKRig/IKRig.uplugin" 46
"../../../Engine/Plugins/ChaosClothAssetEditor/ChaosClothAssetEditor.uplugin" 47
"../../../Engine/Plugins/Animation/ControlRigModules/ControlRigModules.uplugin" 48
"../../../Engine/Plugins/Animation/RigLogic/RigLogic.uplugin" 49
"../../../Engine/Plugins/ScriptPlugin/ScriptPlugin.uplugin" 50
"../../../Engine/Plugins/AI/EnvironmentQueryEditor/EnvironmentQueryEditor.uplugin" 51
"../../../Engine/Plugins/AI/MassCrowd/MassCrowd.uplugin" 52
"../../../Engine/Plugins/AI/AISupport/AISupport.uplugin" 53
"../../../Engine/Plugins/TraceUtilities/TraceUtilities.uplugin" 54
"../../../Engine/Plugins/AI/MLAdapter/MLAdapter.uplugin" 55
"../../../Engine/Plugins/Animation/AnimationData/AnimationData.uplugin" 56
"../../../Engine/Plugins/AI/HTNPlanner/HTNPlanner.uplugin" 57
"../../../Engine/Plugins/Animation/AnimationWarping/AnimationWarping.uplugin" 58
"../../../Engine/Plugins/Developer/DirectoryPlaceholder/DirectoryPlaceholder.uplugin" 59
"../../../Engine/Plugins/Animation/LiveLinkCurveDebugUI/LiveLinkCurveDebugUI.uplugin" 60
"../../../Engine/Plugins/Developer/KDevelopSourceCodeAccess/KDevelopSourceCodeAccess.uplugin" 61
"../../../Engine/Plugins/Animation/TweeningUtils/TweeningUtils.uplugin" 62
"../../../Engine/Plugins/Animation/GameplayInsights/GameplayInsights.uplugin" 63
"../../../Engine/Plugins/Developer/NamingTokens/NamingTokens.uplugin" 64
"../../../Engine/Plugins/Developer/FieldNotificationTrace/FieldNotificationTrace.uplugin" 65
"../../../Engine/Plugins/Developer/NullSourceCodeAccess/NullSourceCodeAccess.uplugin" 66
"../../../Engine/Plugins/Developer/AnimationSharing/AnimationSharing.uplugin" 67
"../../../Engine/Plugins/Developer/OneSkyLocalizationService/OneSkyLocalizationService.uplugin" 68
"../../../Engine/Plugins/Animation/LiveLinkDevice/LiveLinkDevice.uplugin" 69
"../../../Engine/Plugins/Developer/PlasticSourceControl/PlasticSourceControl.uplugin" 70
"../../../Engine/Plugins/Animation/LiveLinkExampleDevice/LiveLinkExampleDevice.uplugin" 71
"../../../Engine/Plugins/Animation/SkeletalMeshModelingTools/SkeletalMeshModelingTools.uplugin" 72
"../../../Engine/Plugins/Developer/PropertyAccessNode/PropertyAccessNode.uplugin" 73
"../../../Engine/Plugins/Developer/PluginUtils/PluginUtils.uplugin" 74
"../../../Engine/Plugins/Developer/CLionSourceCodeAccess/CLionSourceCodeAccess.uplugin" 75
"../../../Engine/Plugins/Developer/RiderSourceCodeAccess/RiderSourceCodeAccess.uplugin" 76
"../../../Engine/Plugins/Developer/SubversionSourceControl/SubversionSourceControl.uplugin" 77
"../../../Engine/Plugins/Developer/PixWinPlugin/PixWinPlugin.uplugin" 78
"../../../Engine/Plugins/Developer/UObjectPlugin/UObjectPlugin.uplugin" 79
"../../../Engine/Plugins/Developer/TraceSourceFiltering/TraceSourceFilters.uplugin" 80
"../../../Engine/Plugins/WorldMetrics/WorldMetrics.uplugin" 81
"../../../Engine/Plugins/Developer/VisualStudioSourceCodeAccess/VisualStudioSourceCodeAccess.uplugin" 82
"../../../Engine/Plugins/Developer/VisualStudioCodeSourceCodeAccess/VisualStudioCodeSourceCodeAccess.uplugin" 83
"../../../Engine/Plugins/Developer/RenderDocPlugin/RenderDocPlugin.uplugin" 84
"../../../Engine/Plugins/Importers/USDImporterMDL/USDImporterMDL.uplugin" 85
"../../../Engine/Plugins/Developer/XcodeGPUDebuggerPlugin/XcodeGPUDebuggerPlugin.uplugin" 86
"../../../Engine/Plugins/Developer/N10XSourceCodeAccess/N10XSourceCodeAccess.uplugin" 87
"../../../Engine/Plugins/Media/AjaMedia/AjaMedia.uplugin" 88
"../../../Engine/Plugins/Developer/BlankPlugin/BlankPlugin.uplugin" 89
"../../../Engine/Plugins/Importers/AlembicHairImporter/AlembicHairImporter.uplugin" 90
"../../../Engine/Plugins/Media/AndroidCamera/AndroidCamera.uplugin" 91
"../../../Engine/Plugins/Developer/GitSourceControl/GitSourceControl.uplugin" 92
"../../../Engine/Plugins/Importers/USDMultiUser/USDMultiUser.uplugin" 93
"../../../Engine/Plugins/Developer/PerforceSourceControl/PerforceSourceControl.uplugin" 94
"../../../Engine/Plugins/Media/AppleProResMedia/AppleProResMedia.uplugin" 95
"../../../Engine/Plugins/Developer/ProjectLauncher/ProjectLauncher.uplugin" 96
"../../../Engine/Plugins/Media/AvidDNxHDDecoderElectra/AvidDNxHDDecoderElectra.uplugin" 97
"../../../Engine/Plugins/Developer/DumpGPUServices/DumpGPUServices.uplugin" 98
"../../../Engine/Plugins/Media/AvfMedia/AvfMedia.uplugin" 99
"../../../Engine/Plugins/Media/D3D12VideoDecodersElectra/D3D12VideoDecodersElectra.uplugin" 100
"../../../Engine/Plugins/Media/BlackmagicMedia/BlackmagicMedia.uplugin" 101
"../../../Engine/Plugins/Media/ElectraCodecs/ElectraCodecs.uplugin" 102
"../../../Engine/Plugins/Media/AudioCaptureTimecodeProvider/AudioCaptureTimecodeProvider.uplugin" 103
"../../../Engine/Plugins/Developer/XCodeSourceCodeAccess/XCodeSourceCodeAccess.uplugin" 104
"../../../Engine/Plugins/Media/BinkMedia/BinkMedia.uplugin" 105
"../../../Engine/Plugins/Media/ElectraPlayer/ElectraPlayer.uplugin" 106
"../../../Engine/Plugins/Media/ElectraUtil/ElectraUtil.uplugin" 107
"../../../Engine/Plugins/Media/FlacDecoderElectra/FlacDecoderElectra.uplugin" 108
"../../../Engine/Plugins/Media/HAPDecoderElectra/HAPDecoderElectra.uplugin" 109
"../../../Engine/Plugins/Animation/PoseSearch/PoseSearch.uplugin" 110
"../../../Engine/Plugins/Media/HAPMedia/HAPMedia.uplugin" 111
"../../../Engine/Plugins/Media/ElectraCDM/ElectraCDM.uplugin" 112
"../../../Engine/Plugins/Media/ImgMedia/ImgMedia.uplugin" 113
"../../../Engine/Plugins/Media/MediaIOFramework/MediaIOFramework.uplugin" 114
"../../../Engine/Plugins/Media/HardwareEncoders/HardwareEncoders.uplugin" 115
"../../../Engine/Plugins/Media/MediaPlate/MediaPlate.uplugin" 116
"../../../Engine/Plugins/Developer/GPUReshape/GPUReshape.uplugin" 117
"../../../Engine/Plugins/Media/AppleProResDecoderElectra/AppleProResDecoderElectra.uplugin" 118
"../../../Engine/Plugins/Media/MfMedia/MfMedia.uplugin" 119
"../../../Engine/Plugins/Media/AndroidMedia/AndroidMedia.uplugin" 120
"../../../Engine/Plugins/Media/MediaViewer/MediaViewer.uplugin" 121
"../../../Engine/Plugins/Media/MediaMovieStreamer/MediaMovieStreamer.uplugin" 122
"../../../Engine/Plugins/Media/AvidDNxMedia/AvidDNxMedia.uplugin" 123
"../../../Engine/Plugins/Developer/CodeLiteSourceCodeAccess/CodeLiteSourceCodeAccess.uplugin" 124
"../../../Engine/Plugins/Media/PixelCapture/PixelCapture.uplugin" 125
"../../../Engine/Plugins/ChaosVD/ChaosVD.uplugin" 126
"../../../Engine/Plugins/Media/PixelStreaming/PixelStreaming.uplugin" 127
"../../../Engine/Plugins/Media/PixelStreaming2/PixelStreaming2.uplugin" 128
"../../../Engine/Plugins/Developer/TextureFormatOodle/TextureFormatOodle.uplugin" 129
"../../../Engine/Plugins/Messaging/MessagingDebugger/MessagingDebugger.uplugin" 130
"../../../Engine/Plugins/Importers/AlembicImporter/AlembicImporter.uplugin" 131
"../../../Engine/Plugins/Importers/USDImporter/USDImporter.uplugin" 132
"../../../Engine/Plugins/NetcodeUnitTest/NUTUnrealEngine/NUTUnrealEngine.uplugin" 133
"../../../Engine/Plugins/NetcodeUnitTest/NetcodeUnitTest/NetcodeUnitTest.uplugin" 134
"../../../Engine/Plugins/Media/WmfMedia/WmfMedia.uplugin" 135
"../../../Engine/Plugins/Media/NDIMedia/NDIMedia.uplugin" 136
"../../../Engine/Plugins/Media/MediaCompositing/MediaCompositing.uplugin" 137
"../../../Engine/Plugins/PCGInterops/PCGExternalDataInterop/PCGExternalDataInterop.uplugin" 138
"../../../Engine/Plugins/Media/MediaPlayerEditor/MediaPlayerEditor.uplugin" 139
"../../../Engine/Plugins/PCGInterops/PCGPythonInterop/PCGPythonInterop.uplugin" 140
"../../../Engine/Plugins/PCGInterops/PCGGeometryScriptInterop/PCGGeometryScriptInterop.uplugin" 141
"../../../Engine/Plugins/Media/TimecodeSynchronizer/TimecodeSynchronizer.uplugin" 142
"../../../Engine/Plugins/Media/LinearTimecode/LinearTimecode.uplugin" 143
"../../../Engine/Plugins/Media/MJPEGDecoderElectra/MJPEGDecoderElectra.uplugin" 144
"../../../Engine/Plugins/AI/MassAI/MassAI.uplugin" 145
"../../../Engine/Plugins/Tests/CQTestExperimental/CQTestExperimental.uplugin" 146
"../../../Engine/Plugins/Tests/EditorTests/EditorTests.uplugin" 147
"../../../Engine/Plugins/Tests/CQTest/CQTest.uplugin" 148
"../../../Engine/Plugins/Tests/FbxAutomationTestBuilder/FbxAutomationTestBuilder.uplugin" 149
"../../../Engine/Plugins/Tests/AutomationDriverTests/AutomationDriverTests.uplugin" 150
"../../../Engine/Plugins/Media/ElectraSubtitles/ElectraSubtitles.uplugin" 151
"../../../Engine/Plugins/Tests/TestFramework/TestFramework.uplugin" 152
"../../../Engine/Plugins/Tests/TestSamples/TestSamples.uplugin" 153
"../../../Engine/Plugins/Messaging/UdpMessaging/UdpMessaging.uplugin" 154
"../../../Engine/Plugins/Tests/CQTestEnhancedInput/CQTestEnhancedInput.uplugin" 155
"../../../Engine/Plugins/Messaging/TcpMessaging/TcpMessaging.uplugin" 156
"../../../Engine/Plugins/Compression/OodleNetwork/OodleNetwork.uplugin" 157
"../../../Engine/Plugins/Media/MediaFrameworkUtilities/MediaFrameworkUtilities.uplugin" 158
"../../../Engine/Plugins/Experimental/ActorPalette/ActorPalette.uplugin" 159
"../../../Engine/Plugins/Tests/RHITests/RHITests.uplugin" 160
"../../../Engine/Plugins/Tests/WidgetAutomationTests/WidgetAutomationTests.uplugin" 161
"../../../Engine/Plugins/Tests/AudioCQTests/AudioCQTests.uplugin" 162
"../../../Engine/Plugins/Experimental/AsyncMessageSystemTests/AsyncMessageSystemTests.uplugin" 163
"../../../Engine/Plugins/Media/VPxDecoderElectra/VPxDecoderElectra.uplugin" 164
"../../../Engine/Plugins/Experimental/AutomationUtils/AutomationUtils.uplugin" 165
"../../../Engine/Plugins/Experimental/AvalancheDisplayCluster/AvalancheDisplayCluster.uplugin" 166
"../../../Engine/Plugins/Experimental/AsyncMessageSystem/AsyncMessageSystem.uplugin" 167
"../../../Engine/Plugins/Experimental/BlueprintSnapNodes/BlueprintSnapNodes.uplugin" 168
"../../../Engine/Plugins/Tests/InterchangeTests/InterchangeTests.uplugin" 169
"../../../Engine/Plugins/Experimental/BackChannel/BackChannel.uplugin" 170
"../../../Engine/Plugins/Experimental/BlueprintStats/BlueprintStats.uplugin" 171
"../../../Engine/Plugins/Web/HttpBlueprint/HttpBlueprint.uplugin" 172
"../../../Engine/Plugins/Experimental/AIAssistant/AIAssistant.uplugin" 173
"../../../Engine/Plugins/Experimental/Buoyancy/Buoyancy.uplugin" 174
"../../../Engine/Plugins/Experimental/ChaosCachingUSD/ChaosCachingUSD.uplugin" 175
"../../../Engine/Plugins/Experimental/ChaosClothEditor/ChaosClothEditor.uplugin" 176
"../../../Engine/Plugins/Protocols/MQTT/MQTT.uplugin" 177
"../../../Engine/Plugins/Experimental/ChaosEditor/ChaosEditor.uplugin" 178
"../../../Engine/Plugins/Experimental/ChaosFlesh/ChaosFlesh.uplugin" 179
"../../../Engine/Plugins/Experimental/AdvancedRenamer/AdvancedRenamer.uplugin" 180
"../../../Engine/Plugins/Experimental/ChaosRigidAsset/ChaosRigidAsset.uplugin" 181
"../../../Engine/Plugins/Experimental/ChaosSolverPlugin/ChaosSolverPlugin.uplugin" 182
"../../../Engine/Plugins/Experimental/AnimToTexture/AnimToTexture.uplugin" 183
"../../../Engine/Plugins/Tests/RuntimeTests/RuntimeTests.uplugin" 184
"../../../Engine/Plugins/Experimental/ChaosModularVehicle/ChaosModularVehicle.uplugin" 185
"../../../Engine/Plugins/Experimental/CharacterAI/CharacterAI.uplugin" 186
"../../../Engine/Plugins/Experimental/CineCameraRigs/CineCameraRigs.uplugin" 187
"../../../Engine/Plugins/Experimental/ChaosNiagara/ChaosNiagara.uplugin" 188
"../../../Engine/Plugins/Experimental/ChaosUserDataPT/ChaosUserDataPT.uplugin" 189
"../../../Engine/Plugins/Experimental/CineCameraSceneCapture/CineCameraSceneCapture.uplugin" 190
"../../../Engine/Plugins/Tests/FunctionalTestingEditor/FunctionalTestingEditor.uplugin" 191
"../../../Engine/Plugins/Experimental/ChaosVehiclesPlugin/ChaosVehiclesPlugin.uplugin" 192
"../../../Engine/Plugins/Experimental/CodeEditor/CodeEditor.uplugin" 193
"../../../Engine/Plugins/Media/OpusDecoderElectra/OpusDecoderElectra.uplugin" 194
"../../../Engine/Plugins/Experimental/ColorCorrectRegions/ColorCorrectRegions.uplugin" 195
"../../../Engine/Plugins/Experimental/ControlRigPhysics/ControlRigPhysics.uplugin" 196
"../../../Engine/Plugins/Experimental/DefaultInstallBundleManager/DefaultInstallBundleManager.uplugin" 197
"../../../Engine/Plugins/Experimental/ChaosCaching/ChaosCaching.uplugin" 198
"../../../Engine/Plugins/Experimental/ChaosOutfitAsset/ChaosOutfitAsset.uplugin" 199
"../../../Engine/Plugins/Tests/PythonAutomationTest/PythonAutomationTest.uplugin" 200
"../../../Engine/Plugins/Experimental/DrawDebugLibrary/DrawDebugLibrary.uplugin" 201
"../../../Engine/Plugins/Experimental/EditorDataStorage/EditorDataStorage.uplugin" 202
"../../../Engine/Plugins/Media/WebMMedia/WebMMedia.uplugin" 203
"../../../Engine/Plugins/Experimental/EditorDataStorageFeatures/EditorDataStorageFeatures.uplugin" 204
"../../../Engine/Plugins/Experimental/ChaosModularVehicleExamples/ChaosModularVehicleExamples.uplugin" 205
"../../../Engine/Plugins/Experimental/CelestialVault/CelestialVault.uplugin" 206
"../../../Engine/Plugins/Experimental/EditorPerformance/EditorPerformance.uplugin" 207
"../../../Engine/Plugins/Experimental/FieldSystemPlugin/FieldSystemPlugin.uplugin" 208
"../../../Engine/Plugins/Experimental/AvalancheSequenceNavigator/AvalancheSequenceNavigator.uplugin" 209
"../../../Engine/Plugins/Experimental/Dataflow/Dataflow.uplugin" 210
"../../../Engine/Plugins/Experimental/FullBodyIK/FullBodyIK.uplugin" 211
"../../../Engine/Plugins/Experimental/DynamicWind/DynamicWind.uplugin" 212
"../../../Engine/Plugins/Experimental/AbilitySystemGameFeatureActions/AbilitySystemGameFeatureActions.uplugin" 213
"../../../Engine/Plugins/Experimental/GameInputWindows/GameInputWindows.uplugin" 214
"../../../Engine/Plugins/Experimental/CommonConversation/CommonConversation.uplugin" 215
"../../../Engine/Plugins/Experimental/ChaosMover/ChaosMover.uplugin" 216
"../../../Engine/Plugins/Experimental/GameplayBehaviors/GameplayBehaviors.uplugin" 217
"../../../Engine/Plugins/Experimental/GameplayGraph/GameplayGraph.uplugin" 218
"../../../Engine/Plugins/Experimental/CinematicSequenceNavigator/CinematicSequenceNavigator.uplugin" 219
"../../../Engine/Plugins/Experimental/DynamicMaterialMediaStreamBridge/DynamicMaterialMediaStreamBridge.uplugin" 220
"../../../Engine/Plugins/Experimental/GeometryDataflow/GeometryDataflow.uplugin" 221
"../../../Engine/Plugins/Experimental/GeometryCacheLevelSequenceBaker/GeometryCacheLevelSequenceBaker.uplugin" 222
"../../../Engine/Plugins/Experimental/DaySequence/DaySequence.uplugin" 223
"../../../Engine/Plugins/Experimental/GlobalConfigurationData/GlobalConfigurationData.uplugin" 224
"../../../Engine/Plugins/Experimental/GizmoFramework/GizmoFramework.uplugin" 225
"../../../Engine/Plugins/Experimental/EvaluationNotifies/EvaluationNotifies.uplugin" 226
"../../../Engine/Plugins/Experimental/HairModelingToolset/HairModelingToolset.uplugin" 227
"../../../Engine/Plugins/Experimental/CinematicPrestreaming/CinematicPrestreaming.uplugin" 228
"../../../Engine/Plugins/Experimental/GeometryCacheAbcFile/GeometryCacheAbcFile.uplugin" 229
"../../../Engine/Plugins/Experimental/GeometryFlow/GeometryFlow.uplugin" 230
"../../../Engine/Plugins/Experimental/HairStrandsMutable/HairStrandsMutable.uplugin" 231
"../../../Engine/Plugins/Experimental/GizmoEdMode/GizmoEdMode.uplugin" 232
"../../../Engine/Plugins/Experimental/FloatingProperties/FloatingProperties.uplugin" 233
"../../../Engine/Plugins/Experimental/CodeView/CodeView.uplugin" 234
"../../../Engine/Plugins/Experimental/ImageWidgets/ImageWidgets.uplugin" 235
"../../../Engine/Plugins/Experimental/ImpostorBaker/ImpostorBaker.uplugin" 236
"../../../Engine/Plugins/Experimental/InlineMaterialInstance/InlineMaterialInstance.uplugin" 237
"../../../Engine/Plugins/Experimental/InEditorDocumentation/InEditorDocumentation.uplugin" 238
"../../../Engine/Plugins/Experimental/Gauntlet/Gauntlet.uplugin" 239
"../../../Engine/Plugins/Experimental/InstanceDataObjectFixupTool/InstanceDataObjectFixupTool.uplugin" 240
"../../../Engine/Plugins/Experimental/FastGeoStreaming/FastGeoStreaming.uplugin" 241
"../../../Engine/Plugins/Experimental/LiveLinkControlRig/LiveLinkControlRig.uplugin" 242
"../../../Engine/Plugins/Experimental/Iris/Iris.uplugin" 243
"../../../Engine/Plugins/Experimental/LevelSequenceNavigatorBridge/LevelSequenceNavigatorBridge.uplugin" 244
"../../../Engine/Plugins/Experimental/Fracture/Fracture.uplugin" 245
"../../../Engine/Plugins/Experimental/GameplayTargetingSystem/TargetingSystem.uplugin" 246
"../../../Engine/Plugins/Experimental/LiveLinkFaceImporter/LiveLinkFaceImporter.uplugin" 247
"../../../Engine/Plugins/Experimental/MetasoundExperimental/MetasoundExperimental.uplugin" 248
"../../../Engine/Plugins/Experimental/GeometryCollectionPlugin/GeometryCollectionPlugin.uplugin" 249
"../../../Engine/Plugins/Experimental/ImagePlate/ImagePlate.uplugin" 250
"../../../Engine/Plugins/Experimental/LiveLinkOpenVR/LiveLinkOpenVR.uplugin" 251
"../../../Engine/Plugins/Experimental/HairCardGenerator/HairCardGenerator.uplugin" 252
"../../../Engine/Plugins/Experimental/MLflow/MLflow.uplugin" 253
"../../../Engine/Plugins/Experimental/EditorTelemetry/EditorTelemetry.uplugin" 254
"../../../Engine/Plugins/Experimental/MoverIntegrations/MoverIntegrations.uplugin" 255
"../../../Engine/Plugins/Experimental/MotoSynth/MotoSynth.uplugin" 256
"../../../Engine/Plugins/Experimental/MoverTests/MoverTests.uplugin" 257
"../../../Engine/Plugins/Experimental/ControlFlows/ControlFlows.uplugin" 258
"../../../Engine/Plugins/Experimental/MovieSceneAnimMixer/MovieSceneAnimMixer.uplugin" 259
"../../../Engine/Plugins/Experimental/MovieScenePoseSearchTracks/MovieScenePoseSearchTracks.uplugin" 260
"../../../Engine/Plugins/Experimental/LocalizableMessage/LocalizableMessage.uplugin" 261
"../../../Engine/Plugins/Experimental/GPULightmass/GPULightmass.uplugin" 262
"../../../Engine/Plugins/Experimental/Mover/Mover.uplugin" 263
"../../../Engine/Plugins/Experimental/LowLevelNetTrace/LowLevelNetTrace.uplugin" 264
"../../../Engine/Plugins/Experimental/NaniteDisplacedMesh/NaniteDisplacedMesh.uplugin" 265
"../../../Engine/Plugins/Experimental/MutableDataflow/MutableDataflow.uplugin" 266
"../../../Engine/Plugins/Experimental/NNERuntimeIREE/NNERuntimeIREE.uplugin" 267
"../../../Engine/Plugins/Experimental/InteractionInterface/InteractionInterface.uplugin" 268
"../../../Engine/Plugins/Experimental/NNERuntimeCoreML/NNERuntimeCoreML.uplugin" 269
"../../../Engine/Plugins/Experimental/MutableClothing/MutableClothing.uplugin" 270
"../../../Engine/Plugins/Experimental/NFORDenoise/NFORDenoise.uplugin" 271
"../../../Engine/Plugins/Experimental/NaniteAssemblyEditorUtils/NaniteAssemblyEditorUtils.uplugin" 272
"../../../Engine/Plugins/Experimental/OpenImageDenoise/OpenImageDenoise.uplugin" 273
"../../../Engine/Plugins/Experimental/MotorSimOutputMotoSynth/MotorSimOutputMotoSynth.uplugin" 274
"../../../Engine/Plugins/Experimental/OptiXDenoise/OptiXDenoise.uplugin" 275
"../../../Engine/Plugins/Experimental/MeshModelingToolsetExp/MeshModelingToolsetExp.uplugin" 276
"../../../Engine/Plugins/Experimental/NNERuntimeRDG/NNERuntimeRDG.uplugin" 277
"../../../Engine/Plugins/Experimental/PlanarCutPlugin/PlanarCut.uplugin" 278
"../../../Engine/Plugins/Experimental/PlainPropsEngine/PlainPropsEngine.uplugin" 279
"../../../Engine/Plugins/Experimental/PCGBiomeSample/PCGBiomeSample.uplugin" 280
"../../../Engine/Plugins/Experimental/MoverExamples/MoverExamples.uplugin" 281
"../../../Engine/Plugins/Experimental/MoverAnimNext/MoverAnimNext.uplugin" 282
"../../../Engine/Plugins/Experimental/PlainPropsUObject/PlainPropsUObject.uplugin" 283
"../../../Engine/Plugins/Experimental/PixelStreamingPlayer/PixelStreamingPlayer.uplugin" 284
"../../../Engine/Plugins/Experimental/MutablePopulation/MutablePopulation.uplugin" 285
"../../../Engine/Plugins/Experimental/PhysicsControl/PhysicsControl.uplugin" 286
"../../../Engine/Plugins/Experimental/PluginReferenceViewer/PluginReferenceViewer.uplugin" 287
"../../../Engine/Plugins/Experimental/PluginAudit/PluginAudit.uplugin" 288
"../../../Engine/Plugins/Experimental/ProceduralVegetationEditor/ProceduralVegetationEditor.uplugin" 289
"../../../Engine/Plugins/Experimental/PythonFoundationPackages/PythonFoundationPackages.uplugin" 290
"../../../Engine/Plugins/Experimental/PlainProps/PlainProps.uplugin" 291
"../../../Engine/Plugins/Experimental/PSDImporter/PSDImporter.uplugin" 292
"../../../Engine/Plugins/Experimental/PSDImporterMaterialDesignerBridge/PSDImporterMaterialDesignerBridge.uplugin" 293
"../../../Engine/Plugins/Experimental/PCGBiomeCore/PCGBiomeCore.uplugin" 294
"../../../Engine/Plugins/Experimental/RawInput/RawInput.uplugin" 295
"../../../Engine/Plugins/Experimental/PostProcessMaterialChainGraph/PostProcessMaterialChainGraph.uplugin" 296
"../../../Engine/Plugins/Experimental/PluginTemplateTool/PluginTemplateTool.uplugin" 297
"../../../Engine/Plugins/Experimental/PythonScriptPlugin/PythonScriptPlugin.uplugin" 298
"../../../Engine/Plugins/Experimental/QuicMessaging/QuicMessaging.uplugin" 299
"../../../Engine/Plugins/Experimental/MediaStream/MediaStream.uplugin" 300
"../../../Engine/Plugins/Experimental/RuntimeTelemetry/RuntimeTelemetry.uplugin" 301
"../../../Engine/Plugins/Experimental/RigLogicMutable/RigLogicMutable.uplugin" 302
"../../../Engine/Plugins/Experimental/RigLogicUAF/RigLogicUAF.uplugin" 303
"../../../Engine/Plugins/Experimental/Landmass/Landmass.uplugin" 304
"../../../Engine/Plugins/Experimental/RazerChromaDevices/RazerChromaDevices.uplugin" 305
"../../../Engine/Plugins/Experimental/SecuritySandbox/SecuritySandbox.uplugin" 306
"../../../Engine/Plugins/Experimental/ScreenReader/ScreenReader.uplugin" 307
"../../../Engine/Plugins/Experimental/RemoteSession/RemoteSession.uplugin" 308
"../../../Engine/Plugins/Experimental/Shotgrid/Shotgrid.uplugin" 309
"../../../Engine/Plugins/Experimental/SkeletalReduction/SkeletalReduction.uplugin" 310
"../../../Engine/Plugins/Experimental/NeuralRendering/NeuralRendering.uplugin" 311
"../../../Engine/Plugins/Experimental/RemoteControlComponents/RemoteControlComponents.uplugin" 312
"../../../Engine/Plugins/Experimental/PanoramicCapture/PanoramicCapture.uplugin" 313
"../../../Engine/Plugins/Experimental/SpatialReadiness/SpatialReadiness.uplugin" 314
"../../../Engine/Plugins/Experimental/JWT/JWT.uplugin" 315
"../../../Engine/Plugins/Experimental/SimpleHMD/SimpleHMD.uplugin" 316
"../../../Engine/Plugins/Experimental/LearningAgents/LearningAgents.uplugin" 317
"../../../Engine/Plugins/Experimental/SequenceNavigator/SequenceNavigator.uplugin" 318
"../../../Engine/Plugins/Experimental/PythonMLPackages/PythonMLPackages.uplugin" 319
"../../../Engine/Plugins/Experimental/StructUtils/StructUtils.uplugin" 320
"../../../Engine/Plugins/Experimental/MeshResizing/MeshResizing.uplugin" 321
"../../../Engine/Plugins/Experimental/StateGraph/StateGraph.uplugin" 322
"../../../Engine/Plugins/Experimental/TargetDeviceServicesScripting/TargetDeviceServicesScripting.uplugin" 323
"../../../Engine/Plugins/Experimental/NNERuntimeBasicCpu/NNERuntimeBasicCpu.uplugin" 324
"../../../Engine/Plugins/Experimental/PlatformCrypto/PlatformCrypto.uplugin" 325
"../../../Engine/Plugins/Experimental/TetMeshing/TetMeshing.uplugin" 326
"../../../Engine/Plugins/Experimental/ToolPresets/ToolPresets.uplugin" 327
"../../../Engine/Plugins/Experimental/RenderGrid/RenderGrid.uplugin" 328
"../../../Engine/Plugins/Experimental/UserToolBoxCore/UserToolBoxCore.uplugin" 329
"../../../Engine/Plugins/Experimental/SlateModelViewViewModel/SlateModelViewViewModel.uplugin" 330
"../../../Engine/Plugins/Experimental/Water/Water.uplugin" 331
"../../../Engine/Plugins/Experimental/SlateIM/SlateIM.uplugin" 332
"../../../Engine/Plugins/Experimental/TextToSpeech/TextToSpeech.uplugin" 333
"../../../Engine/Plugins/Experimental/VirtualHeightfieldMesh/VirtualHeightfieldMesh.uplugin" 334
"../../../Engine/Plugins/Experimental/VirtualProductionUtilities/VirtualProductionUtilities.uplugin" 335
"../../../Engine/Plugins/Experimental/WebSocketNetworking/WebSocketNetworking.uplugin" 336
"../../../Engine/Plugins/Experimental/XRCreativeFramework/XRCreativeFramework.uplugin" 337
"../../../Engine/Plugins/Experimental/RemoteControlActorModifierBridge/RemoteControlActorModifierBridge.uplugin" 338
"../../../Engine/Plugins/Experimental/Workspace/Workspace.uplugin" 339
"../../../Engine/Plugins/Experimental/TechAudioTools/TechAudioTools.uplugin" 340
"../../../Engine/Plugins/Experimental/WaveFunctionCollapse/WaveFunctionCollapse.uplugin" 341
"../../../Engine/Plugins/Experimental/SlateScreenReader/SlateScreenReader.uplugin" 342
"../../../Engine/Plugins/Enterprise/DatasmithCADImporter/DatasmithCADImporter.uplugin" 343
"../../../Engine/Plugins/Portal/LauncherChunkInstaller/LauncherChunkInstaller.uplugin" 344
"../../../Engine/Plugins/Enterprise/AxFImporter/AxFImporter.uplugin" 345
"../../../Engine/Plugins/Experimental/SubtitlesAndClosedCaptions/SubtitlesAndClosedCaptions.uplugin" 346
"../../../Engine/Plugins/Enterprise/DatasmithContent/DatasmithContent.uplugin" 347
"../../../Engine/Plugins/Enterprise/DatasmithC4DImporter/DatasmithC4DImporter.uplugin" 348
"../../../Engine/Plugins/Experimental/Tensorboard/Tensorboard.uplugin" 349
"../../../Engine/Plugins/Enterprise/DatasmithImporter/DatasmithImporter.uplugin" 350
"../../../Engine/Plugins/Experimental/SurfaceEffects/SurfaceEffects.uplugin" 351
"../../../Engine/Plugins/Enterprise/GLTFExporter/GLTFExporter.uplugin" 352
"../../../Engine/Plugins/Interchange/Editor/InterchangeEditor.uplugin" 353
"../../../Engine/Plugins/Experimental/SubmitToolEditor/SubmitToolEditor.uplugin" 354
"../../../Engine/Plugins/MetaHuman/MetaHumanAnimator/MetaHuman.uplugin" 355
"../../../Engine/Plugins/Experimental/UserToolBoxBasicCommand/UserToolBoxBasicCommand.uplugin" 356
"../../../Engine/Plugins/Enterprise/LidarPointCloud/LidarPointCloud.uplugin" 357
"../../../Engine/Plugins/Interchange/Runtime/Interchange.uplugin" 358
"../../../Engine/Plugins/Experimental/SerializationUtils/SerializationUtils.uplugin" 359
"../../../Engine/Plugins/Experimental/WaterExtras/WaterExtras.uplugin" 360
"../../../Engine/Plugins/Performance/PerformanceMonitor/PerformanceMonitor.uplugin" 361
"../../../Engine/Plugins/Experimental/WidgetEditorToolPalette/WidgetEditorToolPalette.uplugin" 362
"../../../Engine/Plugins/MetaHuman/MetaHumanCoreTechLib/MetaHumanCoreTech.uplugin" 363
"../../../Engine/Plugins/Experimental/WebSocketMessaging/WebSocketMessaging.uplugin" 364
"../../../Engine/Plugins/MetaHuman/MetaHumanCharacter/MetaHumanCharacter.uplugin" 365
"../../../Engine/Plugins/Experimental/WaterAdvanced/WaterAdvanced.uplugin" 366
"../../../Engine/Plugins/NNE/NNEDenoiser/NNEDenoiser.uplugin" 367
"../../../Engine/Plugins/Enterprise/DataprepEditor/DataprepEditor.uplugin" 368
"../../../Engine/Plugins/Enterprise/DatasmithFBXImporter/DatasmithFBXImporter.uplugin" 369
"../../../Engine/Plugins/Experimental/UIFramework/UIFramework.uplugin" 370
"../../../Engine/Plugins/Cameras/CameraShakePreviewer/CameraShakePreviewer.uplugin" 371
"../../../Engine/Plugins/Compositing/Composure/Composure.uplugin" 372
"../../../Engine/Plugins/2D/Paper2D/Paper2D.uplugin" 373
"../../../Engine/Plugins/Compositing/Composite/Composite.uplugin" 374
"../../../Engine/Plugins/Interchange/Assets/InterchangeAssets.uplugin" 375
"../../../Engine/Plugins/Compositing/OpenColorIO/OpenColorIO.uplugin" 376
"../../../Engine/Plugins/Experimental/Volumetrics/Volumetrics.uplugin" 377
"../../../Engine/Plugins/Compositing/CompositeCore/CompositeCore.uplugin" 378
"../../../Engine/Plugins/MetaHuman/MetaHumanCalibrationProcessing/MetaHumanCalibrationProcessing.uplugin" 379
"../../../Engine/Plugins/Editor/AssetReferenceRestrictions/AssetReferenceRestrictions.uplugin" 380
"../../../Engine/Plugins/Compositing/HoldoutComposite/HoldoutComposite.uplugin" 381
"../../../Engine/Plugins/Compositing/OpenCVLensDistortion/OpenCVLensDistortion.uplugin" 382
"../../../Engine/Plugins/MetaHuman/MetaHumanLiveLink/MetaHumanLiveLink.uplugin" 383
"../../../Engine/Plugins/Editor/ColorGrading/ColorGrading.uplugin" 384
"../../../Engine/Plugins/NNE/NNERuntimeORT/NNERuntimeORT.uplugin" 385
"../../../Engine/Plugins/Compositing/LensDistortion/LensDistortion.uplugin" 386
"../../../Engine/Plugins/Editor/BlueprintMaterialTextureNodes/BlueprintMaterialTextureNodes.uplugin" 387
"../../../Engine/Plugins/Editor/ChangelistReview/ChangelistReview.uplugin" 388
"../../../Engine/Plugins/Editor/BlueprintHeaderView/BlueprintHeaderView.uplugin" 389
"../../../Engine/Plugins/Editor/AssetSearch/AssetSearch.uplugin" 390
"../../../Engine/Plugins/Slate/SlateScripting/SlateScripting.uplugin" 391
"../../../Engine/Plugins/Editor/AssetRegistryExport/AssetRegistryExport.uplugin" 392
"../../../Engine/Plugins/MetaHuman/MetaHumanSDK/MetaHumanSDK.uplugin" 393
"../../../Engine/Plugins/Editor/DisplayClusterLaunch/DisplayClusterLaunch.uplugin" 394
"../../../Engine/Plugins/Enterprise/MDLImporter/MDLImporter.uplugin" 395
"../../../Engine/Plugins/Editor/EngineAssetDefinitions/EngineAssetDefinitions.uplugin" 396
"../../../Engine/Plugins/Slate/SlateInsights/SlateInsights.uplugin" 397
"../../../Engine/Plugins/Editor/GuidedTutorials/GuidedTutorials.uplugin" 398
"../../../Engine/Plugins/Editor/GameplayTagsEditor/GameplayTagsEditor.uplugin" 399
"../../../Engine/Plugins/Editor/EditorScriptingUtilities/EditorScriptingUtilities.uplugin" 400
"../../../Engine/Plugins/Editor/FacialAnimation/FacialAnimation.uplugin" 401
"../../../Engine/Plugins/Cameras/GameplayCameras/GameplayCameras.uplugin" 402
"../../../Engine/Plugins/Enterprise/VariantManagerContent/VariantManagerContent.uplugin" 403
"../../../Engine/Plugins/Editor/MaterialAnalyzer/MaterialAnalyzer.uplugin" 404
"../../../Engine/Plugins/Editor/LandscapePatch/LandscapePatch.uplugin" 405
"../../../Engine/Plugins/Editor/LiveUpdateForSlate/LiveUpdateForSlate.uplugin" 406
"../../../Engine/Plugins/Cameras/EngineCameras/EngineCameras.uplugin" 407
"../../../Engine/Plugins/Editor/ProxyLODPlugin/ProxyLODPlugin.uplugin" 408
"../../../Engine/Plugins/Editor/CurveEditorTools/CurveEditorTools.uplugin" 409
"../../../Engine/Plugins/Editor/CryptoKeys/CryptoKeys.uplugin" 410
"../../../Engine/Plugins/Editor/DataValidation/DataValidation.uplugin" 411
"../../../Engine/Plugins/Editor/EditorSysConfigAssistant/EditorSysConfigAssistant.uplugin" 412
"../../../Engine/Plugins/Editor/ConsoleVariablesEditor/ConsoleVariables.uplugin" 413
"../../../Engine/Plugins/Enterprise/VariantManager/VariantManager.uplugin" 414
"../../../Engine/Plugins/Editor/PluginBrowser/PluginBrowser.uplugin" 415
"../../../Engine/Plugins/Editor/EditorDebugTools/EditorDebugTools.uplugin" 416
"../../../Engine/Plugins/Editor/GeometryMode/GeometryMode.uplugin" 417
"../../../Engine/Plugins/Editor/AssetManagerEditor/AssetManagerEditor.uplugin" 418
"../../../Engine/Plugins/Editor/MakeCookedEditorAsDLC/MakeCookedEditorAsDLC.uplugin" 419
"../../../Engine/Plugins/Editor/MobileLauncherProfileWizard/MobileLauncherProfileWizard.uplugin" 420
"../../../Engine/Plugins/Editor/MacGraphicsSwitching/MacGraphicsSwitching.uplugin" 421
"../../../Engine/Plugins/Editor/SpeedTreeImporter/SpeedTreeImporter.uplugin" 422
"../../../Engine/Plugins/Editor/MeshLODToolset/MeshLODToolset.uplugin" 423
"../../../Engine/Plugins/Editor/ModelingToolsEditorMode/ModelingToolsEditorMode.uplugin" 424
"../../../Engine/Plugins/FX/NiagaraNanite/NiagaraNanite.uplugin" 425
"../../../Engine/Plugins/FX/Niagara/Niagara.uplugin" 426
"../../../Engine/Plugins/Editor/ScriptableToolsEditorMode/ScriptableToolsEditorMode.uplugin" 427
"../../../Engine/Plugins/FX/CascadeToNiagaraConverter/CascadeToNiagaraConverter.uplugin" 428
"../../../Engine/Plugins/Editor/SequencerAnimTools/SequencerAnimTools.uplugin" 429
"../../../Engine/Plugins/Editor/StaticMeshEditorModeling/StaticMeshEditorModeling.uplugin" 430
"../../../Engine/Plugins/Editor/WorldPartitionHLODUtilities/WorldPartitionHLODUtilities.uplugin" 431
"../../../Engine/Plugins/Editor/UMGWidgetPreview/UMGWidgetPreview.uplugin" 432
"../../../Engine/Plugins/MovieScene/LevelSequenceEditor/LevelSequenceEditor.uplugin" 433
"../../../Engine/Plugins/Editor/StylusInput/StylusInput.uplugin" 434
"../../../Engine/Plugins/Editor/WaveformEditor/WaveformEditor.uplugin" 435
"../../../Engine/Plugins/Performance/AutomatedPerfTesting/AutomatedPerfTesting.uplugin" 436
"../../../Engine/Plugins/MovieScene/MoviePipelineMaskRenderPass/MoviePipelineMaskRenderPass.uplugin" 437
"../../../Engine/Plugins/Editor/UVEditor/UVEditor.uplugin" 438
"../../../Engine/Plugins/FX/Cascade/Cascade.uplugin" 439
"../../../Engine/Plugins/MovieScene/SequencerScripting/SequencerScripting.uplugin" 440
"../../../Engine/Plugins/Editor/ModelViewViewModelPreview/ModelViewViewModelPreview.uplugin" 441
"../../../Engine/Plugins/MovieScene/MovieSceneTextTrack/MovieSceneTextTrack.uplugin" 442
"../../../Engine/Plugins/FX/NiagaraMRQ/NiagaraMRQ.uplugin" 443
"../../../Engine/Plugins/MovieScene/MovieRenderPipeline/MovieRenderPipeline.uplugin" 444
"../../../Engine/Plugins/Online/EOSShared/EOSShared.uplugin" 445
"../../../Engine/Plugins/MovieScene/TemplateSequence/TemplateSequence.uplugin" 446
"../../../Engine/Plugins/FX/NiagaraSimCaching/NiagaraSimCaching.uplugin" 447
"../../../Engine/Plugins/Online/OnlineFrameworkCommon/OnlineFrameworkCommon.uplugin" 448
"../../../Engine/Plugins/FX/ExampleCustomDataInterface/ExampleCustomDataInterface.uplugin" 449
"../../../Engine/Plugins/Online/EOSOverlayInputProvider/EOSOverlayInputProvider.uplugin" 450
"../../../Engine/Plugins/MovieScene/CustomizableSequencerTracks/CustomizableSequencerTracks.uplugin" 451
"../../../Engine/Plugins/MovieScene/ReplayTracks/ReplayTracks.uplugin" 452
"../../../Engine/Plugins/Online/OnlineServicesNull/OnlineServicesNull.uplugin" 453
"../../../Engine/Plugins/Online/OnlineServicesEOS/OnlineServicesEOS.uplugin" 454
"../../../Engine/Plugins/FX/NiagaraPreviewContent/NiagaraPreviewContent.uplugin" 455
"../../../Engine/Plugins/Online/OnlineSubsystemEOS/OnlineSubsystemEOS.uplugin" 456
"../../../Engine/Plugins/Editor/SampleToolsEditorMode/SampleToolsEditorMode.uplugin" 457
"../../../Engine/Plugins/Online/OnlineSubsystemAmazon/OnlineSubsystemAmazon.uplugin" 458
"../../../Engine/Plugins/Online/OnlineFramework/OnlineFramework.uplugin" 459
"../../../Engine/Plugins/Online/OnlineSubsystemSteam/OnlineSubsystemSteam.uplugin" 460
"../../../Engine/Plugins/Online/OnlineServicesEpicCommon/OnlineServicesEpicCommon.uplugin" 461
"../../../Engine/Plugins/Online/OnlineSubsystemGoogle/OnlineSubsystemGoogle.uplugin" 462
"../../../Engine/Plugins/FX/NiagaraFluids/NiagaraFluids.uplugin" 463
"../../../Engine/Plugins/Marketplace/Aura/Aura.uplugin" 464
"../../../Engine/Plugins/Online/OnlineSubsystemNull/OnlineSubsystemNull.uplugin" 465
"../../../Engine/Plugins/Online/OnlineBase/OnlineBase.uplugin" 466
"../../../Engine/Plugins/Online/SocketSubsystemSteamIP/SocketSubsystemSteamIP.uplugin" 467
"../../../Engine/Plugins/Online/OnlineServices/OnlineServices.uplugin" 468
"../../../Engine/Plugins/Runtime/ActorLayerUtilities/ActorLayerUtilities.uplugin" 469
"../../../Engine/Plugins/Runtime/AndroidDeviceProfileSelector/AndroidDeviceProfileSelector.uplugin" 470
"../../../Engine/Plugins/MovieScene/ActorSequence/ActorSequence.uplugin" 471
"../../../Engine/Plugins/MovieScene/SequenceValidator/SequenceValidator.uplugin" 472
"../../../Engine/Plugins/Runtime/AndroidFileServer/AndroidFileServer.uplugin" 473
"../../../Engine/Plugins/Runtime/ApexDestruction/ApexDestruction.uplugin" 474
"../../../Engine/Plugins/Runtime/AppleImageUtils/AppleImageUtils.uplugin" 475
"../../../Engine/Plugins/Online/OnlineServicesEOSGS/OnlineServicesEOSGS.uplugin" 476
"../../../Engine/Plugins/Runtime/AudioModulation/AudioModulation.uplugin" 477
"../../../Engine/Plugins/Runtime/AppleMoviePlayer/AppleMoviePlayer.uplugin" 478
"../../../Engine/Plugins/Online/OnlineSubsystemTencent/OnlineSubsystemTencent.uplugin" 479
"../../../Engine/Plugins/Runtime/AudioMotorSim/AudioMotorSim.uplugin" 480
"../../../Engine/Plugins/Runtime/AnimationBudgetAllocator/AnimationBudgetAllocator.uplugin" 481
"../../../Engine/Plugins/Online/SocketSubsystemEOS/SocketSubsystemEOS.uplugin" 482
"../../../Engine/Plugins/Runtime/CableComponent/CableComponent.uplugin" 483
"../../../Engine/Plugins/Runtime/ArchVisCharacter/ArchVisCharacter.uplugin" 484
"../../../Engine/Plugins/Online/OnlineServicesOSSAdapter/OnlineServicesOSSAdapter.uplugin" 485
"../../../Engine/Plugins/Runtime/AndroidMoviePlayer/AndroidMoviePlayer.uplugin" 486
"../../../Engine/Plugins/Runtime/CustomMeshComponent/CustomMeshComponent.uplugin" 487
"../../../Engine/Plugins/Online/WebAuth/WebAuth.uplugin" 488
"../../../Engine/Plugins/Runtime/ExampleDeviceProfileSelector/ExampleDeviceProfileSelector.uplugin" 489
"../../../Engine/Plugins/Runtime/AssetTags/AssetTags.uplugin" 490
"../../../Engine/Plugins/Online/OnlineSubsystemApple/OnlineSubsystemApple.uplugin" 491
"../../../Engine/Plugins/Runtime/GameInput/GameInput.uplugin" 492
"../../../Engine/Plugins/Runtime/GameFeatures/GameFeatures.uplugin" 493
"../../../Engine/Plugins/Runtime/AndroidBackgroundService/AndroidBackgroundService.uplugin" 494
"../../../Engine/Plugins/Runtime/GeometryProcessing/GeometryProcessing.uplugin" 495
"../../../Engine/Plugins/Runtime/DataRegistry/DataRegistry.uplugin" 496
"../../../Engine/Plugins/Runtime/GameplayAbilities/GameplayAbilities.uplugin" 497
"../../../Engine/Plugins/Runtime/ComputeFramework/ComputeFramework.uplugin" 498
"../../../Engine/Plugins/Runtime/GeometryCache/GeometryCache.uplugin" 499
"../../../Engine/Plugins/Runtime/AndroidPermission/AndroidPermission.uplugin" 500
"../../../Engine/Plugins/Runtime/ADM/ADM.uplugin" 501
"../../../Engine/Plugins/Runtime/GoogleCloudMessaging/GoogleCloudMessaging.uplugin" 502
"../../../Engine/Plugins/Runtime/AudioSynesthesia/AudioSynesthesia.uplugin" 503
"../../../Engine/Plugins/Runtime/AudioWidgets/AudioWidgets.uplugin" 504
"../../../Engine/Plugins/Runtime/HDRIBackdrop/HDRIBackdrop.uplugin" 505
"../../../Engine/Plugins/Runtime/AudioCapture/AudioCapture.uplugin" 506
"../../../Engine/Plugins/Runtime/ChunkDownloader/ChunkDownloader.uplugin" 507
"../../../Engine/Plugins/Runtime/HPMotionController/HPMotionController.uplugin" 508
"../../../Engine/Plugins/Runtime/InstancedActors/InstancedActors.uplugin" 509
"../../../Engine/Plugins/Runtime/Harmonix/Harmonix.uplugin" 510
"../../../Engine/Plugins/Runtime/LevelStreamingPersistence/LevelStreamingPersistence.uplugin" 511
"../../../Engine/Plugins/Online/OnlineSubsystem/OnlineSubsystem.uplugin" 512
"../../../Engine/Plugins/Online/OnlineSubsystemFacebook/OnlineSubsystemFacebook.uplugin" 513
"../../../Engine/Plugins/Runtime/LiveLinkOvernDisplay/LiveLinkOverNDisplay.uplugin" 514
"../../../Engine/Plugins/Runtime/GeometryScripting/GeometryScripting.uplugin" 515
"../../../Engine/Plugins/Runtime/MassGameplay/MassGameplay.uplugin" 516
"../../../Engine/Plugins/Runtime/GameplayStateTree/GameplayStateTree.uplugin" 517
"../../../Engine/Plugins/Runtime/IOSDeviceProfileSelector/IOSDeviceProfileSelector.uplugin" 518
"../../../Engine/Plugins/Runtime/IOSReplayKit/IOSReplayKit.uplugin" 519
"../../../Engine/Plugins/Runtime/GameplayBehaviorSmartObjects/GameplayBehaviorSmartObjects.uplugin" 520
"../../../Engine/Plugins/Runtime/LocationServicesIOSImpl/LocationServicesIOSImpl.uplugin" 521
"../../../Engine/Plugins/Runtime/GeoReferencing/GeoReferencing.uplugin" 522
"../../../Engine/Plugins/Runtime/MeshModelingToolset/MeshModelingToolset.uplugin" 523
"../../../Engine/Plugins/Runtime/LocationServicesAndroidImpl/LocationServicesAndroidImpl.uplugin" 524
"../../../Engine/Plugins/Runtime/LocationServicesBPLibrary/LocationServicesBPLibrary.uplugin" 525
"../../../Engine/Plugins/Runtime/MicrosoftSpatialAudio/MicroSoftSpatialSound.uplugin" 526
"../../../Engine/Plugins/Runtime/Metasound/Metasound.uplugin" 527
"../../../Engine/Plugins/Runtime/CommonUI/CommonUI.uplugin" 528
"../../../Engine/Plugins/Runtime/ModularGameplay/ModularGameplay.uplugin" 529
"../../../Engine/Plugins/Runtime/MobilePatchingUtils/MobilePatchingUtils.uplugin" 530
"../../../Engine/Plugins/Runtime/Firebase/Firebase.uplugin" 531
"../../../Engine/Plugins/Runtime/NavCorridor/NavCorridor.uplugin" 532
"../../../Engine/Plugins/Runtime/NetworkPrediction/NetworkPrediction.uplugin" 533
"../../../Engine/Plugins/Runtime/ExternalGPUStatistics/ExternalGPUStatistics.uplugin" 534
"../../../Engine/Plugins/Runtime/ModelViewViewModel/ModelViewViewModel.uplugin" 535
"../../../Engine/Plugins/Runtime/MusicEnvironment/MusicEnvironment.uplugin" 536
"../../../Engine/Plugins/Runtime/GameplayInteractions/GameplayInteractions.uplugin" 537
"../../../Engine/Plugins/Runtime/OpenCV/OpenCV.uplugin" 538
"../../../Engine/Plugins/Runtime/nDisplayModularFeatures/nDisplayModularFeatures.uplugin" 539
"../../../Engine/Plugins/Runtime/GooglePAD/GooglePAD.uplugin" 540
"../../../Engine/Plugins/Online/OnlineSubsystemUtils/OnlineSubsystemUtils.uplugin" 541
"../../../Engine/Plugins/Runtime/nDisplay/nDisplay.uplugin" 542
"../../../Engine/Plugins/Runtime/OpenXREyeTracker/OpenXREyeTracker.uplugin" 543
"../../../Engine/Plugins/Runtime/OpenXR/OpenXR.uplugin" 544
"../../../Engine/Plugins/Runtime/NetworkPredictionInsights/NetworkPredictionInsights.uplugin" 545
"../../../Engine/Plugins/Runtime/PreLoadScreenMoviePlayer/PreLoadScreenMoviePlayer.uplugin" 546
"../../../Engine/Plugins/Runtime/HairStrands/HairStrands.uplugin" 547
"../../../Engine/Plugins/Runtime/OpenXRViveTracker/OpenXRViveTracker.uplugin" 548
"../../../Engine/Plugins/Runtime/MIDIDevice/MIDIDevice.uplugin" 549
"../../../Engine/Plugins/Runtime/OSC/OSC.uplugin" 550
"../../../Engine/Plugins/Runtime/OptionalMobileFeaturesBPLibrary/OptionalMobileFeaturesBPLibrary.uplugin" 551
"../../../Engine/Plugins/Runtime/ProceduralMeshComponent/ProceduralMeshComponent.uplugin" 552
"../../../Engine/Plugins/Runtime/SkeletalMerging/SkeletalMerging.uplugin" 553
"../../../Engine/Plugins/Runtime/MassEntity/MassEntity.uplugin" 554
"../../../Engine/Plugins/Runtime/PropertyAccess/PropertyAccessEditor.uplugin" 555
"../../../Engine/Plugins/Runtime/HTTPChunkInstaller/HTTPChunkInstaller.uplugin" 556
"../../../Engine/Plugins/Runtime/ReplicationSystemTestPlugin/ReplicationSystemTestPlugin.uplugin" 557
"../../../Engine/Plugins/Runtime/ResonanceAudio/ResonanceAudio.uplugin" 558
"../../../Engine/Plugins/Runtime/InputDebugging/InputDebugging.uplugin" 559
"../../../Engine/Plugins/Runtime/SignificanceManager/SignificanceManager.uplugin" 560
"../../../Engine/Plugins/Runtime/ScriptableToolsFramework/ScriptableToolsFramework.uplugin" 561
"../../../Engine/Plugins/Runtime/MixedRealityCaptureFramework/MixedRealityCaptureFramework.uplugin" 562
"../../../Engine/Plugins/Runtime/SoundCueTemplates/SoundCueTemplates.uplugin" 563
"../../../Engine/Plugins/Runtime/Spatialization/Spatialization.uplugin" 564
"../../../Engine/Plugins/Runtime/OpenXRMsftHandInteraction/OpenXRMsftHandInteraction.uplugin" 565
"../../../Engine/Plugins/Runtime/OpenXRHandTracking/OpenXRHandTracking.uplugin" 566
"../../../Engine/Plugins/Runtime/Synthesis/Synthesis.uplugin" 567
"../../../Engine/Plugins/Runtime/LinuxDeviceProfileSelector/LinuxDeviceProfileSelector.uplugin" 568
"../../../Engine/Plugins/Runtime/SunPosition/SunPosition.uplugin" 569
"../../../Engine/Plugins/Runtime/StateTree/StateTree.uplugin" 570
"../../../Engine/Plugins/Runtime/ReplicationGraph/ReplicationGraph.uplugin" 571
"../../../Engine/Plugins/Runtime/WebBrowserWidget/WebBrowserWidget.uplugin" 572
"../../../Engine/Plugins/Runtime/WarpUtils/WarpUtils.uplugin" 573
"../../../Engine/Plugins/Runtime/WebBrowserNativeProxy/WebBrowserNativeProxy.uplugin" 574
"../../../Engine/Plugins/Runtime/RenderTrace/RenderTrace.uplugin" 575
"../../../Engine/Plugins/Runtime/USDCore/USDCore.uplugin" 576
"../../../Engine/Plugins/Runtime/NetworkPredictionExtras/NetworkPredictionExtras.uplugin" 577
"../../../Engine/Plugins/Runtime/ZoneGraph/ZoneGraph.uplugin" 578
"../../../Engine/Plugins/Runtime/WorldConditions/WorldConditions.uplugin" 579
"../../../Engine/Plugins/Runtime/Soundscape/Soundscape.uplugin" 580
"../../../Engine/Plugins/Runtime/ZoneGraphAnnotations/ZoneGraphAnnotations.uplugin" 581
"../../../Engine/Plugins/VirtualProduction/ActorModifier/ActorModifier.uplugin" 582
"../../../Engine/Plugins/Runtime/SmartObjects/SmartObjects.uplugin" 583
"../../../Engine/Plugins/VirtualProduction/Avalanche/Avalanche.uplugin" 584
"../../../Engine/Plugins/VirtualProduction/ActorModifierCore/ActorModifierCore.uplugin" 585
"../../../Engine/Plugins/VirtualProduction/AvalancheSceneState/AvalancheSceneState.uplugin" 586
"../../../Engine/Plugins/Runtime/WaveTable/WaveTable.uplugin" 587
"../../../Engine/Plugins/VirtualProduction/CameraCalibration/CameraCalibration.uplugin" 588
"../../../Engine/Plugins/VirtualProduction/ClonerEffector/ClonerEffector.uplugin" 589
"../../../Engine/Plugins/VirtualProduction/CameraCalibrationCore/CameraCalibrationCore.uplugin" 590
"../../../Engine/Plugins/Runtime/MsQuic/MsQuic.uplugin" 591
"../../../Engine/Plugins/Runtime/MultiServerReplication/MultiServerReplication.uplugin" 592
"../../../Engine/Plugins/Runtime/SoundUtilities/SoundUtilities.uplugin" 593
"../../../Engine/Plugins/VirtualProduction/CameraCalibrationML/CameraCalibrationML.uplugin" 594
"../../../Engine/Plugins/Runtime/PropertyBindingUtils/PropertyBindingUtils.uplugin" 595
"../../../Engine/Plugins/VirtualProduction/CaptureData/CaptureData.uplugin" 596
"../../../Engine/Plugins/VirtualProduction/DataCharts/DataCharts.uplugin" 597
"../../../Engine/Plugins/VirtualProduction/CompositePlane/CompositePlane.uplugin" 598
"../../../Engine/Plugins/VirtualProduction/DynamicMaterial/DynamicMaterial.uplugin" 599
"../../../Engine/Plugins/VirtualProduction/CustomDetailsView/CustomDetailsView.uplugin" 600
"../../../Engine/Plugins/Runtime/XRBase/XRBase.uplugin" 601
"../../../Engine/Plugins/VirtualProduction/DataLink/DataLink.uplugin" 602
"../../../Engine/Plugins/VirtualProduction/EpicStageApp/EpicStageApp.uplugin" 603
"../../../Engine/Plugins/VirtualProduction/DataLinkOAuth/DataLinkOAuth.uplugin" 604
"../../../Engine/Plugins/VirtualProduction/LiveLinkFreeD/LiveLinkFreeD.uplugin" 605
"../../../Engine/Plugins/VirtualProduction/LiveLinkCamera/LiveLinkCamera.uplugin" 606
"../../../Engine/Plugins/VirtualProduction/GeometryMask/GeometryMask.uplugin" 607
"../../../Engine/Plugins/Runtime/SoundFields/SoundFields.uplugin" 608
"../../../Engine/Plugins/Runtime/WebMMoviePlayer/WebMMoviePlayer.uplugin" 609
"../../../Engine/Plugins/VirtualProduction/LiveLinkMasterLockit/LiveLinkMasterLockit.uplugin" 610
"../../../Engine/Plugins/VirtualProduction/LiveLinkVRPN/LiveLinkVRPN.uplugin" 611
"../../../Engine/Plugins/VirtualProduction/LiveLinkOpenTrackIO/LiveLinkOpenTrackIO.uplugin" 612
"../../../Engine/Plugins/VirtualProduction/MultiUserTakes/MultiUserTakes.uplugin" 613
"../../../Engine/Plugins/Runtime/WindowsDeviceProfileSelector/WindowsDeviceProfileSelector.uplugin" 614
"../../../Engine/Plugins/VirtualProduction/PerformanceCaptureWorkflow/PerformanceCaptureWorkflow.uplugin" 615
"../../../Engine/Plugins/VirtualProduction/LiveLinkXR/LiveLinkXR.uplugin" 616
"../../../Engine/Plugins/VirtualProduction/LiveLinkPrestonMDR/LiveLinkPrestonMDR.uplugin" 617
"../../../Engine/Plugins/VirtualProduction/LiveLinkInputDevice/LiveLinkInputDevice.uplugin" 618
"../../../Engine/Plugins/VirtualProduction/PropertyAnimator/PropertyAnimator.uplugin" 619
"../../../Engine/Plugins/VirtualProduction/RemoteControlProtocolMIDI/RemoteControlProtocolMIDI.uplugin" 620
"../../../Engine/Plugins/VirtualProduction/OperatorStack/OperatorStack.uplugin" 621
"../../../Engine/Plugins/VirtualProduction/ICVFX/ICVFX.uplugin" 622
"../../../Engine/Plugins/VirtualProduction/RemoteControlWebInterface/RemoteControlWebInterface.uplugin" 623
"../../../Engine/Plugins/VirtualProduction/Switchboard/Switchboard.uplugin" 624
"../../../Engine/Plugins/VirtualProduction/StageMonitoring/StageMonitoring.uplugin" 625
"../../../Engine/Plugins/VirtualProduction/SceneStateDataLink/SceneStateDataLink.uplugin" 626
"../../../Engine/Plugins/Runtime/WindowsMoviePlayer/WindowsMoviePlayer.uplugin" 627
"../../../Engine/Plugins/VirtualProduction/Takes/Takes.uplugin" 628
"../../../Engine/Plugins/VirtualProduction/LiveLinkLens/LiveLinkLens.uplugin" 629
"../../../Engine/Plugins/VirtualProduction/VirtualCamera/VirtualCamera.uplugin" 630
"../../../Engine/Plugins/VirtualProduction/Text3D/Text3D.uplugin" 631
"../../../Engine/Plugins/VirtualProduction/LensComponent/LensComponent.uplugin" 632
"../../../Engine/Plugins/VirtualProduction/RemoteControl/RemoteControl.uplugin" 633
"../../../Engine/Plugins/VirtualProduction/ICVFXTesting/ICVFXTesting.uplugin" 634
"../../../Engine/Plugins/VirtualProduction/AvalancheDataLink/AvalancheDataLink.uplugin" 635
"../../../Engine/Plugins/VirtualProduction/SceneState/SceneState.uplugin" 636
"../../../Engine/Plugins/VirtualProduction/StormSyncAvalancheBridge/StormSyncAvalancheBridge.uplugin" 637
"../../../Engine/Plugins/VirtualProduction/RemoteControlProtocolOSC/RemoteControlProtocolOSC.uplugin" 638
"../../../Engine/Plugins/VirtualProduction/SVGImporter/SVGImporter.uplugin" 639
"../../../Engine/Plugins/VirtualProduction/SequencerPlaylists/SequencerPlaylists.uplugin" 640
"../../../Engine/Plugins/VirtualProduction/PropertyAnimatorCore/PropertyAnimatorCore.uplugin" 641
"../../../Engine/Plugins/VirtualProduction/TimedDataMonitor/TimedDataMonitor.uplugin" 642
"../../../Engine/Plugins/VirtualProduction/CaptureManager/CaptureManagerApp/CaptureManagerApp.uplugin" 643
"../../../Engine/Plugins/VirtualProduction/StormSync/StormSync.uplugin" 644
"../../../Engine/Plugins/Experimental/CharacterFXEditor/ExampleCharacterFXEditor/ExampleCharacterFXEditor.uplugin" 645
"../../../Engine/Plugins/VirtualProduction/CaptureManager/CaptureManagerEditor/CaptureManagerEditor.uplugin" 646
"../../../Engine/Plugins/VirtualProduction/RemoteControlProtocolDMX/RemoteControlProtocolDMX.uplugin" 647
"../../../Engine/Plugins/Animation/MLDeformer/ChaosFleshGenerator/ChaosFleshGenerator.uplugin" 648
"../../../Engine/Plugins/VirtualProduction/RemoteControlInterception/RemoteControlInterception.uplugin" 649
"../../../Engine/Plugins/Animation/MLDeformer/ChaosClothGenerator/ChaosClothGenerator.uplugin" 650
"../../../Engine/Plugins/VirtualProduction/TextureShare/TextureShare.uplugin" 651
"../../../Engine/Plugins/Experimental/AVCodecs/AMFCodecs/AMFCodecs.uplugin" 652
"../../../Engine/Plugins/VirtualProduction/CinematicAssemblyTools/CinematicAssemblyTools.uplugin" 653
"../../../Engine/Plugins/VirtualProduction/VirtualCameraCore/VirtualCameraCore.uplugin" 654
"../../../Engine/Plugins/Experimental/AVCodecs/VTCodecs/VTCodecs.uplugin" 655
"../../../Engine/Plugins/Runtime/SoundMod/SoundMod.uplugin" 656
"../../../Engine/Plugins/Animation/MLDeformer/VertexDeltaModel/VertexDeltaModel.uplugin" 657
"../../../Engine/Plugins/VirtualProduction/VirtualScouting/VirtualScouting.uplugin" 658
"../../../Engine/Plugins/Runtime/Nvidia/GeForceNOWWrapper/GeForceNOWWrapper.uplugin" 659
"../../../Engine/Plugins/Runtime/Nvidia/Reflex/Reflex.uplugin" 660
"../../../Engine/Plugins/Experimental/PCGInterops/PCGFastGeoInterop/PCGFastGeoInterop.uplugin" 661
"../../../Engine/Plugins/Runtime/RigVM/RigVM.uplugin" 662
"../../../Engine/Plugins/Experimental/AVCodecs/NVCodecs/NVCodecs.uplugin" 663
"../../../Engine/Plugins/Animation/MLDeformer/MLDeformerFramework/MLDeformerFramework.uplugin" 664
"../../../Engine/Plugins/Experimental/PCGInterops/PCGWaterInterop/PCGWaterInterop.uplugin" 665
"../../../Engine/Plugins/Experimental/AVCodecs/WMFCodecs/WMFCodecs.uplugin" 666
"../../../Engine/Plugins/VirtualProduction/CaptureManager/CaptureManagerDevices/CaptureManagerDevices.uplugin" 667
"../../../Engine/Plugins/Developer/Concert/ConcertMain/ConcertMain.uplugin" 668
"../../../Engine/Plugins/Experimental/PCGInterops/PCGNiagaraInterop/PCGNiagaraInterop.uplugin" 669
"../../../Engine/Plugins/Online/IOS/OnlineSubsystemIOS/OnlineSubsystemIOS.uplugin" 670
"../../../Engine/Plugins/Experimental/Animation/CurveExpression/CurveExpression.uplugin" 671
"../../../Engine/Plugins/Experimental/PCGInterops/PCGNaniteAssembliesInterop/PCGNaniteAssembliesInterop.uplugin" 672
"../../../Engine/Plugins/Experimental/AVCodecs/LibVpxCodecs/LibVpxCodecs.uplugin" 673
"../../../Engine/Plugins/Animation/MLDeformer/NearestNeighborModel/NearestNeighborModel.uplugin" 674
"../../../Engine/Plugins/Experimental/Animation/Optimus/Optimus.uplugin" 675
"../../../Engine/Plugins/Experimental/Animation/TrajectoryTools/TrajectoryTools.uplugin" 676
"../../../Engine/Plugins/Experimental/Animation/HierarchyTableAnimation/HierarchyTableAnimation.uplugin" 677
"../../../Engine/Plugins/Experimental/Animation/HierarchyTable/HierarchyTable.uplugin" 678
"../../../Engine/Plugins/Experimental/CharacterFXEditor/BaseCharacterFXEditor/BaseCharacterFXEditor.uplugin" 679
"../../../Engine/Plugins/VirtualProduction/LevelSnapshots/LevelSnapshots.uplugin" 680
"../../../Engine/Plugins/Runtime/Advertising/IOSTapJoy/IOSTapJoy.uplugin" 681
"../../../Engine/Plugins/Experimental/Animation/RigMapperOp/RigMapperOp.uplugin" 682
"../../../Engine/Plugins/Experimental/Animation/RigMapper/RigMapper.uplugin" 683
"../../../Engine/Plugins/Editor/ContentBrowser/ContentBrowserAliasDataSource/ContentBrowserAliasDataSource.uplugin" 684
"../../../Engine/Plugins/VirtualProduction/CaptureManager/CaptureManagerCore/CaptureManagerCore.uplugin" 685
"../../../Engine/Plugins/Editor/ContentBrowser/ContentBrowserClassDataSource/ContentBrowserClassDataSource.uplugin" 686
"../../../Engine/Plugins/Runtime/XR/XRVisualization/XRVisualization.uplugin" 687
"../../../Engine/Plugins/Experimental/MetaHuman/MetaHumanCalibrationDiagnostics/MetaHumanCalibrationDiagnostics.uplugin" 688
"../../../Engine/Plugins/Animation/MLDeformer/NeuralMorphModel/NeuralMorphModel.uplugin" 689
"../../../Engine/Plugins/Experimental/MetaHuman/MetaHumanCharacterUAF/MetaHumanCharacterUAF.uplugin" 690
"../../../Engine/Plugins/Experimental/Animation/ContextualAnimation/ContextualAnimation.uplugin" 691
"../../../Engine/Plugins/Runtime/Steam/SteamController/SteamController.uplugin" 692
"../../../Engine/Plugins/Experimental/Animation/Locomotor/Locomotor.uplugin" 693
"../../../Engine/Plugins/Experimental/VirtualProduction/VPSettings/VPSettings.uplugin" 694
"../../../Engine/Plugins/Experimental/Animation/MotionTrajectory/MotionTrajectory.uplugin" 695
"../../../Engine/Plugins/Runtime/MeshReconstruction/DummyMeshReconstructor/DummyMeshReconstructor.uplugin" 696
"../../../Engine/Plugins/Experimental/VirtualProduction/VPRoles/VPRoles.uplugin" 697
"../../../Engine/Plugins/Runtime/Steam/SteamSockets/SteamSockets.uplugin" 698
"../../../Engine/Plugins/Experimental/Animation/PackedAttributes/PackedAttributes.uplugin" 699
"../../../Engine/Plugins/Runtime/Steam/SteamShared/SteamShared.uplugin" 700
"../../../Engine/Plugins/Experimental/Animation/RelativeIKOp/RelativeIKOp.uplugin" 701
"../../../Engine/Plugins/Runtime/PacketHandlers/AESHandlerComponent/AESHandlerComponent.uplugin" 702
"../../../Engine/Plugins/Experimental/MetaHuman/MetaHumanRuntime/MetaHumanRuntime.uplugin" 703
"../../../Engine/Plugins/Experimental/PCGInterops/PCGInstancedActorsInterop/PCGInstancedActorsInterop.uplugin" 704
"../../../Engine/Plugins/Experimental/Web/WebAPI/WebAPI.uplugin" 705
"../../../Engine/Plugins/Editor/ContentBrowser/ContentBrowserAssetDataSource/ContentBrowserAssetDataSource.uplugin" 706
"../../../Engine/Plugins/Experimental/AVCodecs/AVCodecsCore/AVCodecsCore.uplugin" 707
"../../../Engine/Plugins/Editor/ObjectMixer/ObjectMixer/ObjectMixer.uplugin" 708
"../../../Engine/Plugins/VirtualProduction/DMX/DMXModularFeatures/DMXModularFeatures.uplugin" 709
"../../../Engine/Plugins/Runtime/XR/XRScribe/XRScribe.uplugin" 710
"../../../Engine/Plugins/VirtualProduction/DMX/DatasmithMVR/DatasmithMVR.uplugin" 711
"../../../Engine/Plugins/Experimental/Animation/SkeletalMeshMorphTargetEditingTools/SkeletalMeshMorphTargetEditingTools.uplugin" 712
"../../../Engine/Plugins/Runtime/PacketHandlers/AESGCMHandlerComponent/AESGCMHandlerComponent.uplugin" 713
"../../../Engine/Plugins/VirtualProduction/DMX/DMXPixelMapping/DMXPixelMapping.uplugin" 714
"../../../Engine/Plugins/Experimental/Enterprise/DataprepGeometryOperations/DataprepGeometryOperations.uplugin" 715
"../../../Engine/Plugins/Interchange/Extensions/OpenUSD/InterchangeOpenUSD.uplugin" 716
"../../../Engine/Plugins/VirtualProduction/DMX/DMXControlConsole/DMXControlConsole.uplugin" 717
"../../../Engine/Plugins/Editor/ContentBrowser/ContentBrowserFileDataSource/ContentBrowserFileDataSource.uplugin" 718
"../../../Engine/Plugins/Runtime/Analytics/AnalyticsBlueprintLibrary/AnalyticsBlueprintLibrary.uplugin" 719
"../../../Engine/Plugins/Experimental/Enterprise/DatasmithInterchange/DatasmithInterchange.uplugin" 720
"../../../Engine/Plugins/Interchange/Extensions/OpenVDB/InterchangeOpenVDB.uplugin" 721
"../../../Engine/Plugins/Runtime/Analytics/FileLogging/FileLogging.uplugin" 722
"../../../Engine/Plugins/VirtualProduction/DMX/DMXEngine/DMXEngine.uplugin" 723
"../../../Engine/Plugins/Runtime/Analytics/AnalyticsMulticast/AnalyticsMulticast.uplugin" 724
"../../../Engine/Plugins/Online/Android/AndroidFetchBackgroundDownload/AndroidFetchBackgroundDownload.uplugin" 725
"../../../Engine/Plugins/Editor/ObjectMixer/LightMixer/LightMixer.uplugin" 726
"../../../Engine/Plugins/Online/Android/OnlineSubsystemGooglePlay/OnlineSubsystemGooglePlay.uplugin" 727
"../../../Engine/Plugins/Runtime/Database/ADOSupport/ADOSupport.uplugin" 728
"../../../Engine/Plugins/Runtime/Database/RemoteDatabaseSupport/RemoteDatabaseSupport.uplugin" 729
"../../../Engine/Plugins/Editor/Localization/PortableObjectFileDataSource/PortableObjectFileDataSource.uplugin" 730
"../../../Engine/Plugins/Runtime/AR/ARUtilities/ARUtilities.uplugin" 731
"../../../Engine/Plugins/Runtime/Steam/SteamAudio/SteamAudio.uplugin" 732
"../../../Engine/Plugins/Runtime/Database/SQLiteCore/SQLiteCore.uplugin" 733
"../../../Engine/Plugins/Runtime/Database/DatabaseSupport/DatabaseSupport.uplugin" 734
"../../../Engine/Plugins/Runtime/Database/SQLiteSupport/SQLiteSupport.uplugin" 735
"../../../Engine/Plugins/Runtime/Windows/WinVirtualKeyboard/WinVirtualKeyboard.uplugin" 736
"../../../Engine/Plugins/Experimental/VirtualProduction/LedWallCalibration/LedWallCalibration.uplugin" 737
"../../../Engine/Plugins/Experimental/UAF/UAFChooser/UAFChooser.uplugin" 738
"../../../Engine/Plugins/Experimental/UAF/UAF/UAF.uplugin" 739
"../../../Engine/Plugins/VirtualProduction/DMX/DMXFixtures/DMXFixtures.uplugin" 740
"../../../Engine/Plugins/Experimental/UAF/UAFTests/UAFTests.uplugin" 741
"../../../Engine/Plugins/Experimental/UAF/UAFPoseSearch/UAFPoseSearch.uplugin" 742
"../../../Engine/Plugins/Runtime/Analytics/Adjust/Adjust.uplugin" 743
"../../../Engine/Plugins/Experimental/UAF/UAFStateTree/UAFStateTree.uplugin" 744
"../../../Engine/Plugins/Experimental/UAF/UAFWarping/UAFWarping.uplugin" 745
"../../../Engine/Plugins/VirtualProduction/DMX/DMXGDTF/DMXGDTF.uplugin" 746
"../../../Engine/Plugins/Developer/Concert/ConcertSync/ConcertSyncServer/ConcertSyncServer.uplugin" 747
"../../../Engine/Plugins/Experimental/UAF/UAFAnimGraph/UAFAnimGraph.uplugin" 748
"../../../Engine/Plugins/VirtualProduction/Rivermax/RivermaxCore/RivermaxCore.uplugin" 749
"../../../Engine/Plugins/Experimental/Enterprise/DatasmithRuntime/DatasmithRuntime.uplugin" 750
"../../../Engine/Plugins/Runtime/AR/Google/GoogleARCoreServices/GoogleARCoreServices.uplugin" 751
"../../../Engine/Plugins/Experimental/UAF/UAFControlRig/UAFControlRig.uplugin" 752
"../../../Engine/Plugins/Developer/Concert/ConcertSync/ConcertSyncTest/ConcertSyncTest.uplugin" 753
"../../../Engine/Plugins/Developer/Concert/ConcertUI/ConcertSharedSlate/ConcertSharedSlate.uplugin" 754
"../../../Engine/Plugins/VirtualProduction/DMX/DMXDisplayCluster/DMXDisplayCluster.uplugin" 755
"../../../Engine/Plugins/Runtime/AR/Google/GoogleARCore/GoogleARCore.uplugin" 756
"../../../Engine/Plugins/Runtime/Windows/XInputDevice/XInputDevice.uplugin" 757
"../../../Engine/Plugins/Developer/Concert/ConcertScripting/ConcertReplicationScripting/ConcertReplicationScripting.uplugin" 758
"../../../Engine/Plugins/Developer/Concert/ConcertApp/MultiUserClient/MultiUserClient.uplugin" 759
"../../../Engine/Plugins/Online/VoiceChat/VoiceChat/VoiceChat.uplugin" 760
"../../../Engine/Plugins/Developer/Concert/ConcertInsights/ConcertInsightsClient/ConcertInsightsClient.uplugin" 761
"../../../Engine/Plugins/Developer/Concert/ConcertApp/MultiUserServer/MultiUserServer.uplugin" 762
"../../../Engine/Plugins/Developer/Concert/ConcertSync/ConcertSyncClient/ConcertSyncClient.uplugin" 763
"../../../Engine/Plugins/Developer/Concert/ConcertSync/ConcertSyncCore/ConcertSyncCore.uplugin" 764
"../../../Engine/Plugins/Runtime/AR/AppleAR/AppleARKitFaceSupport/AppleARKitFaceSupport.uplugin" 765
"../../../Engine/Plugins/Developer/Concert/ConcertApp/DisasterRecoveryClient/DisasterRecoveryClient.uplugin" 766
"../../../Engine/Plugins/Online/VoiceChat/EOSVoiceChat/EOSVoiceChat.uplugin" 767
"../../../Engine/Plugins/VirtualProduction/Rivermax/RivermaxMedia/RivermaxMedia.uplugin" 768
"../../../Engine/Plugins/Developer/Concert/ConcertInsights/ConcertInsightsVisualizer/ConcertInsightsVisualizer.uplugin" 769
"../../../Engine/Plugins/VirtualProduction/Rivermax/RivermaxSync/RivermaxSync.uplugin" 770
"../../../Engine/Plugins/VirtualProduction/DMX/DMXProtocol/DMXProtocol.uplugin" 771
"../../../Engine/Plugins/Experimental/UAF/UAFMirroring/UAFMirroring.uplugin" 772
"../../../Engine/Plugins/Runtime/Windows/WinDualShock/WinDualShock.uplugin" 773
"../../../Engine/Plugins/Developer/Concert/ConcertInsights/ConcertInsightsServer/ConcertInsightsServer.uplugin" 774
"../../../Engine/Plugins/Runtime/PacketHandlers/DTLSHandlerComponent/DTLSHandlerComponent.uplugin" 775
"../../../Engine/Plugins/Experimental/Animation/MLDeformer/DetailPoseModel/DetailPoseModel.uplugin" 776
"../../../Engine/Plugins/Developer/Concert/ConcertInsights/ConcertInsightsCore/ConcertInsightsCore.uplugin" 777
"../../../Engine/Plugins/Runtime/AR/AppleAR/AppleARKit/AppleARKit.uplugin" 778
"../../../Engine/Plugins/Developer/Concert/ConcertUI/ConcertClientSharedSlate/ConcertClientSharedSlate.uplugin" 779
"../../../Engine/Platforms/Android/Plugins/Animation/RigLogic/RigLogic_Android.uplugin" 780
"../../../Engine/Platforms/Android/Plugins/Animation/ACLPlugin/ACLPlugin_Android.uplugin" 781
"../../../Engine/Platforms/IOS/Plugins/Animation/RigLogic/RigLogic_IOS.uplugin" 782
"../../../Engine/Content/Internationalization/icudt64l/cnvalias.icu" 783
"../../../Engine/Content/Internationalization/icudt64l/res_index.res" 784
"../../../Engine/Content/Internationalization/icudt64l/plurals.res" 785
"../../../Engine/Content/Internationalization/icudt64l/lang/en.res" 786
"../../../Engine/Content/Internationalization/icudt64l/lang/pool.res" 787
"../../../Engine/Content/Internationalization/icudt64l/lang/root.res" 788
"../../../Engine/Content/Internationalization/icudt64l/region/en.res" 789
"../../../Engine/Content/Internationalization/icudt64l/region/pool.res" 790
"../../../Engine/Content/Internationalization/icudt64l/region/root.res" 791
"../../../Engine/Content/Internationalization/icudt64l/windowsZones.res" 792
"../../../Engine/Content/Internationalization/icudt64l/zoneinfo64.res" 793
"../../../Engine/Content/Internationalization/icudt64l/keyTypeData.res" 794
"../../../Engine/Content/Internationalization/icudt64l/timezoneTypes.res" 795
"../../../Engine/Content/Internationalization/icudt64l/likelySubtags.res" 796
"../../../Engine/Content/Internationalization/icudt64l/en_US.res" 797
"../../../Engine/Content/Internationalization/icudt64l/pool.res" 798
"../../../Engine/Content/Internationalization/icudt64l/en.res" 799
"../../../Engine/Content/Internationalization/icudt64l/root.res" 800
"../../../Engine/Content/Internationalization/icudt64l/supplementalData.res" 801
"../../../Engine/Config/ConfigRedirects.ini" 802
"C:/Users/rscroggin/AppData/Local/UnrealEngine/5.7/Saved/Config/WindowsEditor/Manifest.ini" 803
"../../../Engine/Config/BaseEngine.ini" 804
"../../../Engine/Config/Windows/BaseWindowsEngine.ini" 805
"../../../../../../Users/rscroggin/Documents/Unreal Projects/IGS2026/RogueFirefight/Config/DefaultEngine.ini" 806
"../../../Engine/Config/BaseGame.ini" 807
"../../../../../../Users/rscroggin/Documents/Unreal Projects/IGS2026/RogueFirefight/Config/DefaultGame.ini" 808
"../../../Engine/Config/Windows/WindowsGame.ini" 809
"C:/Users/rscroggin/Documents/Unreal Projects/IGS2026/RogueFirefight/Saved/Config/WindowsEditor/Game.ini" 810
"../../../Engine/Config/BaseInput.ini" 811
"../../../Engine/Config/Windows/BaseWindowsInput.ini" 812
"../../../../../../Users/rscroggin/Documents/Unreal Projects/IGS2026/RogueFirefight/Config/DefaultInput.ini" 813
"../../../Engine/Config/Windows/WindowsInput.ini" 814
"../../../Engine/Config/BaseDeviceProfiles.ini" 815
"../../../Engine/Config/BaseGameUserSettings.ini" 816
"../../../../../../Users/rscroggin/Documents/Unreal Projects/IGS2026/RogueFirefight/Config/DefaultGameUserSettings.ini" 817
"C:/Users/rscroggin/Documents/Unreal Projects/IGS2026/RogueFirefight/Saved/Config/WindowsEditor/GameUserSettings.ini" 818
"../../../Engine/Config/BaseScalability.ini" 819
"../../../Engine/Config/BaseRuntimeOptions.ini" 820
"../../../Engine/Config/BaseInstallBundle.ini" 821
"../../../Engine/Config/BaseHardware.ini" 822
"../../../Engine/Config/BaseCompat.ini" 823
"../../../Engine/Config/BaseLightmass.ini" 824
"../../../Engine/Config/BaseEditor.ini" 825
"../../../../../../Users/rscroggin/Documents/Unreal Projects/IGS2026/RogueFirefight/Config/DefaultEditor.ini" 826
"C:/Users/rscroggin/Documents/Unreal Projects/IGS2026/RogueFirefight/Saved/Config/WindowsEditor/Editor.ini" 827
"../../../Engine/Config/BaseMaterialExpressions.ini" 828
"../../../Engine/Config/BaseEditorPerProjectUserSettings.ini" 829
"../../../../../../Users/rscroggin/Documents/Unreal Projects/IGS2026/RogueFirefight/Config/DefaultEditorPerProjectUserSettings.ini" 830
"../../../Engine/Config/Windows/WindowsEditorPerProjectUserSettings.ini" 831
"C:/Users/rscroggin/Documents/Unreal Projects/IGS2026/RogueFirefight/Saved/Config/WindowsEditor/EditorPerProjectUserSettings.ini" 832
"../../../Engine/Config/BaseEditorSettings.ini" 833
"../../../Engine/Config/Windows/WindowsEditorSettings.ini" 834
"C:/Users/rscroggin/AppData/Local/UnrealEngine/5.7/Saved/Config/WindowsEditor/EditorSettings.ini" 835
"../../../Engine/Config/BaseEditorKeyBindings.ini" 836
"C:/Users/rscroggin/AppData/Local/UnrealEngine/5.7/Saved/Config/WindowsEditor/EditorLayout.ini" 837
"../../../../../../Users/rscroggin/Documents/Unreal Projects/IGS2026/RogueFirefight/Intermediate/CachedAssetRegistryDiscovery.bin" 838
"../../../Engine/Config/IOS/BaseIOSEngine.ini" 839
"../../../../../../Users/rscroggin/Documents/Unreal Projects/IGS2026/RogueFirefight/Binaries/Win64/RogueFirefight-Win64-Shipping.target" 840
"../../../Engine/Config/Mac/BaseMacEngine.ini" 841
"../../../Engine/Config/IOS/BaseIOSGame.ini" 842
"../../../Engine/Config/TVOS/TVOSEngine.ini" 843
"../../../Engine/Config/Android/BaseAndroidEngine.ini" 844
"../../../Engine/Binaries/Win64/BootstrapPackagedGame-Win64-Shipping.target" 845
"../../../Engine/Binaries/Win64/BuildPatchTool-Win64-Shipping.target" 846
"../../../Engine/Binaries/Win64/CrashReportClient-Win64-Shipping.target" 847
"../../../Engine/Config/IOS/IOSGame.ini" 848
"../../../Engine/Config/Android/AndroidEngine.ini" 849
"../../../Engine/Binaries/Win64/CrashReportClientEditor-Win64-Shipping.target" 850
"../../../Engine/Config/Linux/BaseLinuxEngine.ini" 851
"../../../Engine/Binaries/Win64/DatasmithCADWorker.target" 852
"../../../Engine/Platforms/VisionOS/Config/BaseVisionOSEngine.ini" 853
"../../../Engine/Binaries/Win64/EpicWebHelper-Win64-Shipping.target" 854
"../../../Engine/Binaries/Win64/InterchangeWorker.target" 855
"../../../Engine/Config/Mac/MacGame.ini" 856
"../../../Engine/Binaries/Win64/LiveCodingConsole.target" 857
"../../../Engine/Binaries/Win64/LiveLinkHub.target" 858
"../../../Engine/Config/IOS/BaseIOSInput.ini" 859
"../../../Engine/Config/Android/BaseAndroidGame.ini" 860
"../../../Engine/Platforms/VisionOS/Config/VisionOSEngine.ini" 861
"../../../Engine/Config/Unix/UnixEngine.ini" 862
"../../../Engine/Config/Mac/BaseMacInput.ini" 863
"../../../Engine/Config/Linux/LinuxEngine.ini" 864
"../../../Engine/Config/Android/BaseAndroidInput.ini" 865
"../../../Engine/Config/Linux/LinuxGame.ini" 866
"../../../Engine/Config/IOS/IOSScalability.ini" 867
"../../../Engine/Config/Android/AndroidScalability.ini" 868
"../../../Engine/Config/IOS/BaseIOSInstallBundle.ini" 869
"../../../Engine/Config/Android/BaseAndroidInstallBundle.ini" 870
"../../../Engine/Binaries/Win64/ShaderCompileWorker.target" 871
"../../../Engine/Binaries/Win64/SwitchboardListener.target" 872
"../../../Engine/Binaries/Win64/SwitchboardListenerHelper.target" 873
"../../../Engine/Binaries/Win64/UnrealEditor-Win64-DebugGame.target" 874
"../../../Engine/Binaries/Win64/UnrealEditor.target" 875
"../../../Engine/Config/PluginBase.ini" 876
"../../../Engine/Plugins/ChaosVD/Config/DefaultChaosVD.ini" 877
"../../../Engine/Plugins/EnhancedInput/Config/BaseEnhancedInput.ini" 878
"../../../Engine/Plugins/Fab/Config/BaseFab.ini" 879
"../../../Engine/Plugins/PCG/Config/BasePCG.ini" 880
"../../../Engine/Plugins/TraceUtilities/Config/BaseTraceUtilities.ini" 881
"../../../Engine/Plugins/Animation/ControlRig/Config/BaseControlRig.ini" 882
"../../../Engine/Plugins/Animation/DeformerGraph/Config/BaseDeformerGraph.ini" 883
"../../../Engine/Plugins/Animation/IKRig/Config/BaseIKRig.ini" 884
"../../../Engine/Plugins/PCGInterops/PCGGeometryScriptInterop/Config/BasePCGGeometryScriptInterop.ini" 885
"../../../Engine/Plugins/Experimental/FullBodyIK/Config/BaseFullBodyIK.ini" 886
"../../../Engine/Plugins/Experimental/ToolPresets/Config/BaseToolPresets.ini" 887
"../../../Engine/Plugins/Enterprise/DatasmithContent/Config/BaseDatasmithContent.ini" 888
"../../../Engine/Plugins/Interchange/Assets/Config/BaseInterchangeAssets.ini" 889
"../../../Engine/Plugins/Enterprise/GLTFExporter/Config/BaseGLTFExporter.ini" 890
"../../../Engine/Plugins/Enterprise/GLTFExporter/Config/DefaultGLTFExporter.ini" 891
"../../../Engine/Plugins/Enterprise/VariantManagerContent/Config/BaseVariantManagerContent.ini" 892
"../../../Engine/Plugins/Interchange/Runtime/Config/BaseInterchange.ini" 893
"../../../Engine/Plugins/MetaHuman/MetaHumanSDK/Config/BaseMetaHumanSDK.ini" 894
"../../../Engine/Plugins/2D/Paper2D/Config/BasePaper2D.ini" 895
"../../../Engine/Plugins/Cameras/GameplayCameras/Config/BaseGameplayCameras.ini" 896
"../../../Engine/Plugins/Compositing/CompositeCore/Config/BaseCompositeCore.ini" 897
"../../../Engine/Plugins/Editor/EditorScriptingUtilities/Config/BaseEditorScriptingUtilities.ini" 898
"../../../Engine/Plugins/FX/Niagara/Config/BaseNiagara.ini" 899
"../../../Engine/Plugins/Runtime/GameplayAbilities/Config/BaseGameplayAbilities.ini" 900
"../../../Engine/Plugins/Runtime/GameplayStateTree/Config/BaseGameplayStateTree.ini" 901
"../../../Engine/Plugins/Runtime/HairStrands/Config/BaseHairStrands.ini" 902
"../../../Engine/Plugins/Runtime/InstancedActors/Config/BaseInstancedActors.ini" 903
"../../../Engine/Plugins/Runtime/MassGameplay/Config/BaseMassGameplay.ini" 904
"../../../Engine/Plugins/Runtime/Metasound/Config/BaseMetasound.ini" 905
"../../../Engine/Plugins/Runtime/Metasound/Config/DefaultMetasound.ini" 906
"../../../Engine/Plugins/Runtime/PropertyBindingUtils/Config/BasePropertyBindingUtils.ini" 907
"../../../Engine/Plugins/Runtime/RigVM/Config/BaseRigVM.ini" 908
"../../../Engine/Plugins/Runtime/SmartObjects/Config/BaseSmartObjects.ini" 909
"../../../Engine/Plugins/Runtime/Synthesis/Config/BaseSynthesis.ini" 910
"../../../Engine/Plugins/Runtime/StateTree/Config/BaseStateTree.ini" 911
"../../../Engine/Plugins/Runtime/ZoneGraph/Config/BaseZoneGraph.ini" 912
"../../../Engine/Plugins/Runtime/ZoneGraphAnnotations/Config/BaseZoneGraphAnnotations.ini" 913
"../../../Engine/Plugins/VirtualProduction/Takes/Config/BaseTakes.ini" 914
"../../../Engine/Plugins/ChaosVD/Config/Engine.ini" 915
"../../../Engine/Plugins/EnhancedInput/Config/Input.ini" 916
"../../../Engine/Plugins/Runtime/GameplayAbilities/Config/Input.ini" 917
"../../../Engine/Plugins/Runtime/InputDebugging/Config/Input.ini" 918
"../../../Engine/Plugins/Runtime/Windows/XInputDevice/Config/Input.ini" 919
"../../../Engine/Plugins/PCG/Config/EditorPerProjectUserSettings.ini" 920
"../../../Engine/Plugins/Experimental/FastGeoStreaming/Config/FastGeoStreaming.ini" 921
"../../../Engine/Plugins/NNE/NNEDenoiser/Config/Game.ini" 922
"../../../Engine/Plugins/Online/OnlineSubsystemUtils/Config/Editor.ini" 923
"../../../Engine/Plugins/Runtime/RigVM/Config/Editor.ini" 924
"../../../Engine/Plugins/Editor/ModelingToolsEditorMode/Binaries/Win64/UnrealEditor.modules" 925
"../../../Engine/Plugins/Runtime/MeshModelingToolset/Binaries/Win64/UnrealEditor.modules" 926
"../../../Engine/Plugins/Experimental/MeshModelingToolsetExp/Binaries/Win64/UnrealEditor.modules" 927
"../../../Engine/Plugins/Editor/MeshLODToolset/Binaries/Win64/UnrealEditor.modules" 928
"../../../Engine/Plugins/Experimental/ToolPresets/Binaries/Win64/UnrealEditor.modules" 929
"../../../Engine/Plugins/Editor/StylusInput/Binaries/Win64/UnrealEditor.modules" 930
"../../../Engine/Plugins/Runtime/GeometryProcessing/Binaries/Win64/UnrealEditor.modules" 931
"../../../Engine/Plugins/Editor/ProxyLODPlugin/Binaries/Win64/UnrealEditor.modules" 932
"../../../Engine/Plugins/Experimental/PlanarCutPlugin/Binaries/Win64/UnrealEditor.modules" 933
"../../../Engine/Plugins/Runtime/GeometryCache/Binaries/Win64/UnrealEditor.modules" 934
"../../../Engine/Plugins/Experimental/GeometryFlow/Binaries/Win64/UnrealEditor.modules" 935
"../../../Engine/Plugins/Editor/EditorScriptingUtilities/Binaries/Win64/UnrealEditor.modules" 936
"../../../Engine/Plugins/FX/Niagara/Binaries/Win64/UnrealEditor.modules" 937
"../../../Engine/Plugins/Experimental/PythonScriptPlugin/Binaries/Win64/UnrealEditor.modules" 938
"../../../Engine/Plugins/Editor/ContentBrowser/ContentBrowserFileDataSource/Binaries/Win64/UnrealEditor.modules" 939
"../../../Engine/Plugins/Runtime/GameplayStateTree/Binaries/Win64/UnrealEditor.modules" 940
"../../../Engine/Plugins/Runtime/StateTree/Binaries/Win64/UnrealEditor.modules" 941
"../../../Engine/Plugins/Animation/GameplayInsights/Binaries/Win64/UnrealEditor.modules" 942
"../../../Engine/Plugins/Runtime/PropertyAccess/Binaries/Win64/UnrealEditor.modules" 943
"../../../Engine/Plugins/Runtime/PropertyBindingUtils/Binaries/Win64/UnrealEditor.modules" 944
"../../../Engine/Plugins/Experimental/PCGBiomeCore/Binaries/Win64/UnrealEditor.modules" 945
"../../../Engine/Plugins/PCG/Binaries/Win64/UnrealEditor.modules" 946
"../../../Engine/Plugins/PCGInterops/PCGGeometryScriptInterop/Binaries/Win64/UnrealEditor.modules" 947
"../../../Engine/Plugins/Runtime/ComputeFramework/Binaries/Win64/UnrealEditor.modules" 948
"../../../Engine/Plugins/Runtime/GeometryScripting/Binaries/Win64/UnrealEditor.modules" 949
"../../../Engine/Plugins/PCGInterops/PCGExternalDataInterop/Binaries/Win64/UnrealEditor.modules" 950
"../../../Engine/Plugins/Importers/AlembicImporter/Binaries/Win64/UnrealEditor.modules" 951
"../../../Engine/Plugins/Experimental/PCGInterops/PCGFastGeoInterop/Binaries/Win64/UnrealEditor.modules" 952
"../../../Engine/Plugins/Experimental/FastGeoStreaming/Binaries/Win64/UnrealEditor.modules" 953
"../../../Engine/Plugins/Experimental/PCGInterops/PCGInstancedActorsInterop/Binaries/Win64/UnrealEditor.modules" 954
"../../../Engine/Plugins/Runtime/InstancedActors/Binaries/Win64/UnrealEditor.modules" 955
"../../../Engine/Plugins/Runtime/MassGameplay/Binaries/Win64/UnrealEditor.modules" 956
"../../../Engine/Plugins/Runtime/DataRegistry/Binaries/Win64/UnrealEditor.modules" 957
"../../../Engine/Plugins/Runtime/GameFeatures/Binaries/Win64/UnrealEditor.modules" 958
"../../../Engine/Plugins/Runtime/ZoneGraph/Binaries/Win64/UnrealEditor.modules" 959
"../../../Engine/Plugins/Runtime/ZoneGraphAnnotations/Binaries/Win64/UnrealEditor.modules" 960
"../../../Engine/Plugins/Runtime/SmartObjects/Binaries/Win64/UnrealEditor.modules" 961
"../../../Engine/Plugins/Editor/DataValidation/Binaries/Win64/UnrealEditor.modules" 962
"../../../Engine/Plugins/Editor/GameplayTagsEditor/Binaries/Win64/UnrealEditor.modules" 963
"../../../Engine/Plugins/Runtime/ModularGameplay/Binaries/Win64/UnrealEditor.modules" 964
"../../../Engine/Plugins/Editor/AssetReferenceRestrictions/Binaries/Win64/UnrealEditor.modules" 965
"../../../Engine/Plugins/Developer/PluginUtils/Binaries/Win64/UnrealEditor.modules" 966
"../../../Engine/Plugins/Runtime/GameplayAbilities/Binaries/Win64/UnrealEditor.modules" 967
"../../../Engine/Plugins/Experimental/GameplayTargetingSystem/Binaries/Win64/UnrealEditor.modules" 968
"../../../Engine/Plugins/Runtime/WorldConditions/Binaries/Win64/UnrealEditor.modules" 969
"../../../Engine/Plugins/Experimental/PCGInterops/PCGNaniteAssembliesInterop/Binaries/Win64/UnrealEditor.modules" 970
"../../../Engine/Plugins/Experimental/NaniteAssemblyEditorUtils/Binaries/Win64/UnrealEditor.modules" 971
"../../../Engine/Plugins/Experimental/PCGInterops/PCGNiagaraInterop/Binaries/Win64/UnrealEditor.modules" 972
"../../../Engine/Plugins/PCGInterops/PCGPythonInterop/Binaries/Win64/UnrealEditor.modules" 973
"../../../Engine/Plugins/Experimental/PCGInterops/PCGWaterInterop/Binaries/Win64/UnrealEditor.modules" 974
"../../../Engine/Plugins/Experimental/Water/Binaries/Win64/UnrealEditor.modules" 975
"../../../Engine/Plugins/Experimental/Landmass/Binaries/Win64/UnrealEditor.modules" 976
"../../../Engine/Plugins/Editor/BlueprintMaterialTextureNodes/Binaries/Win64/UnrealEditor.modules" 977
"../../../Engine/Plugins/Experimental/DynamicWind/Binaries/Win64/UnrealEditor.modules" 978
"../../../Engine/Plugins/Experimental/ProceduralVegetationEditor/Binaries/Win64/UnrealEditor.modules" 979
"../../../Engine/Plugins/Experimental/Dataflow/Binaries/Win64/UnrealEditor.modules" 980
"../../../Engine/Plugins/Experimental/CharacterFXEditor/BaseCharacterFXEditor/Binaries/Win64/UnrealEditor.modules" 981
"../../../Engine/Plugins/Runtime/ProceduralMeshComponent/Binaries/Win64/UnrealEditor.modules" 982
"../../../Engine/Plugins/Experimental/ChaosCaching/Binaries/Win64/UnrealEditor.modules" 983
"../../../Engine/Plugins/Experimental/EditorDataStorage/Binaries/Win64/UnrealEditor.modules" 984
"../../../Engine/Plugins/Experimental/EditorDataStorageFeatures/Binaries/Win64/UnrealEditor.modules" 985
"../../../Engine/Plugins/Animation/SkeletalMeshModelingTools/Binaries/Win64/UnrealEditor.modules" 986
"../../../Engine/Plugins/VirtualProduction/Takes/Binaries/Win64/UnrealEditor.modules" 987
"../../../Engine/Plugins/Runtime/AudioCapture/Binaries/Win64/UnrealEditor.modules" 988
"../../../Engine/Plugins/MovieScene/LevelSequenceEditor/Binaries/Win64/UnrealEditor.modules" 989
"../../../Engine/Plugins/Developer/NamingTokens/Binaries/Win64/UnrealEditor.modules" 990
"../../../Engine/Plugins/MovieScene/SequencerScripting/Binaries/Win64/UnrealEditor.modules" 991
"../../../Engine/Plugins/Editor/EngineAssetDefinitions/Binaries/Win64/UnrealEditor.modules" 992
"../../../Engine/Plugins/Experimental/NaniteDisplacedMesh/Binaries/Win64/UnrealEditor.modules" 993
"../../../Engine/Plugins/FX/NiagaraNanite/Binaries/Win64/UnrealEditor.modules" 994
"../../../Engine/Plugins/AudioInsights/Binaries/Win64/UnrealEditor.modules" 995
"../../../Engine/Plugins/Runtime/AudioWidgets/Binaries/Win64/UnrealEditor.modules" 996
"../../../Engine/Plugins/Runtime/AudioSynesthesia/Binaries/Win64/UnrealEditor.modules" 997
"../../../Engine/Plugins/ChaosCloth/Binaries/Win64/UnrealEditor.modules" 998
"../../../Engine/Plugins/ChaosInsights/Binaries/Win64/UnrealEditor.modules" 999
"../../../Engine/Plugins/ChaosVD/Binaries/Win64/UnrealEditor.modules" 1000
"../../../Engine/Plugins/CmdLinkServer/Binaries/Win64/UnrealEditor.modules" 1001
"../../../Engine/Plugins/EnhancedInput/Binaries/Win64/UnrealEditor.modules" 1002
"../../../Engine/Plugins/Fab/Binaries/Win64/UnrealEditor.modules" 1003
"../../../Engine/Plugins/Interchange/Runtime/Binaries/Win64/UnrealEditor.modules" 1004
"../../../Engine/Plugins/Online/EOSShared/Binaries/Win64/UnrealEditor.modules" 1005
"../../../Engine/Plugins/Runtime/HairStrands/Binaries/Win64/UnrealEditor.modules" 1006
"../../../Engine/Plugins/Enterprise/VariantManagerContent/Binaries/Win64/UnrealEditor.modules" 1007
"../../../Engine/Plugins/Enterprise/VariantManager/Binaries/Win64/UnrealEditor.modules" 1008
"../../../Engine/Plugins/Interchange/Assets/Binaries/Win64/UnrealEditor.modules" 1009
"../../../Engine/Plugins/Animation/DeformerGraph/Binaries/Win64/UnrealEditor.modules" 1010
"../../../Engine/Plugins/Animation/ControlRig/Binaries/Win64/UnrealEditor.modules" 1011
"../../../Engine/Plugins/Runtime/RigVM/Binaries/Win64/UnrealEditor.modules" 1012
"../../../Engine/Plugins/Animation/TweeningUtils/Binaries/Win64/UnrealEditor.modules" 1013
"../../../Engine/Plugins/IoStoreInsights/Binaries/Win64/UnrealEditor.modules" 1014
"../../../Engine/Plugins/MassInsights/Binaries/Win64/UnrealEditor.modules" 1015
"../../../Engine/Plugins/MeshPainting/Binaries/Win64/UnrealEditor.modules" 1016
"../../../Engine/Plugins/Interchange/Editor/Binaries/Win64/UnrealEditor.modules" 1017
"../../../Engine/Plugins/RenderGraphInsights/Binaries/Win64/UnrealEditor.modules" 1018
"../../../Engine/Plugins/TraceUtilities/Binaries/Win64/UnrealEditor.modules" 1019
"../../../Engine/Plugins/UbaController/Binaries/Win64/UnrealEditor.modules" 1020
"../../../Engine/Plugins/WorldMetrics/Binaries/Win64/UnrealEditor.modules" 1021
"../../../Engine/Plugins/XGEController/Binaries/Win64/UnrealEditor.modules" 1022
"../../../Engine/Plugins/Bridge/Binaries/Win64/UnrealEditor.modules" 1023
"../../../Engine/Plugins/MetaHuman/MetaHumanSDK/Binaries/Win64/UnrealEditor.modules" 1024
"../../../Engine/Plugins/Animation/RigLogic/Binaries/Win64/UnrealEditor.modules" 1025
"../../../Engine/Plugins/Animation/AnimationData/Binaries/Win64/UnrealEditor.modules" 1026
"../../../Engine/Plugins/Animation/ACLPlugin/Binaries/Win64/UnrealEditor.modules" 1027
"../../../Engine/Plugins/Animation/AnimationModifierLibrary/Binaries/Win64/UnrealEditor.modules" 1028
"../../../Engine/Plugins/Animation/BlendSpaceMotionAnalysis/Binaries/Win64/UnrealEditor.modules" 1029
"../../../Engine/Plugins/Animation/ControlRigSpline/Binaries/Win64/UnrealEditor.modules" 1030
"../../../Engine/Plugins/Animation/EaseCurveTool/Binaries/Win64/UnrealEditor.modules" 1031
"../../../Engine/Plugins/Animation/IKRig/Binaries/Win64/UnrealEditor.modules" 1032
"../../../Engine/Plugins/Experimental/FullBodyIK/Binaries/Win64/UnrealEditor.modules" 1033
"../../../Engine/Plugins/AI/AISupport/Binaries/Win64/UnrealEditor.modules" 1034
"../../../Engine/Plugins/AI/EnvironmentQueryEditor/Binaries/Win64/UnrealEditor.modules" 1035
"../../../Engine/Plugins/Developer/AnimationSharing/Binaries/Win64/UnrealEditor.modules" 1036
"../../../Engine/Plugins/Runtime/SignificanceManager/Binaries/Win64/UnrealEditor.modules" 1037
"../../../Engine/Plugins/Developer/CLionSourceCodeAccess/Binaries/Win64/UnrealEditor.modules" 1038
"../../../Engine/Plugins/Developer/DumpGPUServices/Binaries/Win64/UnrealEditor.modules" 1039
"../../../Engine/Plugins/Developer/N10XSourceCodeAccess/Binaries/Win64/UnrealEditor.modules" 1040
"../../../Engine/Plugins/Developer/GitSourceControl/Binaries/Win64/UnrealEditor.modules" 1041
"../../../Engine/Plugins/Developer/PerforceSourceControl/Binaries/Win64/UnrealEditor.modules" 1042
"../../../Engine/Plugins/Developer/PlasticSourceControl/Binaries/Win64/UnrealEditor.modules" 1043
"../../../Engine/Plugins/Developer/GPUReshape/Binaries/Win64/UnrealEditor.modules" 1044
"../../../Engine/Plugins/Developer/ProjectLauncher/Binaries/Win64/UnrealEditor.modules" 1045
"../../../Engine/Plugins/Developer/PropertyAccessNode/Binaries/Win64/UnrealEditor.modules" 1046
"../../../Engine/Plugins/Developer/RiderSourceCodeAccess/Binaries/Win64/UnrealEditor.modules" 1047
"../../../Engine/Plugins/Developer/SubversionSourceControl/Binaries/Win64/UnrealEditor.modules" 1048
"../../../Engine/Plugins/Developer/UObjectPlugin/Binaries/Win64/UnrealEditor.modules" 1049
"../../../Engine/Plugins/Developer/PixWinPlugin/Binaries/Win64/UnrealEditor.modules" 1050
"../../../Engine/Plugins/Developer/RenderDocPlugin/Binaries/Win64/UnrealEditor.modules" 1051
"../../../Engine/Plugins/Developer/VisualStudioCodeSourceCodeAccess/Binaries/Win64/UnrealEditor.modules" 1052
"../../../Engine/Plugins/Developer/VisualStudioSourceCodeAccess/Binaries/Win64/UnrealEditor.modules" 1053
"../../../Engine/Plugins/Developer/TextureFormatOodle/Binaries/Win64/UnrealEditor.modules" 1054
"../../../Engine/Plugins/Media/AndroidMedia/Binaries/Win64/UnrealEditor.modules" 1055
"../../../Engine/Plugins/Media/AvfMedia/Binaries/Win64/UnrealEditor.modules" 1056
"../../../Engine/Plugins/Media/ImgMedia/Binaries/Win64/UnrealEditor.modules" 1057
"../../../Engine/Plugins/Media/MediaPlayerEditor/Binaries/Win64/UnrealEditor.modules" 1058
"../../../Engine/Plugins/Media/MediaCompositing/Binaries/Win64/UnrealEditor.modules" 1059
"../../../Engine/Plugins/Media/MediaPlate/Binaries/Win64/UnrealEditor.modules" 1060
"../../../Engine/Plugins/Compositing/CompositeCore/Binaries/Win64/UnrealEditor.modules" 1061
"../../../Engine/Plugins/Messaging/UdpMessaging/Binaries/Win64/UnrealEditor.modules" 1062
"../../../Engine/Plugins/Messaging/TcpMessaging/Binaries/Win64/UnrealEditor.modules" 1063
"../../../Engine/Plugins/Media/WmfMedia/Binaries/Win64/UnrealEditor.modules" 1064
"../../../Engine/Plugins/Tests/InterchangeTests/Binaries/Win64/UnrealEditor.modules" 1065
"../../../Engine/Plugins/Compression/OodleNetwork/Binaries/Win64/UnrealEditor.modules" 1066
"../../../Engine/Plugins/Experimental/AdvancedRenamer/Binaries/Win64/UnrealEditor.modules" 1067
"../../../Engine/Plugins/Experimental/AutomationUtils/Binaries/Win64/UnrealEditor.modules" 1068
"../../../Engine/Plugins/Experimental/BackChannel/Binaries/Win64/UnrealEditor.modules" 1069
"../../../Engine/Plugins/Experimental/ChaosEditor/Binaries/Win64/UnrealEditor.modules" 1070
"../../../Engine/Plugins/Experimental/GeometryCollectionPlugin/Binaries/Win64/UnrealEditor.modules" 1071
"../../../Engine/Plugins/Experimental/Fracture/Binaries/Win64/UnrealEditor.modules" 1072
"../../../Engine/Plugins/Experimental/ChaosSolverPlugin/Binaries/Win64/UnrealEditor.modules" 1073
"../../../Engine/Plugins/Experimental/GeometryDataflow/Binaries/Win64/UnrealEditor.modules" 1074
"../../../Engine/Plugins/Experimental/CharacterAI/Binaries/Win64/UnrealEditor.modules" 1075
"../../../Engine/Plugins/Experimental/ChaosUserDataPT/Binaries/Win64/UnrealEditor.modules" 1076
"../../../Engine/Plugins/Experimental/ChaosNiagara/Binaries/Win64/UnrealEditor.modules" 1077
"../../../Engine/Plugins/Experimental/EditorPerformance/Binaries/Win64/UnrealEditor.modules" 1078
"../../../Engine/Plugins/Experimental/EditorTelemetry/Binaries/Win64/UnrealEditor.modules" 1079
"../../../Engine/Plugins/Experimental/GlobalConfigurationData/Binaries/Win64/UnrealEditor.modules" 1080
"../../../Engine/Plugins/Experimental/LevelSequenceNavigatorBridge/Binaries/Win64/UnrealEditor.modules" 1081
"../../../Engine/Plugins/Experimental/SequenceNavigator/Binaries/Win64/UnrealEditor.modules" 1082
"../../../Engine/Plugins/Experimental/LocalizableMessage/Binaries/Win64/UnrealEditor.modules" 1083
"../../../Engine/Plugins/Experimental/NFORDenoise/Binaries/Win64/UnrealEditor.modules" 1084
"../../../Engine/Plugins/Experimental/PlatformCrypto/Binaries/Win64/UnrealEditor.modules" 1085
"../../../Engine/Plugins/Experimental/RuntimeTelemetry/Binaries/Win64/UnrealEditor.modules" 1086
"../../../Engine/Plugins/Experimental/SkeletalReduction/Binaries/Win64/UnrealEditor.modules" 1087
"../../../Engine/Plugins/Portal/LauncherChunkInstaller/Binaries/Win64/UnrealEditor.modules" 1088
"../../../Engine/Plugins/Enterprise/DatasmithContent/Binaries/Win64/UnrealEditor.modules" 1089
"../../../Engine/Plugins/Enterprise/GLTFExporter/Binaries/Win64/UnrealEditor.modules" 1090
"../../../Engine/Plugins/NNE/NNEDenoiser/Binaries/Win64/UnrealEditor.modules" 1091
"../../../Engine/Plugins/NNE/NNERuntimeORT/Binaries/Win64/UnrealEditor.modules" 1092
"../../../Engine/Plugins/Cameras/EngineCameras/Binaries/Win64/UnrealEditor.modules" 1093
"../../../Engine/Plugins/MovieScene/TemplateSequence/Binaries/Win64/UnrealEditor.modules" 1094
"../../../Engine/Plugins/Cameras/CameraShakePreviewer/Binaries/Win64/UnrealEditor.modules" 1095
"../../../Engine/Plugins/Cameras/GameplayCameras/Binaries/Win64/UnrealEditor.modules" 1096
"../../../Engine/Plugins/2D/Paper2D/Binaries/Win64/UnrealEditor.modules" 1097
"../../../Engine/Plugins/Editor/AssetManagerEditor/Binaries/Win64/UnrealEditor.modules" 1098
"../../../Engine/Plugins/Editor/ContentBrowser/ContentBrowserAssetDataSource/Binaries/Win64/UnrealEditor.modules" 1099
"../../../Engine/Plugins/Editor/ColorGrading/Binaries/Win64/UnrealEditor.modules" 1100
"../../../Engine/Plugins/Editor/ObjectMixer/ObjectMixer/Binaries/Win64/UnrealEditor.modules" 1101
"../../../Engine/Plugins/Editor/BlueprintHeaderView/Binaries/Win64/UnrealEditor.modules" 1102
"../../../Engine/Plugins/Editor/ChangelistReview/Binaries/Win64/UnrealEditor.modules" 1103
"../../../Engine/Plugins/Editor/CurveEditorTools/Binaries/Win64/UnrealEditor.modules" 1104
"../../../Engine/Plugins/Editor/CryptoKeys/Binaries/Win64/UnrealEditor.modules" 1105
"../../../Engine/Plugins/Editor/EditorDebugTools/Binaries/Win64/UnrealEditor.modules" 1106
"../../../Engine/Plugins/Editor/FacialAnimation/Binaries/Win64/UnrealEditor.modules" 1107
"../../../Engine/Plugins/Editor/GeometryMode/Binaries/Win64/UnrealEditor.modules" 1108
"../../../Engine/Plugins/Editor/MaterialAnalyzer/Binaries/Win64/UnrealEditor.modules" 1109
"../../../Engine/Plugins/Editor/MobileLauncherProfileWizard/Binaries/Win64/UnrealEditor.modules" 1110
"../../../Engine/Plugins/Editor/SequencerAnimTools/Binaries/Win64/UnrealEditor.modules" 1111
"../../../Engine/Plugins/Editor/PluginBrowser/Binaries/Win64/UnrealEditor.modules" 1112
"../../../Engine/Plugins/Editor/WorldPartitionHLODUtilities/Binaries/Win64/UnrealEditor.modules" 1113
"../../../Engine/Plugins/Editor/UMGWidgetPreview/Binaries/Win64/UnrealEditor.modules" 1114
"../../../Engine/Plugins/Editor/SpeedTreeImporter/Binaries/Win64/UnrealEditor.modules" 1115
"../../../Engine/Plugins/Editor/UVEditor/Binaries/Win64/UnrealEditor.modules" 1116
"../../../Engine/Plugins/FX/Cascade/Binaries/Win64/UnrealEditor.modules" 1117
"../../../Engine/Plugins/FX/NiagaraSimCaching/Binaries/Win64/UnrealEditor.modules" 1118
"../../../Engine/Plugins/FX/NiagaraPreviewContent/Binaries/Win64/UnrealEditor.modules" 1119
"../../../Engine/Plugins/MovieScene/ActorSequence/Binaries/Win64/UnrealEditor.modules" 1120
"../../../Engine/Plugins/MovieScene/SequenceValidator/Binaries/Win64/UnrealEditor.modules" 1121
"../../../Engine/Plugins/Online/OnlineBase/Binaries/Win64/UnrealEditor.modules" 1122
"../../../Engine/Plugins/Online/OnlineSubsystem/Binaries/Win64/UnrealEditor.modules" 1123
"../../../Engine/Plugins/Online/OnlineSubsystemNull/Binaries/Win64/UnrealEditor.modules" 1124
"../../../Engine/Plugins/Online/OnlineSubsystemUtils/Binaries/Win64/UnrealEditor.modules" 1125
"../../../Engine/Plugins/Online/OnlineServices/Binaries/Win64/UnrealEditor.modules" 1126
"../../../Engine/Plugins/Runtime/ActorLayerUtilities/Binaries/Win64/UnrealEditor.modules" 1127
"../../../Engine/Plugins/Runtime/AndroidDeviceProfileSelector/Binaries/Win64/UnrealEditor.modules" 1128
"../../../Engine/Plugins/Runtime/AndroidFileServer/Binaries/Win64/UnrealEditor.modules" 1129
"../../../Engine/Plugins/Runtime/AndroidPermission/Binaries/Win64/UnrealEditor.modules" 1130
"../../../Engine/Plugins/Runtime/AppleImageUtils/Binaries/Win64/UnrealEditor.modules" 1131
"../../../Engine/Plugins/Runtime/ArchVisCharacter/Binaries/Win64/UnrealEditor.modules" 1132
"../../../Engine/Plugins/Runtime/CableComponent/Binaries/Win64/UnrealEditor.modules" 1133
"../../../Engine/Plugins/Runtime/AssetTags/Binaries/Win64/UnrealEditor.modules" 1134
"../../../Engine/Plugins/Runtime/CustomMeshComponent/Binaries/Win64/UnrealEditor.modules" 1135
"../../../Engine/Plugins/Runtime/ChunkDownloader/Binaries/Win64/UnrealEditor.modules" 1136
"../../../Engine/Plugins/Runtime/ExampleDeviceProfileSelector/Binaries/Win64/UnrealEditor.modules" 1137
"../../../Engine/Plugins/Runtime/GooglePAD/Binaries/Win64/UnrealEditor.modules" 1138
"../../../Engine/Plugins/Runtime/InputDebugging/Binaries/Win64/UnrealEditor.modules" 1139
"../../../Engine/Plugins/Runtime/LocationServicesBPLibrary/Binaries/Win64/UnrealEditor.modules" 1140
"../../../Engine/Plugins/Runtime/Metasound/Binaries/Win64/UnrealEditor.modules" 1141
"../../../Engine/Plugins/Runtime/WaveTable/Binaries/Win64/UnrealEditor.modules" 1142
"../../../Engine/Plugins/Runtime/MobilePatchingUtils/Binaries/Win64/UnrealEditor.modules" 1143
"../../../Engine/Plugins/Runtime/MsQuic/Binaries/Win64/UnrealEditor.modules" 1144
"../../../Engine/Plugins/Runtime/ResonanceAudio/Binaries/Win64/UnrealEditor.modules" 1145
"../../../Engine/Plugins/Runtime/SoundFields/Binaries/Win64/UnrealEditor.modules" 1146
"../../../Engine/Plugins/Runtime/Synthesis/Binaries/Win64/UnrealEditor.modules" 1147
"../../../Engine/Plugins/Runtime/WebMMoviePlayer/Binaries/Win64/UnrealEditor.modules" 1148
"../../../Engine/Plugins/Media/WebMMedia/Binaries/Win64/UnrealEditor.modules" 1149
"../../../Engine/Plugins/Runtime/WindowsDeviceProfileSelector/Binaries/Win64/UnrealEditor.modules" 1150
"../../../Engine/Plugins/Runtime/WindowsMoviePlayer/Binaries/Win64/UnrealEditor.modules" 1151
"../../../Engine/Plugins/Editor/ObjectMixer/LightMixer/Binaries/Win64/UnrealEditor.modules" 1152
"../../../Engine/Plugins/Editor/ContentBrowser/ContentBrowserClassDataSource/Binaries/Win64/UnrealEditor.modules" 1153
"../../../Engine/Plugins/Editor/Localization/PortableObjectFileDataSource/Binaries/Win64/UnrealEditor.modules" 1154
"../../../Engine/Plugins/Runtime/Windows/XInputDevice/Binaries/Win64/UnrealEditor.modules" 1155
"../../../Engine/Config/BaseSourceControlSettings.ini" 1156
"C:/Users/rscroggin/AppData/Local/UnrealEngine/5.7/Saved/Config/WindowsEditor/SourceControlSettings.ini" 1157
"../../../Engine/Content/Internationalization/icudt64l/coll/ucadata.icu" 1158
"../../../Engine/Content/Internationalization/icudt64l/coll/en_US.res" 1159
"../../../Engine/Content/Internationalization/icudt64l/coll/en.res" 1160
"../../../Engine/Content/Internationalization/icudt64l/coll/root.res" 1161
"../../../Engine/Content/Certificates/ThirdParty/cacert.pem" 1162
"../../../Engine/Config/ConsoleVariables.ini" 1163
"../../../Engine/Binaries/Win64/Android/UnrealEditor.modules" 1164
"../../../Engine/Binaries/Win64/IOS/UnrealEditor.modules" 1165
"../../../Engine/Binaries/Win64/Linux/UnrealEditor.modules" 1166
"../../../Engine/Content/Localization/Editor/en/Editor.locres" 1167
"../../../Engine/Content/Localization/Keywords/en/Keywords.locres" 1168
"../../../Engine/Content/Localization/Category/en/Category.locres" 1169
"../../../Engine/Content/Localization/ToolTips/en/ToolTips.locres" 1170
"../../../Engine/Content/Localization/PropertyNames/en/PropertyNames.locres" 1171
"../../../Engine/Content/Localization/Engine/en/Engine.locres" 1172
"../../../Engine/Plugins/MetaHuman/MetaHumanSDK/Content/Localization/MetaHumanSDK/en/MetaHumanSDK.locres" 1173
"../../../Engine/Plugins/MetaHuman/MetaHumanSDK/Content/Localization/MetaHumanSDK_Properties/en/MetaHumanSDK_Properties.locres" 1174
"../../../Engine/Plugins/MetaHuman/MetaHumanSDK/Content/Localization/MetaHumanSDK_Tooltips/en/MetaHumanSDK_Tooltips.locres" 1175
"../../../Engine/Plugins/Online/OnlineSubsystem/Content/Localization/OnlineSubsystem/en/OnlineSubsystem.locres" 1176
"../../../Engine/Plugins/Online/OnlineSubsystemUtils/Content/Localization/OnlineSubsystemUtils/en/OnlineSubsystemUtils.locres" 1177
"../../../Engine/Plugins/Online/IOS/OnlineSubsystemIOS/Content/Localization/OnlineSubsystemIOS/en/OnlineSubsystemIOS.locres" 1178
"../../../Engine/Plugins/Online/Android/OnlineSubsystemGooglePlay/Content/Localization/OnlineSubsystemGooglePlay/en/OnlineSubsystemGooglePlay.locres" 1179
"../../../Engine/Content/Internationalization/icudt64l/numberingSystems.res" 1180
"../../../Engine/Content/Internationalization/icudt64l/curr/supplementalData.res" 1181
"../../../Engine/Content/Internationalization/icudt64l/curr/en.res" 1182
"../../../Engine/Content/Internationalization/icudt64l/curr/pool.res" 1183
"../../../Engine/Content/Internationalization/icudt64l/curr/root.res" 1184
"../../../Engine/Content/Internationalization/icudt64l/lang/af.res" 1185
"../../../Engine/Content/Internationalization/icudt64l/region/af.res" 1186
"../../../Engine/Content/Internationalization/icudt64l/lang/agq.res" 1187
"../../../Engine/Content/Internationalization/icudt64l/region/agq.res" 1188
"../../../Engine/Content/Internationalization/icudt64l/lang/ak.res" 1189
"../../../Engine/Content/Internationalization/icudt64l/region/ak.res" 1190
"../../../Engine/Content/Internationalization/icudt64l/lang/am.res" 1191
"../../../Engine/Content/Internationalization/icudt64l/region/am.res" 1192
"../../../Engine/Content/Internationalization/icudt64l/lang/ar.res" 1193
"../../../Engine/Content/Internationalization/icudt64l/region/ar.res" 1194
"../../../Engine/Content/Internationalization/icudt64l/region/ar_AE.res" 1195
"../../../Engine/Content/Internationalization/icudt64l/lang/ar_EG.res" 1196
"../../../Engine/Content/Internationalization/icudt64l/lang/ar_LY.res" 1197
"../../../Engine/Content/Internationalization/icudt64l/region/ar_LY.res" 1198
"../../../Engine/Content/Internationalization/icudt64l/lang/ar_SA.res" 1199
"../../../Engine/Content/Internationalization/icudt64l/region/ar_SA.res" 1200
"../../../Engine/Content/Internationalization/icudt64l/lang/as.res" 1201
"../../../Engine/Content/Internationalization/icudt64l/region/as.res" 1202
"../../../Engine/Content/Internationalization/icudt64l/lang/asa.res" 1203
"../../../Engine/Content/Internationalization/icudt64l/region/asa.res" 1204
"../../../Engine/Content/Internationalization/icudt64l/lang/ast.res" 1205
"../../../Engine/Content/Internationalization/icudt64l/region/ast.res" 1206
"../../../Engine/Content/Internationalization/icudt64l/lang/az.res" 1207
"../../../Engine/Content/Internationalization/icudt64l/lang/az_Cyrl.res" 1208
"../../../Engine/Content/Internationalization/icudt64l/lang/az_AZ.res" 1209
"../../../Engine/Content/Internationalization/icudt64l/lang/az_Latn_AZ.res" 1210
"../../../Engine/Content/Internationalization/icudt64l/lang/az_Latn.res" 1211
"../../../Engine/Content/Internationalization/icudt64l/region/az_AZ.res" 1212
"../../../Engine/Content/Internationalization/icudt64l/region/az_Latn_AZ.res" 1213
"../../../Engine/Content/Internationalization/icudt64l/region/az_Latn.res" 1214
"../../../Engine/Content/Internationalization/icudt64l/region/az.res" 1215
"../../../Engine/Content/Internationalization/icudt64l/region/az_Cyrl.res" 1216
"../../../Engine/Content/Internationalization/icudt64l/lang/bas.res" 1217
"../../../Engine/Content/Internationalization/icudt64l/region/bas.res" 1218
"../../../Engine/Content/Internationalization/icudt64l/lang/be.res" 1219
"../../../Engine/Content/Internationalization/icudt64l/region/be.res" 1220
"../../../Engine/Content/Internationalization/icudt64l/lang/bem.res" 1221
"../../../Engine/Content/Internationalization/icudt64l/region/bem.res" 1222
"../../../Engine/Content/Internationalization/icudt64l/lang/bez.res" 1223
"../../../Engine/Content/Internationalization/icudt64l/region/bez.res" 1224
"../../../Engine/Content/Internationalization/icudt64l/lang/bg.res" 1225
"../../../Engine/Content/Internationalization/icudt64l/region/bg.res" 1226
"../../../Engine/Content/Internationalization/icudt64l/lang/bm.res" 1227
"../../../Engine/Content/Internationalization/icudt64l/region/bm.res" 1228
"../../../Engine/Content/Internationalization/icudt64l/lang/bn.res" 1229
"../../../Engine/Content/Internationalization/icudt64l/region/bn.res" 1230
"../../../Engine/Content/Internationalization/icudt64l/lang/bn_IN.res" 1231
"../../../Engine/Content/Internationalization/icudt64l/region/bn_IN.res" 1232
"../../../Engine/Content/Internationalization/icudt64l/lang/bo.res" 1233
"../../../Engine/Content/Internationalization/icudt64l/region/bo.res" 1234
"../../../Engine/Content/Internationalization/icudt64l/region/bo_IN.res" 1235
"../../../Engine/Content/Internationalization/icudt64l/lang/br.res" 1236
"../../../Engine/Content/Internationalization/icudt64l/region/br.res" 1237
"../../../Engine/Content/Internationalization/icudt64l/lang/brx.res" 1238
"../../../Engine/Content/Internationalization/icudt64l/region/brx.res" 1239
"../../../Engine/Content/Internationalization/icudt64l/lang/bs.res" 1240
"../../../Engine/Content/Internationalization/icudt64l/lang/bs_Cyrl.res" 1241
"../../../Engine/Content/Internationalization/icudt64l/lang/bs_BA.res" 1242
"../../../Engine/Content/Internationalization/icudt64l/lang/bs_Latn_BA.res" 1243
"../../../Engine/Content/Internationalization/icudt64l/lang/bs_Latn.res" 1244
"../../../Engine/Content/Internationalization/icudt64l/region/bs_BA.res" 1245
"../../../Engine/Content/Internationalization/icudt64l/region/bs_Latn_BA.res" 1246
"../../../Engine/Content/Internationalization/icudt64l/region/bs_Latn.res" 1247
"../../../Engine/Content/Internationalization/icudt64l/region/bs.res" 1248
"../../../Engine/Content/Internationalization/icudt64l/region/bs_Cyrl.res" 1249
"../../../Engine/Content/Internationalization/icudt64l/lang/ca.res" 1250
"../../../Engine/Content/Internationalization/icudt64l/region/ca.res" 1251
"../../../Engine/Content/Internationalization/icudt64l/lang/ccp.res" 1252
"../../../Engine/Content/Internationalization/icudt64l/region/ccp.res" 1253
"../../../Engine/Content/Internationalization/icudt64l/lang/ce.res" 1254
"../../../Engine/Content/Internationalization/icudt64l/region/ce.res" 1255
"../../../Engine/Content/Internationalization/icudt64l/lang/ceb.res" 1256
"../../../Engine/Content/Internationalization/icudt64l/region/ceb.res" 1257
"../../../Engine/Content/Internationalization/icudt64l/lang/cgg.res" 1258
"../../../Engine/Content/Internationalization/icudt64l/region/cgg.res" 1259
"../../../Engine/Content/Internationalization/icudt64l/lang/chr.res" 1260
"../../../Engine/Content/Internationalization/icudt64l/region/chr.res" 1261
"../../../Engine/Content/Internationalization/icudt64l/lang/ckb.res" 1262
"../../../Engine/Content/Internationalization/icudt64l/region/ckb.res" 1263
"../../../Engine/Content/Internationalization/icudt64l/lang/cs.res" 1264
"../../../Engine/Content/Internationalization/icudt64l/region/cs.res" 1265
"../../../Engine/Content/Internationalization/icudt64l/lang/cy.res" 1266
"../../../Engine/Content/Internationalization/icudt64l/region/cy.res" 1267
"../../../Engine/Content/Internationalization/icudt64l/lang/da.res" 1268
"../../../Engine/Content/Internationalization/icudt64l/region/da.res" 1269
"../../../Engine/Content/Internationalization/icudt64l/lang/dav.res" 1270
"../../../Engine/Content/Internationalization/icudt64l/region/dav.res" 1271
"../../../Engine/Content/Internationalization/icudt64l/lang/de.res" 1272
"../../../Engine/Content/Internationalization/icudt64l/lang/de_AT.res" 1273
"../../../Engine/Content/Internationalization/icudt64l/region/de_AT.res" 1274
"../../../Engine/Content/Internationalization/icudt64l/region/de.res" 1275
"../../../Engine/Content/Internationalization/icudt64l/lang/de_CH.res" 1276
"../../../Engine/Content/Internationalization/icudt64l/region/de_CH.res" 1277
"../../../Engine/Content/Internationalization/icudt64l/lang/de_LU.res" 1278
"../../../Engine/Content/Internationalization/icudt64l/lang/dje.res" 1279
"../../../Engine/Content/Internationalization/icudt64l/region/dje.res" 1280
"../../../Engine/Content/Internationalization/icudt64l/lang/dsb.res" 1281
"../../../Engine/Content/Internationalization/icudt64l/region/dsb.res" 1282
"../../../Engine/Content/Internationalization/icudt64l/lang/dua.res" 1283
"../../../Engine/Content/Internationalization/icudt64l/region/dua.res" 1284
"../../../Engine/Content/Internationalization/icudt64l/lang/dyo.res" 1285
"../../../Engine/Content/Internationalization/icudt64l/region/dyo.res" 1286
"../../../Engine/Content/Internationalization/icudt64l/lang/dz.res" 1287
"../../../Engine/Content/Internationalization/icudt64l/region/dz.res" 1288
"../../../Engine/Content/Internationalization/icudt64l/lang/ebu.res" 1289
"../../../Engine/Content/Internationalization/icudt64l/region/ebu.res" 1290
"../../../Engine/Content/Internationalization/icudt64l/lang/ee.res" 1291
"../../../Engine/Content/Internationalization/icudt64l/region/ee.res" 1292
"../../../Engine/Content/Internationalization/icudt64l/lang/el.res" 1293
"../../../Engine/Content/Internationalization/icudt64l/region/el.res" 1294
"../../../Engine/Content/Internationalization/icudt64l/lang/en_001.res" 1295
"../../../Engine/Content/Internationalization/icudt64l/lang/en_150.res" 1296
"../../../Engine/Content/Internationalization/icudt64l/region/en_150.res" 1297
"../../../Engine/Content/Internationalization/icudt64l/lang/en_AG.res" 1298
"../../../Engine/Content/Internationalization/icudt64l/region/en_AG.res" 1299
"../../../Engine/Content/Internationalization/icudt64l/lang/en_AI.res" 1300
"../../../Engine/Content/Internationalization/icudt64l/region/en_AI.res" 1301
"../../../Engine/Content/Internationalization/icudt64l/lang/en_AT.res" 1302
"../../../Engine/Content/Internationalization/icudt64l/region/en_AT.res" 1303
"../../../Engine/Content/Internationalization/icudt64l/lang/en_AU.res" 1304
"../../../Engine/Content/Internationalization/icudt64l/region/en_AU.res" 1305
"../../../Engine/Content/Internationalization/icudt64l/lang/en_BB.res" 1306
"../../../Engine/Content/Internationalization/icudt64l/region/en_BB.res" 1307
"../../../Engine/Content/Internationalization/icudt64l/lang/en_BE.res" 1308
"../../../Engine/Content/Internationalization/icudt64l/region/en_BE.res" 1309
"../../../Engine/Content/Internationalization/icudt64l/lang/en_BM.res" 1310
"../../../Engine/Content/Internationalization/icudt64l/region/en_BM.res" 1311
"../../../Engine/Content/Internationalization/icudt64l/lang/en_BS.res" 1312
"../../../Engine/Content/Internationalization/icudt64l/region/en_BS.res" 1313
"../../../Engine/Content/Internationalization/icudt64l/lang/en_BW.res" 1314
"../../../Engine/Content/Internationalization/icudt64l/region/en_BW.res" 1315
"../../../Engine/Content/Internationalization/icudt64l/lang/en_BZ.res" 1316
"../../../Engine/Content/Internationalization/icudt64l/region/en_BZ.res" 1317
"../../../Engine/Content/Internationalization/icudt64l/lang/en_CA.res" 1318
"../../../Engine/Content/Internationalization/icudt64l/region/en_CA.res" 1319
"../../../Engine/Content/Internationalization/icudt64l/lang/en_CC.res" 1320
"../../../Engine/Content/Internationalization/icudt64l/region/en_CC.res" 1321
"../../../Engine/Content/Internationalization/icudt64l/lang/en_CH.res" 1322
"../../../Engine/Content/Internationalization/icudt64l/region/en_CH.res" 1323
"../../../Engine/Content/Internationalization/icudt64l/lang/en_CK.res" 1324
"../../../Engine/Content/Internationalization/icudt64l/region/en_CK.res" 1325
"../../../Engine/Content/Internationalization/icudt64l/lang/en_CM.res" 1326
"../../../Engine/Content/Internationalization/icudt64l/region/en_CM.res" 1327
"../../../Engine/Content/Internationalization/icudt64l/lang/en_CX.res" 1328
"../../../Engine/Content/Internationalization/icudt64l/region/en_CX.res" 1329
"../../../Engine/Content/Internationalization/icudt64l/lang/en_CY.res" 1330
"../../../Engine/Content/Internationalization/icudt64l/region/en_CY.res" 1331
"../../../Engine/Content/Internationalization/icudt64l/lang/en_DE.res" 1332
"../../../Engine/Content/Internationalization/icudt64l/region/en_DE.res" 1333
"../../../Engine/Content/Internationalization/icudt64l/lang/en_DG.res" 1334
"../../../Engine/Content/Internationalization/icudt64l/region/en_DG.res" 1335
"../../../Engine/Content/Internationalization/icudt64l/lang/en_DK.res" 1336
"../../../Engine/Content/Internationalization/icudt64l/region/en_DK.res" 1337
"../../../Engine/Content/Internationalization/icudt64l/lang/en_DM.res" 1338
"../../../Engine/Content/Internationalization/icudt64l/region/en_DM.res" 1339
"../../../Engine/Content/Internationalization/icudt64l/lang/en_ER.res" 1340
"../../../Engine/Content/Internationalization/icudt64l/region/en_ER.res" 1341
"../../../Engine/Content/Internationalization/icudt64l/lang/en_FI.res" 1342
"../../../Engine/Content/Internationalization/icudt64l/region/en_FI.res" 1343
"../../../Engine/Content/Internationalization/icudt64l/lang/en_FJ.res" 1344
"../../../Engine/Content/Internationalization/icudt64l/region/en_FJ.res" 1345
"../../../Engine/Content/Internationalization/icudt64l/lang/en_FK.res" 1346
"../../../Engine/Content/Internationalization/icudt64l/region/en_FK.res" 1347
"../../../Engine/Content/Internationalization/icudt64l/lang/en_FM.res" 1348
"../../../Engine/Content/Internationalization/icudt64l/region/en_FM.res" 1349
"../../../Engine/Content/Internationalization/icudt64l/lang/en_GB.res" 1350
"../../../Engine/Content/Internationalization/icudt64l/region/en_GB.res" 1351
"../../../Engine/Content/Internationalization/icudt64l/lang/en_GD.res" 1352
"../../../Engine/Content/Internationalization/icudt64l/region/en_GD.res" 1353
"../../../Engine/Content/Internationalization/icudt64l/lang/en_GG.res" 1354
"../../../Engine/Content/Internationalization/icudt64l/region/en_GG.res" 1355
"../../../Engine/Content/Internationalization/icudt64l/lang/en_GH.res" 1356
"../../../Engine/Content/Internationalization/icudt64l/region/en_GH.res" 1357
"../../../Engine/Content/Internationalization/icudt64l/lang/en_GI.res" 1358
"../../../Engine/Content/Internationalization/icudt64l/region/en_GI.res" 1359
"../../../Engine/Content/Internationalization/icudt64l/lang/en_GM.res" 1360
"../../../Engine/Content/Internationalization/icudt64l/region/en_GM.res" 1361
"../../../Engine/Content/Internationalization/icudt64l/lang/en_GY.res" 1362
"../../../Engine/Content/Internationalization/icudt64l/region/en_GY.res" 1363
"../../../Engine/Content/Internationalization/icudt64l/lang/en_HK.res" 1364
"../../../Engine/Content/Internationalization/icudt64l/region/en_HK.res" 1365
"../../../Engine/Content/Internationalization/icudt64l/lang/en_IE.res" 1366
"../../../Engine/Content/Internationalization/icudt64l/region/en_IE.res" 1367
"../../../Engine/Content/Internationalization/icudt64l/lang/en_IL.res" 1368
"../../../Engine/Content/Internationalization/icudt64l/region/en_IL.res" 1369
"../../../Engine/Content/Internationalization/icudt64l/lang/en_IM.res" 1370
"../../../Engine/Content/Internationalization/icudt64l/region/en_IM.res" 1371
"../../../Engine/Content/Internationalization/icudt64l/lang/en_IN.res" 1372
"../../../Engine/Content/Internationalization/icudt64l/region/en_IN.res" 1373
"../../../Engine/Content/Internationalization/icudt64l/lang/en_IO.res" 1374
"../../../Engine/Content/Internationalization/icudt64l/region/en_IO.res" 1375
"../../../Engine/Content/Internationalization/icudt64l/lang/en_JE.res" 1376
"../../../Engine/Content/Internationalization/icudt64l/region/en_JE.res" 1377
"../../../Engine/Content/Internationalization/icudt64l/lang/en_JM.res" 1378
"../../../Engine/Content/Internationalization/icudt64l/region/en_JM.res" 1379
"../../../Engine/Content/Internationalization/icudt64l/lang/en_KE.res" 1380
"../../../Engine/Content/Internationalization/icudt64l/region/en_KE.res" 1381
"../../../Engine/Content/Internationalization/icudt64l/lang/en_KI.res" 1382
"../../../Engine/Content/Internationalization/icudt64l/region/en_KI.res" 1383
"../../../Engine/Content/Internationalization/icudt64l/lang/en_KN.res" 1384
"../../../Engine/Content/Internationalization/icudt64l/region/en_KN.res" 1385
"../../../Engine/Content/Internationalization/icudt64l/lang/en_KY.res" 1386
"../../../Engine/Content/Internationalization/icudt64l/region/en_KY.res" 1387
"../../../Engine/Content/Internationalization/icudt64l/lang/en_LC.res" 1388
"../../../Engine/Content/Internationalization/icudt64l/region/en_LC.res" 1389
"../../../Engine/Content/Internationalization/icudt64l/lang/en_LR.res" 1390
"../../../Engine/Content/Internationalization/icudt64l/region/en_LR.res" 1391
"../../../Engine/Content/Internationalization/icudt64l/lang/en_LS.res" 1392
"../../../Engine/Content/Internationalization/icudt64l/region/en_LS.res" 1393
"../../../Engine/Content/Internationalization/icudt64l/lang/en_MG.res" 1394
"../../../Engine/Content/Internationalization/icudt64l/region/en_MG.res" 1395
"../../../Engine/Content/Internationalization/icudt64l/lang/en_MO.res" 1396
"../../../Engine/Content/Internationalization/icudt64l/region/en_MO.res" 1397
"../../../Engine/Content/Internationalization/icudt64l/lang/en_MS.res" 1398
"../../../Engine/Content/Internationalization/icudt64l/region/en_MS.res" 1399
"../../../Engine/Content/Internationalization/icudt64l/lang/en_MT.res" 1400
"../../../Engine/Content/Internationalization/icudt64l/region/en_MT.res" 1401
"../../../Engine/Content/Internationalization/icudt64l/lang/en_MU.res" 1402
"../../../Engine/Content/Internationalization/icudt64l/region/en_MU.res" 1403
"../../../Engine/Content/Internationalization/icudt64l/lang/en_MW.res" 1404
"../../../Engine/Content/Internationalization/icudt64l/region/en_MW.res" 1405
"../../../Engine/Content/Internationalization/icudt64l/lang/en_MY.res" 1406
"../../../Engine/Content/Internationalization/icudt64l/region/en_MY.res" 1407
"../../../Engine/Content/Internationalization/icudt64l/lang/en_NA.res" 1408
"../../../Engine/Content/Internationalization/icudt64l/region/en_NA.res" 1409
"../../../Engine/Content/Internationalization/icudt64l/lang/en_NF.res" 1410
"../../../Engine/Content/Internationalization/icudt64l/region/en_NF.res" 1411
"../../../Engine/Content/Internationalization/icudt64l/lang/en_NG.res" 1412
"../../../Engine/Content/Internationalization/icudt64l/region/en_NG.res" 1413
"../../../Engine/Content/Internationalization/icudt64l/lang/en_NL.res" 1414
"../../../Engine/Content/Internationalization/icudt64l/region/en_NL.res" 1415
"../../../Engine/Content/Internationalization/icudt64l/lang/en_NR.res" 1416
"../../../Engine/Content/Internationalization/icudt64l/region/en_NR.res" 1417
"../../../Engine/Content/Internationalization/icudt64l/lang/en_NU.res" 1418
"../../../Engine/Content/Internationalization/icudt64l/region/en_NU.res" 1419
"../../../Engine/Content/Internationalization/icudt64l/lang/en_NZ.res" 1420
"../../../Engine/Content/Internationalization/icudt64l/region/en_NZ.res" 1421
"../../../Engine/Content/Internationalization/icudt64l/lang/en_PG.res" 1422
"../../../Engine/Content/Internationalization/icudt64l/region/en_PG.res" 1423
"../../../Engine/Content/Internationalization/icudt64l/lang/en_PH.res" 1424
"../../../Engine/Content/Internationalization/icudt64l/region/en_PH.res" 1425
"../../../Engine/Content/Internationalization/icudt64l/lang/en_PK.res" 1426
"../../../Engine/Content/Internationalization/icudt64l/region/en_PK.res" 1427
"../../../Engine/Content/Internationalization/icudt64l/lang/en_PN.res" 1428
"../../../Engine/Content/Internationalization/icudt64l/region/en_PN.res" 1429
"../../../Engine/Content/Internationalization/icudt64l/lang/en_PW.res" 1430
"../../../Engine/Content/Internationalization/icudt64l/region/en_PW.res" 1431
"../../../Engine/Content/Internationalization/icudt64l/lang/en_RW.res" 1432
"../../../Engine/Content/Internationalization/icudt64l/region/en_RW.res" 1433
"../../../Engine/Content/Internationalization/icudt64l/lang/en_SB.res" 1434
"../../../Engine/Content/Internationalization/icudt64l/region/en_SB.res" 1435
"../../../Engine/Content/Internationalization/icudt64l/lang/en_SC.res" 1436
"../../../Engine/Content/Internationalization/icudt64l/region/en_SC.res" 1437
"../../../Engine/Content/Internationalization/icudt64l/lang/en_SD.res" 1438
"../../../Engine/Content/Internationalization/icudt64l/region/en_SD.res" 1439
"../../../Engine/Content/Internationalization/icudt64l/lang/en_SE.res" 1440
"../../../Engine/Content/Internationalization/icudt64l/region/en_SE.res" 1441
"../../../Engine/Content/Internationalization/icudt64l/lang/en_SG.res" 1442
"../../../Engine/Content/Internationalization/icudt64l/region/en_SG.res" 1443
"../../../Engine/Content/Internationalization/icudt64l/lang/en_SH.res" 1444
"../../../Engine/Content/Internationalization/icudt64l/region/en_SH.res" 1445
"../../../Engine/Content/Internationalization/icudt64l/lang/en_SI.res" 1446
"../../../Engine/Content/Internationalization/icudt64l/region/en_SI.res" 1447
"../../../Engine/Content/Internationalization/icudt64l/lang/en_SL.res" 1448
"../../../Engine/Content/Internationalization/icudt64l/region/en_SL.res" 1449
"../../../Engine/Content/Internationalization/icudt64l/lang/en_SS.res" 1450
"../../../Engine/Content/Internationalization/icudt64l/region/en_SS.res" 1451
"../../../Engine/Content/Internationalization/icudt64l/lang/en_SX.res" 1452
"../../../Engine/Content/Internationalization/icudt64l/region/en_SX.res" 1453
"../../../Engine/Content/Internationalization/icudt64l/lang/en_SZ.res" 1454
"../../../Engine/Content/Internationalization/icudt64l/region/en_SZ.res" 1455
"../../../Engine/Content/Internationalization/icudt64l/lang/en_TC.res" 1456
"../../../Engine/Content/Internationalization/icudt64l/region/en_TC.res" 1457
"../../../Engine/Content/Internationalization/icudt64l/lang/en_TK.res" 1458
"../../../Engine/Content/Internationalization/icudt64l/region/en_TK.res" 1459
"../../../Engine/Content/Internationalization/icudt64l/lang/en_TO.res" 1460
"../../../Engine/Content/Internationalization/icudt64l/region/en_TO.res" 1461
"../../../Engine/Content/Internationalization/icudt64l/lang/en_TT.res" 1462
"../../../Engine/Content/Internationalization/icudt64l/region/en_TT.res" 1463
"../../../Engine/Content/Internationalization/icudt64l/lang/en_TV.res" 1464
"../../../Engine/Content/Internationalization/icudt64l/region/en_TV.res" 1465
"../../../Engine/Content/Internationalization/icudt64l/lang/en_TZ.res" 1466
"../../../Engine/Content/Internationalization/icudt64l/region/en_TZ.res" 1467
"../../../Engine/Content/Internationalization/icudt64l/lang/en_UG.res" 1468
"../../../Engine/Content/Internationalization/icudt64l/region/en_UG.res" 1469
"../../../Engine/Content/Internationalization/icudt64l/lang/en_VC.res" 1470
"../../../Engine/Content/Internationalization/icudt64l/region/en_VC.res" 1471
"../../../Engine/Content/Internationalization/icudt64l/lang/en_VG.res" 1472
"../../../Engine/Content/Internationalization/icudt64l/region/en_VG.res" 1473
"../../../Engine/Content/Internationalization/icudt64l/lang/en_VU.res" 1474
"../../../Engine/Content/Internationalization/icudt64l/region/en_VU.res" 1475
"../../../Engine/Content/Internationalization/icudt64l/lang/en_WS.res" 1476
"../../../Engine/Content/Internationalization/icudt64l/region/en_WS.res" 1477
"../../../Engine/Content/Internationalization/icudt64l/lang/en_ZA.res" 1478
"../../../Engine/Content/Internationalization/icudt64l/region/en_ZA.res" 1479
"../../../Engine/Content/Internationalization/icudt64l/lang/en_ZM.res" 1480
"../../../Engine/Content/Internationalization/icudt64l/region/en_ZM.res" 1481
"../../../Engine/Content/Internationalization/icudt64l/lang/en_ZW.res" 1482
"../../../Engine/Content/Internationalization/icudt64l/region/en_ZW.res" 1483
"../../../Engine/Content/Internationalization/icudt64l/lang/eo.res" 1484
"../../../Engine/Content/Internationalization/icudt64l/region/eo.res" 1485
"../../../Engine/Content/Internationalization/icudt64l/lang/es.res" 1486
"../../../Engine/Content/Internationalization/icudt64l/lang/es_419.res" 1487
"../../../Engine/Content/Internationalization/icudt64l/region/es_419.res" 1488
"../../../Engine/Content/Internationalization/icudt64l/region/es.res" 1489
"../../../Engine/Content/Internationalization/icudt64l/lang/es_AR.res" 1490
"../../../Engine/Content/Internationalization/icudt64l/region/es_AR.res" 1491
"../../../Engine/Content/Internationalization/icudt64l/lang/es_BO.res" 1492
"../../../Engine/Content/Internationalization/icudt64l/region/es_BO.res" 1493
"../../../Engine/Content/Internationalization/icudt64l/lang/es_BR.res" 1494
"../../../Engine/Content/Internationalization/icudt64l/region/es_BR.res" 1495
"../../../Engine/Content/Internationalization/icudt64l/lang/es_BZ.res" 1496
"../../../Engine/Content/Internationalization/icudt64l/region/es_BZ.res" 1497
"../../../Engine/Content/Internationalization/icudt64l/lang/es_CL.res" 1498
"../../../Engine/Content/Internationalization/icudt64l/region/es_CL.res" 1499
"../../../Engine/Content/Internationalization/icudt64l/lang/es_CO.res" 1500
"../../../Engine/Content/Internationalization/icudt64l/region/es_CO.res" 1501
"../../../Engine/Content/Internationalization/icudt64l/lang/es_CR.res" 1502
"../../../Engine/Content/Internationalization/icudt64l/region/es_CR.res" 1503
"../../../Engine/Content/Internationalization/icudt64l/lang/es_CU.res" 1504
"../../../Engine/Content/Internationalization/icudt64l/region/es_CU.res" 1505
"../../../Engine/Content/Internationalization/icudt64l/lang/es_DO.res" 1506
"../../../Engine/Content/Internationalization/icudt64l/region/es_DO.res" 1507
"../../../Engine/Content/Internationalization/icudt64l/lang/es_EC.res" 1508
"../../../Engine/Content/Internationalization/icudt64l/region/es_EC.res" 1509
"../../../Engine/Content/Internationalization/icudt64l/lang/es_GT.res" 1510
"../../../Engine/Content/Internationalization/icudt64l/region/es_GT.res" 1511
"../../../Engine/Content/Internationalization/icudt64l/lang/es_HN.res" 1512
"../../../Engine/Content/Internationalization/icudt64l/region/es_HN.res" 1513
"../../../Engine/Content/Internationalization/icudt64l/lang/es_MX.res" 1514
"../../../Engine/Content/Internationalization/icudt64l/region/es_MX.res" 1515
"../../../Engine/Content/Internationalization/icudt64l/lang/es_NI.res" 1516
"../../../Engine/Content/Internationalization/icudt64l/region/es_NI.res" 1517
"../../../Engine/Content/Internationalization/icudt64l/lang/es_PA.res" 1518
"../../../Engine/Content/Internationalization/icudt64l/region/es_PA.res" 1519
"../../../Engine/Content/Internationalization/icudt64l/lang/es_PE.res" 1520
"../../../Engine/Content/Internationalization/icudt64l/region/es_PE.res" 1521
"../../../Engine/Content/Internationalization/icudt64l/lang/es_PR.res" 1522
"../../../Engine/Content/Internationalization/icudt64l/region/es_PR.res" 1523
"../../../Engine/Content/Internationalization/icudt64l/lang/es_PY.res" 1524
"../../../Engine/Content/Internationalization/icudt64l/region/es_PY.res" 1525
"../../../Engine/Content/Internationalization/icudt64l/lang/es_SV.res" 1526
"../../../Engine/Content/Internationalization/icudt64l/region/es_SV.res" 1527
"../../../Engine/Content/Internationalization/icudt64l/lang/es_US.res" 1528
"../../../Engine/Content/Internationalization/icudt64l/region/es_US.res" 1529
"../../../Engine/Content/Internationalization/icudt64l/lang/es_UY.res" 1530
"../../../Engine/Content/Internationalization/icudt64l/region/es_UY.res" 1531
"../../../Engine/Content/Internationalization/icudt64l/lang/es_VE.res" 1532
"../../../Engine/Content/Internationalization/icudt64l/region/es_VE.res" 1533
"../../../Engine/Content/Internationalization/icudt64l/lang/et.res" 1534
"../../../Engine/Content/Internationalization/icudt64l/region/et.res" 1535
"../../../Engine/Content/Internationalization/icudt64l/lang/eu.res" 1536
"../../../Engine/Content/Internationalization/icudt64l/region/eu.res" 1537
"../../../Engine/Content/Internationalization/icudt64l/lang/ewo.res" 1538
"../../../Engine/Content/Internationalization/icudt64l/region/ewo.res" 1539
"../../../Engine/Content/Internationalization/icudt64l/lang/fa.res" 1540
"../../../Engine/Content/Internationalization/icudt64l/lang/fa_AF.res" 1541
"../../../Engine/Content/Internationalization/icudt64l/region/fa_AF.res" 1542
"../../../Engine/Content/Internationalization/icudt64l/region/fa.res" 1543
"../../../Engine/Content/Internationalization/icudt64l/lang/ff.res" 1544
"../../../Engine/Content/Internationalization/icudt64l/lang/ff_Latn.res" 1545
"../../../Engine/Content/Internationalization/icudt64l/region/ff.res" 1546
"../../../Engine/Content/Internationalization/icudt64l/region/ff_Latn.res" 1547
"../../../Engine/Content/Internationalization/icudt64l/lang/ff_CM.res" 1548
"../../../Engine/Content/Internationalization/icudt64l/lang/ff_Latn_CM.res" 1549
"../../../Engine/Content/Internationalization/icudt64l/region/ff_CM.res" 1550
"../../../Engine/Content/Internationalization/icudt64l/region/ff_Latn_CM.res" 1551
"../../../Engine/Content/Internationalization/icudt64l/lang/ff_GN.res" 1552
"../../../Engine/Content/Internationalization/icudt64l/lang/ff_Latn_GN.res" 1553
"../../../Engine/Content/Internationalization/icudt64l/region/ff_GN.res" 1554
"../../../Engine/Content/Internationalization/icudt64l/region/ff_Latn_GN.res" 1555
"../../../Engine/Content/Internationalization/icudt64l/lang/ff_MR.res" 1556
"../../../Engine/Content/Internationalization/icudt64l/lang/ff_Latn_MR.res" 1557
"../../../Engine/Content/Internationalization/icudt64l/region/ff_MR.res" 1558
"../../../Engine/Content/Internationalization/icudt64l/region/ff_Latn_MR.res" 1559
"../../../Engine/Content/Internationalization/icudt64l/lang/ff_SN.res" 1560
"../../../Engine/Content/Internationalization/icudt64l/lang/ff_Latn_SN.res" 1561
"../../../Engine/Content/Internationalization/icudt64l/region/ff_SN.res" 1562
"../../../Engine/Content/Internationalization/icudt64l/region/ff_Latn_SN.res" 1563
"../../../Engine/Content/Internationalization/icudt64l/lang/fi.res" 1564
"../../../Engine/Content/Internationalization/icudt64l/region/fi.res" 1565
"../../../Engine/Content/Internationalization/icudt64l/lang/fil.res" 1566
"../../../Engine/Content/Internationalization/icudt64l/lang/fil_PH.res" 1567
"../../../Engine/Content/Internationalization/icudt64l/region/fil_PH.res" 1568
"../../../Engine/Content/Internationalization/icudt64l/region/fil.res" 1569
"../../../Engine/Content/Internationalization/icudt64l/lang/fo.res" 1570
"../../../Engine/Content/Internationalization/icudt64l/region/fo.res" 1571
"../../../Engine/Content/Internationalization/icudt64l/lang/fr.res" 1572
"../../../Engine/Content/Internationalization/icudt64l/lang/fr_BE.res" 1573
"../../../Engine/Content/Internationalization/icudt64l/region/fr_BE.res" 1574
"../../../Engine/Content/Internationalization/icudt64l/region/fr.res" 1575
"../../../Engine/Content/Internationalization/icudt64l/lang/fr_CA.res" 1576
"../../../Engine/Content/Internationalization/icudt64l/region/fr_CA.res" 1577
"../../../Engine/Content/Internationalization/icudt64l/lang/fr_CH.res" 1578
"../../../Engine/Content/Internationalization/icudt64l/lang/fur.res" 1579
"../../../Engine/Content/Internationalization/icudt64l/region/fur.res" 1580
"../../../Engine/Content/Internationalization/icudt64l/lang/fy.res" 1581
"../../../Engine/Content/Internationalization/icudt64l/region/fy.res" 1582
"../../../Engine/Content/Internationalization/icudt64l/lang/ga.res" 1583
"../../../Engine/Content/Internationalization/icudt64l/region/ga.res" 1584
"../../../Engine/Content/Internationalization/icudt64l/lang/gd.res" 1585
"../../../Engine/Content/Internationalization/icudt64l/region/gd.res" 1586
"../../../Engine/Content/Internationalization/icudt64l/lang/gl.res" 1587
"../../../Engine/Content/Internationalization/icudt64l/region/gl.res" 1588
"../../../Engine/Content/Internationalization/icudt64l/lang/gsw.res" 1589
"../../../Engine/Content/Internationalization/icudt64l/region/gsw.res" 1590
"../../../Engine/Content/Internationalization/icudt64l/lang/gu.res" 1591
"../../../Engine/Content/Internationalization/icudt64l/region/gu.res" 1592
"../../../Engine/Content/Internationalization/icudt64l/lang/guz.res" 1593
"../../../Engine/Content/Internationalization/icudt64l/region/guz.res" 1594
"../../../Engine/Content/Internationalization/icudt64l/lang/gv.res" 1595
"../../../Engine/Content/Internationalization/icudt64l/region/gv.res" 1596
"../../../Engine/Content/Internationalization/icudt64l/lang/ha.res" 1597
"../../../Engine/Content/Internationalization/icudt64l/region/ha.res" 1598
"../../../Engine/Content/Internationalization/icudt64l/lang/ha_NE.res" 1599
"../../../Engine/Content/Internationalization/icudt64l/region/ha_NE.res" 1600
"../../../Engine/Content/Internationalization/icudt64l/lang/haw.res" 1601
"../../../Engine/Content/Internationalization/icudt64l/region/haw.res" 1602
"../../../Engine/Content/Internationalization/icudt64l/lang/he.res" 1603
"../../../Engine/Content/Internationalization/icudt64l/lang/he_IL.res" 1604
"../../../Engine/Content/Internationalization/icudt64l/region/he_IL.res" 1605
"../../../Engine/Content/Internationalization/icudt64l/region/he.res" 1606
"../../../Engine/Content/Internationalization/icudt64l/lang/hi.res" 1607
"../../../Engine/Content/Internationalization/icudt64l/region/hi.res" 1608
"../../../Engine/Content/Internationalization/icudt64l/lang/hr.res" 1609
"../../../Engine/Content/Internationalization/icudt64l/region/hr.res" 1610
"../../../Engine/Content/Internationalization/icudt64l/lang/hsb.res" 1611
"../../../Engine/Content/Internationalization/icudt64l/region/hsb.res" 1612
"../../../Engine/Content/Internationalization/icudt64l/lang/hu.res" 1613
"../../../Engine/Content/Internationalization/icudt64l/region/hu.res" 1614
"../../../Engine/Content/Internationalization/icudt64l/lang/hy.res" 1615
"../../../Engine/Content/Internationalization/icudt64l/region/hy.res" 1616
"../../../Engine/Content/Internationalization/icudt64l/lang/ia.res" 1617
"../../../Engine/Content/Internationalization/icudt64l/region/ia.res" 1618
"../../../Engine/Content/Internationalization/icudt64l/lang/id.res" 1619
"../../../Engine/Content/Internationalization/icudt64l/lang/id_ID.res" 1620
"../../../Engine/Content/Internationalization/icudt64l/region/id_ID.res" 1621
"../../../Engine/Content/Internationalization/icudt64l/region/id.res" 1622
"../../../Engine/Content/Internationalization/icudt64l/lang/ig.res" 1623
"../../../Engine/Content/Internationalization/icudt64l/region/ig.res" 1624
"../../../Engine/Content/Internationalization/icudt64l/lang/ii.res" 1625
"../../../Engine/Content/Internationalization/icudt64l/region/ii.res" 1626
"../../../Engine/Content/Internationalization/icudt64l/lang/is.res" 1627
"../../../Engine/Content/Internationalization/icudt64l/region/is.res" 1628
"../../../Engine/Content/Internationalization/icudt64l/lang/it.res" 1629
"../../../Engine/Content/Internationalization/icudt64l/region/it.res" 1630
"../../../Engine/Content/Internationalization/icudt64l/lang/ja.res" 1631
"../../../Engine/Content/Internationalization/icudt64l/lang/ja_JP.res" 1632
"../../../Engine/Content/Internationalization/icudt64l/region/ja_JP.res" 1633
"../../../Engine/Content/Internationalization/icudt64l/region/ja.res" 1634
"../../../Engine/Content/Internationalization/icudt64l/lang/jgo.res" 1635
"../../../Engine/Content/Internationalization/icudt64l/region/jgo.res" 1636
"../../../Engine/Content/Internationalization/icudt64l/lang/jmc.res" 1637
"../../../Engine/Content/Internationalization/icudt64l/region/jmc.res" 1638
"../../../Engine/Content/Internationalization/icudt64l/lang/jv.res" 1639
"../../../Engine/Content/Internationalization/icudt64l/region/jv.res" 1640
"../../../Engine/Content/Internationalization/icudt64l/lang/ka.res" 1641
"../../../Engine/Content/Internationalization/icudt64l/region/ka.res" 1642
"../../../Engine/Content/Internationalization/icudt64l/lang/kab.res" 1643
"../../../Engine/Content/Internationalization/icudt64l/region/kab.res" 1644
"../../../Engine/Content/Internationalization/icudt64l/lang/kam.res" 1645
"../../../Engine/Content/Internationalization/icudt64l/region/kam.res" 1646
"../../../Engine/Content/Internationalization/icudt64l/lang/kde.res" 1647
"../../../Engine/Content/Internationalization/icudt64l/region/kde.res" 1648
"../../../Engine/Content/Internationalization/icudt64l/lang/kea.res" 1649
"../../../Engine/Content/Internationalization/icudt64l/region/kea.res" 1650
"../../../Engine/Content/Internationalization/icudt64l/lang/khq.res" 1651
"../../../Engine/Content/Internationalization/icudt64l/region/khq.res" 1652
"../../../Engine/Content/Internationalization/icudt64l/lang/ki.res" 1653
"../../../Engine/Content/Internationalization/icudt64l/region/ki.res" 1654
"../../../Engine/Content/Internationalization/icudt64l/lang/kk.res" 1655
"../../../Engine/Content/Internationalization/icudt64l/region/kk.res" 1656
"../../../Engine/Content/Internationalization/icudt64l/lang/kkj.res" 1657
"../../../Engine/Content/Internationalization/icudt64l/region/kkj.res" 1658
"../../../Engine/Content/Internationalization/icudt64l/lang/kl.res" 1659
"../../../Engine/Content/Internationalization/icudt64l/region/kl.res" 1660
"../../../Engine/Content/Internationalization/icudt64l/lang/kln.res" 1661
"../../../Engine/Content/Internationalization/icudt64l/region/kln.res" 1662
"../../../Engine/Content/Internationalization/icudt64l/lang/km.res" 1663
"../../../Engine/Content/Internationalization/icudt64l/region/km.res" 1664
"../../../Engine/Content/Internationalization/icudt64l/lang/kn.res" 1665
"../../../Engine/Content/Internationalization/icudt64l/region/kn.res" 1666
"../../../Engine/Content/Internationalization/icudt64l/lang/ko.res" 1667
"../../../Engine/Content/Internationalization/icudt64l/region/ko_KP.res" 1668
"../../../Engine/Content/Internationalization/icudt64l/region/ko.res" 1669
"../../../Engine/Content/Internationalization/icudt64l/lang/kok.res" 1670
"../../../Engine/Content/Internationalization/icudt64l/region/kok.res" 1671
"../../../Engine/Content/Internationalization/icudt64l/lang/ks.res" 1672
"../../../Engine/Content/Internationalization/icudt64l/region/ks.res" 1673
"../../../Engine/Content/Internationalization/icudt64l/lang/ksb.res" 1674
"../../../Engine/Content/Internationalization/icudt64l/region/ksb.res" 1675
"../../../Engine/Content/Internationalization/icudt64l/lang/ksf.res" 1676
"../../../Engine/Content/Internationalization/icudt64l/region/ksf.res" 1677
"../../../Engine/Content/Internationalization/icudt64l/lang/ksh.res" 1678
"../../../Engine/Content/Internationalization/icudt64l/region/ksh.res" 1679
"../../../Engine/Content/Internationalization/icudt64l/lang/ku.res" 1680
"../../../Engine/Content/Internationalization/icudt64l/region/ku.res" 1681
"../../../Engine/Content/Internationalization/icudt64l/lang/kw.res" 1682
"../../../Engine/Content/Internationalization/icudt64l/region/kw.res" 1683
"../../../Engine/Content/Internationalization/icudt64l/lang/ky.res" 1684
"../../../Engine/Content/Internationalization/icudt64l/region/ky.res" 1685
"../../../Engine/Content/Internationalization/icudt64l/lang/lag.res" 1686
"../../../Engine/Content/Internationalization/icudt64l/region/lag.res" 1687
"../../../Engine/Content/Internationalization/icudt64l/lang/lb.res" 1688
"../../../Engine/Content/Internationalization/icudt64l/region/lb.res" 1689
"../../../Engine/Content/Internationalization/icudt64l/lang/lg.res" 1690
"../../../Engine/Content/Internationalization/icudt64l/region/lg.res" 1691
"../../../Engine/Content/Internationalization/icudt64l/lang/lkt.res" 1692
"../../../Engine/Content/Internationalization/icudt64l/region/lkt.res" 1693
"../../../Engine/Content/Internationalization/icudt64l/lang/ln.res" 1694
"../../../Engine/Content/Internationalization/icudt64l/region/ln.res" 1695
"../../../Engine/Content/Internationalization/icudt64l/lang/lo.res" 1696
"../../../Engine/Content/Internationalization/icudt64l/region/lo.res" 1697
"../../../Engine/Content/Internationalization/icudt64l/lang/lrc.res" 1698
"../../../Engine/Content/Internationalization/icudt64l/region/lrc.res" 1699
"../../../Engine/Content/Internationalization/icudt64l/lang/lt.res" 1700
"../../../Engine/Content/Internationalization/icudt64l/region/lt.res" 1701
"../../../Engine/Content/Internationalization/icudt64l/lang/lu.res" 1702
"../../../Engine/Content/Internationalization/icudt64l/region/lu.res" 1703
"../../../Engine/Content/Internationalization/icudt64l/lang/luo.res" 1704
"../../../Engine/Content/Internationalization/icudt64l/region/luo.res" 1705
"../../../Engine/Content/Internationalization/icudt64l/lang/luy.res" 1706
"../../../Engine/Content/Internationalization/icudt64l/region/luy.res" 1707
"../../../Engine/Content/Internationalization/icudt64l/lang/lv.res" 1708
"../../../Engine/Content/Internationalization/icudt64l/region/lv.res" 1709
"../../../Engine/Content/Internationalization/icudt64l/lang/mas.res" 1710
"../../../Engine/Content/Internationalization/icudt64l/region/mas.res" 1711
"../../../Engine/Content/Internationalization/icudt64l/lang/mer.res" 1712
"../../../Engine/Content/Internationalization/icudt64l/region/mer.res" 1713
"../../../Engine/Content/Internationalization/icudt64l/lang/mfe.res" 1714
"../../../Engine/Content/Internationalization/icudt64l/region/mfe.res" 1715
"../../../Engine/Content/Internationalization/icudt64l/lang/mg.res" 1716
"../../../Engine/Content/Internationalization/icudt64l/region/mg.res" 1717
"../../../Engine/Content/Internationalization/icudt64l/lang/mgh.res" 1718
"../../../Engine/Content/Internationalization/icudt64l/region/mgh.res" 1719
"../../../Engine/Content/Internationalization/icudt64l/lang/mgo.res" 1720
"../../../Engine/Content/Internationalization/icudt64l/region/mgo.res" 1721
"../../../Engine/Content/Internationalization/icudt64l/lang/mi.res" 1722
"../../../Engine/Content/Internationalization/icudt64l/region/mi.res" 1723
"../../../Engine/Content/Internationalization/icudt64l/lang/mk.res" 1724
"../../../Engine/Content/Internationalization/icudt64l/region/mk.res" 1725
"../../../Engine/Content/Internationalization/icudt64l/lang/ml.res" 1726
"../../../Engine/Content/Internationalization/icudt64l/region/ml.res" 1727
"../../../Engine/Content/Internationalization/icudt64l/lang/mn.res" 1728
"../../../Engine/Content/Internationalization/icudt64l/region/mn.res" 1729
"../../../Engine/Content/Internationalization/icudt64l/lang/mr.res" 1730
"../../../Engine/Content/Internationalization/icudt64l/region/mr.res" 1731
"../../../Engine/Content/Internationalization/icudt64l/lang/ms.res" 1732
"../../../Engine/Content/Internationalization/icudt64l/region/ms.res" 1733
"../../../Engine/Content/Internationalization/icudt64l/lang/mt.res" 1734
"../../../Engine/Content/Internationalization/icudt64l/region/mt.res" 1735
"../../../Engine/Content/Internationalization/icudt64l/lang/mua.res" 1736
"../../../Engine/Content/Internationalization/icudt64l/region/mua.res" 1737
"../../../Engine/Content/Internationalization/icudt64l/lang/my.res" 1738
"../../../Engine/Content/Internationalization/icudt64l/region/my.res" 1739
"../../../Engine/Content/Internationalization/icudt64l/lang/mzn.res" 1740
"../../../Engine/Content/Internationalization/icudt64l/region/mzn.res" 1741
"../../../Engine/Content/Internationalization/icudt64l/lang/naq.res" 1742
"../../../Engine/Content/Internationalization/icudt64l/region/naq.res" 1743
"../../../Engine/Content/Internationalization/icudt64l/lang/nb.res" 1744
"../../../Engine/Content/Internationalization/icudt64l/lang/nb_NO.res" 1745
"../../../Engine/Content/Internationalization/icudt64l/region/nb_NO.res" 1746
"../../../Engine/Content/Internationalization/icudt64l/region/nb.res" 1747
"../../../Engine/Content/Internationalization/icudt64l/lang/nd.res" 1748
"../../../Engine/Content/Internationalization/icudt64l/region/nd.res" 1749
"../../../Engine/Content/Internationalization/icudt64l/lang/nds.res" 1750
"../../../Engine/Content/Internationalization/icudt64l/region/nds.res" 1751
"../../../Engine/Content/Internationalization/icudt64l/lang/ne.res" 1752
"../../../Engine/Content/Internationalization/icudt64l/region/ne.res" 1753
"../../../Engine/Content/Internationalization/icudt64l/lang/nl.res" 1754
"../../../Engine/Content/Internationalization/icudt64l/region/nl.res" 1755
"../../../Engine/Content/Internationalization/icudt64l/lang/nmg.res" 1756
"../../../Engine/Content/Internationalization/icudt64l/region/nmg.res" 1757
"../../../Engine/Content/Internationalization/icudt64l/lang/nn.res" 1758
"../../../Engine/Content/Internationalization/icudt64l/lang/nn_NO.res" 1759
"../../../Engine/Content/Internationalization/icudt64l/region/nn_NO.res" 1760
"../../../Engine/Content/Internationalization/icudt64l/region/nn.res" 1761
"../../../Engine/Content/Internationalization/icudt64l/lang/nnh.res" 1762
"../../../Engine/Content/Internationalization/icudt64l/region/nnh.res" 1763
"../../../Engine/Content/Internationalization/icudt64l/lang/nus.res" 1764
"../../../Engine/Content/Internationalization/icudt64l/region/nus.res" 1765
"../../../Engine/Content/Internationalization/icudt64l/lang/nyn.res" 1766
"../../../Engine/Content/Internationalization/icudt64l/region/nyn.res" 1767
"../../../Engine/Content/Internationalization/icudt64l/lang/om.res" 1768
"../../../Engine/Content/Internationalization/icudt64l/region/om.res" 1769
"../../../Engine/Content/Internationalization/icudt64l/lang/or.res" 1770
"../../../Engine/Content/Internationalization/icudt64l/region/or.res" 1771
"../../../Engine/Content/Internationalization/icudt64l/lang/os.res" 1772
"../../../Engine/Content/Internationalization/icudt64l/region/os.res" 1773
"../../../Engine/Content/Internationalization/icudt64l/lang/pa.res" 1774
"../../../Engine/Content/Internationalization/icudt64l/lang/pa_Arab.res" 1775
"../../../Engine/Content/Internationalization/icudt64l/lang/pa_PK.res" 1776
"../../../Engine/Content/Internationalization/icudt64l/lang/pa_Arab_PK.res" 1777
"../../../Engine/Content/Internationalization/icudt64l/region/pa_PK.res" 1778
"../../../Engine/Content/Internationalization/icudt64l/region/pa_Arab_PK.res" 1779
"../../../Engine/Content/Internationalization/icudt64l/region/pa_Arab.res" 1780
"../../../Engine/Content/Internationalization/icudt64l/lang/pa_Guru.res" 1781
"../../../Engine/Content/Internationalization/icudt64l/lang/pa_IN.res" 1782
"../../../Engine/Content/Internationalization/icudt64l/lang/pa_Guru_IN.res" 1783
"../../../Engine/Content/Internationalization/icudt64l/region/pa_IN.res" 1784
"../../../Engine/Content/Internationalization/icudt64l/region/pa_Guru_IN.res" 1785
"../../../Engine/Content/Internationalization/icudt64l/region/pa_Guru.res" 1786
"../../../Engine/Content/Internationalization/icudt64l/region/pa.res" 1787
"../../../Engine/Content/Internationalization/icudt64l/lang/pl.res" 1788
"../../../Engine/Content/Internationalization/icudt64l/region/pl.res" 1789
"../../../Engine/Content/Internationalization/icudt64l/lang/ps.res" 1790
"../../../Engine/Content/Internationalization/icudt64l/region/ps.res" 1791
"../../../Engine/Content/Internationalization/icudt64l/lang/ps_PK.res" 1792
"../../../Engine/Content/Internationalization/icudt64l/region/ps_PK.res" 1793
"../../../Engine/Content/Internationalization/icudt64l/lang/pt.res" 1794
"../../../Engine/Content/Internationalization/icudt64l/lang/pt_AO.res" 1795
"../../../Engine/Content/Internationalization/icudt64l/lang/pt_PT.res" 1796
"../../../Engine/Content/Internationalization/icudt64l/region/pt_AO.res" 1797
"../../../Engine/Content/Internationalization/icudt64l/region/pt_PT.res" 1798
"../../../Engine/Content/Internationalization/icudt64l/region/pt.res" 1799
"../../../Engine/Content/Internationalization/icudt64l/lang/pt_CH.res" 1800
"../../../Engine/Content/Internationalization/icudt64l/region/pt_CH.res" 1801
"../../../Engine/Content/Internationalization/icudt64l/lang/pt_CV.res" 1802
"../../../Engine/Content/Internationalization/icudt64l/region/pt_CV.res" 1803
"../../../Engine/Content/Internationalization/icudt64l/lang/pt_GQ.res" 1804
"../../../Engine/Content/Internationalization/icudt64l/region/pt_GQ.res" 1805
"../../../Engine/Content/Internationalization/icudt64l/lang/pt_GW.res" 1806
"../../../Engine/Content/Internationalization/icudt64l/region/pt_GW.res" 1807
"../../../Engine/Content/Internationalization/icudt64l/lang/pt_LU.res" 1808
"../../../Engine/Content/Internationalization/icudt64l/region/pt_LU.res" 1809
"../../../Engine/Content/Internationalization/icudt64l/lang/pt_MO.res" 1810
"../../../Engine/Content/Internationalization/icudt64l/region/pt_MO.res" 1811
"../../../Engine/Content/Internationalization/icudt64l/lang/pt_MZ.res" 1812
"../../../Engine/Content/Internationalization/icudt64l/region/pt_MZ.res" 1813
"../../../Engine/Content/Internationalization/icudt64l/lang/pt_ST.res" 1814
"../../../Engine/Content/Internationalization/icudt64l/region/pt_ST.res" 1815
"../../../Engine/Content/Internationalization/icudt64l/lang/pt_TL.res" 1816
"../../../Engine/Content/Internationalization/icudt64l/region/pt_TL.res" 1817
"../../../Engine/Content/Internationalization/icudt64l/lang/qu.res" 1818
"../../../Engine/Content/Internationalization/icudt64l/region/qu.res" 1819
"../../../Engine/Content/Internationalization/icudt64l/lang/rm.res" 1820
"../../../Engine/Content/Internationalization/icudt64l/region/rm.res" 1821
"../../../Engine/Content/Internationalization/icudt64l/lang/rn.res" 1822
"../../../Engine/Content/Internationalization/icudt64l/region/rn.res" 1823
"../../../Engine/Content/Internationalization/icudt64l/lang/ro.res" 1824
"../../../Engine/Content/Internationalization/icudt64l/lang/ro_MD.res" 1825
"../../../Engine/Content/Internationalization/icudt64l/region/ro_MD.res" 1826
"../../../Engine/Content/Internationalization/icudt64l/region/ro.res" 1827
"../../../Engine/Content/Internationalization/icudt64l/lang/rof.res" 1828
"../../../Engine/Content/Internationalization/icudt64l/region/rof.res" 1829
"../../../Engine/Content/Internationalization/icudt64l/lang/ru.res" 1830
"../../../Engine/Content/Internationalization/icudt64l/region/ru.res" 1831
"../../../Engine/Content/Internationalization/icudt64l/region/ru_UA.res" 1832
"../../../Engine/Content/Internationalization/icudt64l/lang/rw.res" 1833
"../../../Engine/Content/Internationalization/icudt64l/region/rw.res" 1834
"../../../Engine/Content/Internationalization/icudt64l/lang/rwk.res" 1835
"../../../Engine/Content/Internationalization/icudt64l/region/rwk.res" 1836
"../../../Engine/Content/Internationalization/icudt64l/lang/sah.res" 1837
"../../../Engine/Content/Internationalization/icudt64l/region/sah.res" 1838
"../../../Engine/Content/Internationalization/icudt64l/lang/saq.res" 1839
"../../../Engine/Content/Internationalization/icudt64l/region/saq.res" 1840
"../../../Engine/Content/Internationalization/icudt64l/lang/sbp.res" 1841
"../../../Engine/Content/Internationalization/icudt64l/region/sbp.res" 1842
"../../../Engine/Content/Internationalization/icudt64l/lang/sd.res" 1843
"../../../Engine/Content/Internationalization/icudt64l/region/sd.res" 1844
"../../../Engine/Content/Internationalization/icudt64l/lang/se.res" 1845
"../../../Engine/Content/Internationalization/icudt64l/lang/se_FI.res" 1846
"../../../Engine/Content/Internationalization/icudt64l/region/se_FI.res" 1847
"../../../Engine/Content/Internationalization/icudt64l/region/se.res" 1848
"../../../Engine/Content/Internationalization/icudt64l/lang/seh.res" 1849
"../../../Engine/Content/Internationalization/icudt64l/region/seh.res" 1850
"../../../Engine/Content/Internationalization/icudt64l/lang/ses.res" 1851
"../../../Engine/Content/Internationalization/icudt64l/region/ses.res" 1852
"../../../Engine/Content/Internationalization/icudt64l/lang/sg.res" 1853
"../../../Engine/Content/Internationalization/icudt64l/region/sg.res" 1854
"../../../Engine/Content/Internationalization/icudt64l/lang/shi.res" 1855
"../../../Engine/Content/Internationalization/icudt64l/lang/shi_Latn.res" 1856
"../../../Engine/Content/Internationalization/icudt64l/lang/shi_MA.res" 1857
"../../../Engine/Content/Internationalization/icudt64l/lang/shi_Tfng_MA.res" 1858
"../../../Engine/Content/Internationalization/icudt64l/lang/shi_Tfng.res" 1859
"../../../Engine/Content/Internationalization/icudt64l/region/shi_MA.res" 1860
"../../../Engine/Content/Internationalization/icudt64l/region/shi_Tfng_MA.res" 1861
"../../../Engine/Content/Internationalization/icudt64l/region/shi_Tfng.res" 1862
"../../../Engine/Content/Internationalization/icudt64l/region/shi.res" 1863
"../../../Engine/Content/Internationalization/icudt64l/region/shi_Latn.res" 1864
"../../../Engine/Content/Internationalization/icudt64l/lang/si.res" 1865
"../../../Engine/Content/Internationalization/icudt64l/region/si.res" 1866
"../../../Engine/Content/Internationalization/icudt64l/lang/sk.res" 1867
"../../../Engine/Content/Internationalization/icudt64l/region/sk.res" 1868
"../../../Engine/Content/Internationalization/icudt64l/lang/sl.res" 1869
"../../../Engine/Content/Internationalization/icudt64l/region/sl.res" 1870
"../../../Engine/Content/Internationalization/icudt64l/lang/smn.res" 1871
"../../../Engine/Content/Internationalization/icudt64l/region/smn.res" 1872
"../../../Engine/Content/Internationalization/icudt64l/lang/sn.res" 1873
"../../../Engine/Content/Internationalization/icudt64l/region/sn.res" 1874
"../../../Engine/Content/Internationalization/icudt64l/lang/so.res" 1875
"../../../Engine/Content/Internationalization/icudt64l/region/so.res" 1876
"../../../Engine/Content/Internationalization/icudt64l/lang/sq.res" 1877
"../../../Engine/Content/Internationalization/icudt64l/region/sq.res" 1878
"../../../Engine/Content/Internationalization/icudt64l/lang/sr.res" 1879
"../../../Engine/Content/Internationalization/icudt64l/lang/sr_Cyrl.res" 1880
"../../../Engine/Content/Internationalization/icudt64l/lang/sr_BA.res" 1881
"../../../Engine/Content/Internationalization/icudt64l/lang/sr_Cyrl_BA.res" 1882
"../../../Engine/Content/Internationalization/icudt64l/region/sr_BA.res" 1883
"../../../Engine/Content/Internationalization/icudt64l/region/sr_Cyrl_BA.res" 1884
"../../../Engine/Content/Internationalization/icudt64l/region/sr_Cyrl.res" 1885
"../../../Engine/Content/Internationalization/icudt64l/region/sr.res" 1886
"../../../Engine/Content/Internationalization/icudt64l/lang/sr_ME.res" 1887
"../../../Engine/Content/Internationalization/icudt64l/lang/sr_Latn_ME.res" 1888
"../../../Engine/Content/Internationalization/icudt64l/lang/sr_Latn.res" 1889
"../../../Engine/Content/Internationalization/icudt64l/region/sr_ME.res" 1890
"../../../Engine/Content/Internationalization/icudt64l/region/sr_Latn_ME.res" 1891
"../../../Engine/Content/Internationalization/icudt64l/region/sr_Latn.res" 1892
"../../../Engine/Content/Internationalization/icudt64l/lang/sr_Cyrl_ME.res" 1893
"../../../Engine/Content/Internationalization/icudt64l/region/sr_Cyrl_ME.res" 1894
"../../../Engine/Content/Internationalization/icudt64l/lang/sr_RS.res" 1895
"../../../Engine/Content/Internationalization/icudt64l/lang/sr_Cyrl_RS.res" 1896
"../../../Engine/Content/Internationalization/icudt64l/region/sr_RS.res" 1897
"../../../Engine/Content/Internationalization/icudt64l/region/sr_Cyrl_RS.res" 1898
"../../../Engine/Content/Internationalization/icudt64l/lang/sr_XK.res" 1899
"../../../Engine/Content/Internationalization/icudt64l/lang/sr_Cyrl_XK.res" 1900
"../../../Engine/Content/Internationalization/icudt64l/region/sr_XK.res" 1901
"../../../Engine/Content/Internationalization/icudt64l/region/sr_Cyrl_XK.res" 1902
"../../../Engine/Content/Internationalization/icudt64l/lang/sr_Latn_BA.res" 1903
"../../../Engine/Content/Internationalization/icudt64l/region/sr_Latn_BA.res" 1904
"../../../Engine/Content/Internationalization/icudt64l/lang/sr_Latn_RS.res" 1905
"../../../Engine/Content/Internationalization/icudt64l/region/sr_Latn_RS.res" 1906
"../../../Engine/Content/Internationalization/icudt64l/lang/sr_Latn_XK.res" 1907
"../../../Engine/Content/Internationalization/icudt64l/region/sr_Latn_XK.res" 1908
"../../../Engine/Content/Internationalization/icudt64l/lang/sv.res" 1909
"../../../Engine/Content/Internationalization/icudt64l/region/sv.res" 1910
"../../../Engine/Content/Internationalization/icudt64l/lang/sv_FI.res" 1911
"../../../Engine/Content/Internationalization/icudt64l/lang/sw.res" 1912
"../../../Engine/Content/Internationalization/icudt64l/lang/sw_CD.res" 1913
"../../../Engine/Content/Internationalization/icudt64l/region/sw_CD.res" 1914
"../../../Engine/Content/Internationalization/icudt64l/region/sw.res" 1915
"../../../Engine/Content/Internationalization/icudt64l/lang/sw_KE.res" 1916
"../../../Engine/Content/Internationalization/icudt64l/region/sw_KE.res" 1917
"../../../Engine/Content/Internationalization/icudt64l/lang/ta.res" 1918
"../../../Engine/Content/Internationalization/icudt64l/region/ta.res" 1919
"../../../Engine/Content/Internationalization/icudt64l/lang/te.res" 1920
"../../../Engine/Content/Internationalization/icudt64l/region/te.res" 1921
"../../../Engine/Content/Internationalization/icudt64l/lang/teo.res" 1922
"../../../Engine/Content/Internationalization/icudt64l/region/teo.res" 1923
"../../../Engine/Content/Internationalization/icudt64l/lang/tg.res" 1924
"../../../Engine/Content/Internationalization/icudt64l/region/tg.res" 1925
"../../../Engine/Content/Internationalization/icudt64l/lang/th.res" 1926
"../../../Engine/Content/Internationalization/icudt64l/lang/th_TH.res" 1927
"../../../Engine/Content/Internationalization/icudt64l/region/th_TH.res" 1928
"../../../Engine/Content/Internationalization/icudt64l/region/th.res" 1929
"../../../Engine/Content/Internationalization/icudt64l/lang/ti.res" 1930
"../../../Engine/Content/Internationalization/icudt64l/region/ti.res" 1931
"../../../Engine/Content/Internationalization/icudt64l/lang/tk.res" 1932
"../../../Engine/Content/Internationalization/icudt64l/region/tk.res" 1933
"../../../Engine/Content/Internationalization/icudt64l/lang/to.res" 1934
"../../../Engine/Content/Internationalization/icudt64l/region/to.res" 1935
"../../../Engine/Content/Internationalization/icudt64l/lang/tr.res" 1936
"../../../Engine/Content/Internationalization/icudt64l/region/tr.res" 1937
"../../../Engine/Content/Internationalization/icudt64l/lang/tt.res" 1938
"../../../Engine/Content/Internationalization/icudt64l/region/tt.res" 1939
"../../../Engine/Content/Internationalization/icudt64l/lang/twq.res" 1940
"../../../Engine/Content/Internationalization/icudt64l/region/twq.res" 1941
"../../../Engine/Content/Internationalization/icudt64l/lang/tzm.res" 1942
"../../../Engine/Content/Internationalization/icudt64l/region/tzm.res" 1943
"../../../Engine/Content/Internationalization/icudt64l/lang/ug.res" 1944
"../../../Engine/Content/Internationalization/icudt64l/region/ug.res" 1945
"../../../Engine/Content/Internationalization/icudt64l/lang/uk.res" 1946
"../../../Engine/Content/Internationalization/icudt64l/region/uk.res" 1947
"../../../Engine/Content/Internationalization/icudt64l/lang/ur.res" 1948
"../../../Engine/Content/Internationalization/icudt64l/lang/ur_IN.res" 1949
"../../../Engine/Content/Internationalization/icudt64l/region/ur_IN.res" 1950
"../../../Engine/Content/Internationalization/icudt64l/region/ur.res" 1951
"../../../Engine/Content/Internationalization/icudt64l/lang/uz.res" 1952
"../../../Engine/Content/Internationalization/icudt64l/lang/uz_Arab.res" 1953
"../../../Engine/Content/Internationalization/icudt64l/lang/uz_AF.res" 1954
"../../../Engine/Content/Internationalization/icudt64l/lang/uz_Arab_AF.res" 1955
"../../../Engine/Content/Internationalization/icudt64l/region/uz_AF.res" 1956
"../../../Engine/Content/Internationalization/icudt64l/region/uz_Arab_AF.res" 1957
"../../../Engine/Content/Internationalization/icudt64l/region/uz_Arab.res" 1958
"../../../Engine/Content/Internationalization/icudt64l/lang/uz_Cyrl.res" 1959
"../../../Engine/Content/Internationalization/icudt64l/lang/uz_UZ.res" 1960
"../../../Engine/Content/Internationalization/icudt64l/lang/uz_Latn_UZ.res" 1961
"../../../Engine/Content/Internationalization/icudt64l/lang/uz_Latn.res" 1962
"../../../Engine/Content/Internationalization/icudt64l/region/uz_UZ.res" 1963
"../../../Engine/Content/Internationalization/icudt64l/region/uz_Latn_UZ.res" 1964
"../../../Engine/Content/Internationalization/icudt64l/region/uz_Latn.res" 1965
"../../../Engine/Content/Internationalization/icudt64l/region/uz.res" 1966
"../../../Engine/Content/Internationalization/icudt64l/region/uz_Cyrl.res" 1967
"../../../Engine/Content/Internationalization/icudt64l/lang/vai.res" 1968
"../../../Engine/Content/Internationalization/icudt64l/lang/vai_Latn.res" 1969
"../../../Engine/Content/Internationalization/icudt64l/lang/vai_LR.res" 1970
"../../../Engine/Content/Internationalization/icudt64l/lang/vai_Vaii_LR.res" 1971
"../../../Engine/Content/Internationalization/icudt64l/lang/vai_Vaii.res" 1972
"../../../Engine/Content/Internationalization/icudt64l/region/vai_LR.res" 1973
"../../../Engine/Content/Internationalization/icudt64l/region/vai_Vaii_LR.res" 1974
"../../../Engine/Content/Internationalization/icudt64l/region/vai_Vaii.res" 1975
"../../../Engine/Content/Internationalization/icudt64l/region/vai.res" 1976
"../../../Engine/Content/Internationalization/icudt64l/region/vai_Latn.res" 1977
"../../../Engine/Content/Internationalization/icudt64l/lang/vi.res" 1978
"../../../Engine/Content/Internationalization/icudt64l/region/vi.res" 1979
"../../../Engine/Content/Internationalization/icudt64l/lang/vun.res" 1980
"../../../Engine/Content/Internationalization/icudt64l/region/vun.res" 1981
"../../../Engine/Content/Internationalization/icudt64l/lang/wae.res" 1982
"../../../Engine/Content/Internationalization/icudt64l/region/wae.res" 1983
"../../../Engine/Content/Internationalization/icudt64l/lang/wo.res" 1984
"../../../Engine/Content/Internationalization/icudt64l/region/wo.res" 1985
"../../../Engine/Content/Internationalization/icudt64l/lang/xh.res" 1986
"../../../Engine/Content/Internationalization/icudt64l/region/xh.res" 1987
"../../../Engine/Content/Internationalization/icudt64l/lang/xog.res" 1988
"../../../Engine/Content/Internationalization/icudt64l/region/xog.res" 1989
"../../../Engine/Content/Internationalization/icudt64l/lang/yav.res" 1990
"../../../Engine/Content/Internationalization/icudt64l/region/yav.res" 1991
"../../../Engine/Content/Internationalization/icudt64l/lang/yi.res" 1992
"../../../Engine/Content/Internationalization/icudt64l/region/yi.res" 1993
"../../../Engine/Content/Internationalization/icudt64l/lang/yo.res" 1994
"../../../Engine/Content/Internationalization/icudt64l/lang/yo_BJ.res" 1995
"../../../Engine/Content/Internationalization/icudt64l/region/yo_BJ.res" 1996
"../../../Engine/Content/Internationalization/icudt64l/region/yo.res" 1997
"../../../Engine/Content/Internationalization/icudt64l/lang/yue.res" 1998
"../../../Engine/Content/Internationalization/icudt64l/lang/yue_Hans.res" 1999
"../../../Engine/Content/Internationalization/icudt64l/lang/yue_CN.res" 2000
"../../../Engine/Content/Internationalization/icudt64l/lang/yue_Hans_CN.res" 2001
"../../../Engine/Content/Internationalization/icudt64l/region/yue_CN.res" 2002
"../../../Engine/Content/Internationalization/icudt64l/region/yue_Hans_CN.res" 2003
"../../../Engine/Content/Internationalization/icudt64l/region/yue_Hans.res" 2004
"../../../Engine/Content/Internationalization/icudt64l/lang/yue_Hant.res" 2005
"../../../Engine/Content/Internationalization/icudt64l/lang/yue_HK.res" 2006
"../../../Engine/Content/Internationalization/icudt64l/lang/yue_Hant_HK.res" 2007
"../../../Engine/Content/Internationalization/icudt64l/region/yue_HK.res" 2008
"../../../Engine/Content/Internationalization/icudt64l/region/yue_Hant_HK.res" 2009
"../../../Engine/Content/Internationalization/icudt64l/region/yue_Hant.res" 2010
"../../../Engine/Content/Internationalization/icudt64l/region/yue.res" 2011
"../../../Engine/Content/Internationalization/icudt64l/lang/zgh.res" 2012
"../../../Engine/Content/Internationalization/icudt64l/region/zgh.res" 2013
"../../../Engine/Content/Internationalization/icudt64l/lang/zh.res" 2014
"../../../Engine/Content/Internationalization/icudt64l/lang/zh_Hans.res" 2015
"../../../Engine/Content/Internationalization/icudt64l/lang/zh_CN.res" 2016
"../../../Engine/Content/Internationalization/icudt64l/lang/zh_Hans_CN.res" 2017
"../../../Engine/Content/Internationalization/icudt64l/region/zh_CN.res" 2018
"../../../Engine/Content/Internationalization/icudt64l/region/zh_Hans_CN.res" 2019
"../../../Engine/Content/Internationalization/icudt64l/region/zh_Hans.res" 2020
"../../../Engine/Content/Internationalization/icudt64l/region/zh.res" 2021
"../../../Engine/Content/Internationalization/icudt64l/lang/zh_HK.res" 2022
"../../../Engine/Content/Internationalization/icudt64l/lang/zh_Hant_HK.res" 2023
"../../../Engine/Content/Internationalization/icudt64l/lang/zh_Hant.res" 2024
"../../../Engine/Content/Internationalization/icudt64l/region/zh_HK.res" 2025
"../../../Engine/Content/Internationalization/icudt64l/region/zh_Hant_HK.res" 2026
"../../../Engine/Content/Internationalization/icudt64l/region/zh_Hant.res" 2027
"../../../Engine/Content/Internationalization/icudt64l/lang/zh_MO.res" 2028
"../../../Engine/Content/Internationalization/icudt64l/lang/zh_Hant_MO.res" 2029
"../../../Engine/Content/Internationalization/icudt64l/region/zh_MO.res" 2030
"../../../Engine/Content/Internationalization/icudt64l/region/zh_Hant_MO.res" 2031
"../../../Engine/Content/Internationalization/icudt64l/lang/zh_SG.res" 2032
"../../../Engine/Content/Internationalization/icudt64l/lang/zh_Hans_SG.res" 2033
"../../../Engine/Content/Internationalization/icudt64l/region/zh_SG.res" 2034
"../../../Engine/Content/Internationalization/icudt64l/region/zh_Hans_SG.res" 2035
"../../../Engine/Content/Internationalization/icudt64l/lang/zh_TW.res" 2036
"../../../Engine/Content/Internationalization/icudt64l/lang/zh_Hant_TW.res" 2037
"../../../Engine/Content/Internationalization/icudt64l/region/zh_TW.res" 2038
"../../../Engine/Content/Internationalization/icudt64l/region/zh_Hant_TW.res" 2039
"../../../Engine/Content/Internationalization/icudt64l/lang/zu.res" 2040
"../../../Engine/Content/Internationalization/icudt64l/region/zu.res" 2041
"../../../Engine/Content/Internationalization/icudt64l/lang/no.res" 2042
"../../../Engine/Content/Internationalization/icudt64l/lang/tl.res" 2043
"../../../Engine/Config/Android/DataDrivenPlatformInfo.ini" 2044
"../../../Engine/Config/IOS/DataDrivenPlatformInfo.ini" 2045
"../../../Engine/Config/Linux/DataDrivenPlatformInfo.ini" 2046
"../../../Engine/Config/Mac/DataDrivenPlatformInfo.ini" 2047
"../../../Engine/Config/TVOS/DataDrivenPlatformInfo.ini" 2048
"../../../Engine/Config/Unix/DataDrivenPlatformInfo.ini" 2049
"../../../Engine/Config/VulkanPC/DataDrivenPlatformInfo.ini" 2050
"../../../Engine/Config/Windows/DataDrivenPlatformInfo.ini" 2051
"../../../Engine/Platforms/VisionOS/Config/DataDrivenPlatformInfo.ini" 2052
"../../../Engine/Content/Renderer/TessellationTable.bin" 2053
"../../../Engine/DerivedDataCache/Compressed.ddp" 2054
"C:/Users/rscroggin/AppData/Local/UnrealEngine/5.7/Saved/Zen/zen.version" 2055
"C:/Users/rscroggin/AppData/Local/UnrealEngine/Common/Zen/Install/zen.version" 2056
"C:/Users/rscroggin/AppData/Local/UnrealEngine/Common/Zen/Install/zenserver.runcontext" 2057
"C:/Users/rscroggin/AppData/Local/UnrealEngine/Common/DerivedDataCache/TestData/0/TestData_4kb.dat" 2058
"C:/Users/rscroggin/AppData/Local/UnrealEngine/Common/DerivedDataCache/TestData/1/TestData_4kb.dat" 2059
"C:/Users/rscroggin/AppData/Local/UnrealEngine/Common/DerivedDataCache/TestData/0/TestData_8kb.dat" 2060
"C:/Users/rscroggin/AppData/Local/UnrealEngine/Common/DerivedDataCache/TestData/1/TestData_8kb.dat" 2061
"C:/Users/rscroggin/AppData/Local/UnrealEngine/Common/DerivedDataCache/TestData/0/TestData_16kb.dat" 2062
"C:/Users/rscroggin/AppData/Local/UnrealEngine/Common/DerivedDataCache/TestData/1/TestData_16kb.dat" 2063
"C:/Users/rscroggin/AppData/Local/UnrealEngine/Common/DerivedDataCache/TestData/0/TestData_64kb.dat" 2064
"C:/Users/rscroggin/AppData/Local/UnrealEngine/Common/DerivedDataCache/TestData/1/TestData_64kb.dat" 2065
"C:/Users/rscroggin/AppData/Local/UnrealEngine/Common/DerivedDataCache/TestData/0/TestData_128kb.dat" 2066
"C:/Users/rscroggin/AppData/Local/UnrealEngine/Common/DerivedDataCache/TestData/1/TestData_128kb.dat" 2067
"C:/Users/rscroggin/AppData/Local/UnrealEngine/Common/DerivedDataCache/TestData/0/TestData_256kb.dat" 2068
"C:/Users/rscroggin/AppData/Local/UnrealEngine/Common/DerivedDataCache/TestData/1/TestData_256kb.dat" 2069
"C:/Users/rscroggin/AppData/Roaming/Unreal Engine/UnrealBuildTool/BuildConfiguration.xml" 2070
"../../../../../../Users/rscroggin/Documents/Unreal Projects/IGS2026/RogueFirefight/Intermediate/ShaderAutogen/PCD3D_SM6/AutogenShaderHeaders.ush" 2071
"../../../Engine/Shaders/Private/HairStrands/HairStrandsVertexFactory.ush" 2072
"../../../Engine/Shaders/Private/VertexFactoryCommon.ush" 2073
"../../../Engine/Shaders/Private/Common.ush" 2074
"../../../Engine/Shaders/Public/Platform.ush" 2075
"../../../Engine/Shaders/Public/FP16Math.ush" 2076
"../../../Engine/Shaders/Public/Platform/D3D/D3DCommon.ush" 2077
"../../../Engine/Shaders/Shared/HLSLReservedSpaces.h" 2078
"../../../Engine/Shaders/Public/BindlessResources.ush" 2079
"../../../Engine/Shaders/Public/Platform/D3D/PlatformBindlessResources.ush" 2080
"../../../Engine/Shaders/Shared/RayTracingBuiltInResources.h" 2081
"../../../Engine/Shaders/Shared/RayTracingDefinitions.h" 2082
"../../../Engine/Shaders/Shared/MaterialCacheDefinitions.h" 2083
"../../../Engine/Shaders/Shared/HLSLTypeAliases.h" 2084
"../../../Engine/Shaders/Public/IndirectVirtualTexture.ush" 2085
"../../../Engine/Shaders/Shared/IndirectVirtualTextureDefinitions.h" 2086
"../../../Engine/Shaders/Public/OverloadMacros.ush" 2087
"../../../Engine/Shaders/Public/ShaderVersion.ush" 2088
"../../../Engine/Shaders/Shared/ThirdParty/NVIDIA/nvHLSLExtns.h" 2089
"../../../Engine/Shaders/Shared/ThirdParty/NVIDIA/nvHLSLExtnsInternal.h" 2090
"../../../Engine/Shaders/Shared/ThirdParty/NVIDIA/nvShaderExtnEnums.h" 2091
"../../../Engine/Shaders/Private/PackUnpack.ush" 2092
"../../../Engine/Shaders/Private/GeneratedUniformBufferTypes.ush" 2093
"../../../Engine/Shaders/Private/Nanite/NanitePackedNaniteView.ush" 2094
"../../../Engine/Shaders/Private/HairStrands/HairStrandsVisibilityCommonStruct.ush" 2095
"../../../Engine/Shaders/Private/HairStrands/HairStrandsVoxelPageCommonStruct.ush" 2096
"../../../Engine/Shaders/Private/HairStrands/HairStrandsDeepShadowCommonStruct.ush" 2097
"../../../Engine/Shaders/Shared/LightSceneData.h" 2098
"../../../Engine/Shaders/Private/LargeWorldCoordinates.ush" 2099
"../../../Engine/Shaders/Private/DoubleFloat.ush" 2100
"../../../Engine/Shaders/Private/RandomPCG.ush" 2101
"../../../Engine/Shaders/Private/DoubleFloatOperations.ush" 2102
"../../../Engine/Shaders/Private/DoubleFloatVectorDefinition.ush" 2103
"../../../Engine/Shaders/Private/LWCOperations.ush" 2104
"../../../Engine/Shaders/Shared/LightViewData.h" 2105
"../../../Engine/Shaders/Shared/RayTracingTypes.h" 2106
"../../../Engine/Shaders/Shared/HLSLStaticAssert.h" 2107
"../../../Engine/Shaders/Private/CommonViewUniformBuffer.ush" 2108
"../../../Engine/Shaders/Private/InstancedStereo.ush" 2109
"../../../Engine/Shaders/Private/Definitions.usf" 2110
"../../../Engine/Shaders/Private/AssertionMacros.ush" 2111
"../../../Engine/Shaders/Private/FastMath.ush" 2112
"../../../Engine/Shaders/Private/FastMathThirdParty.ush" 2113
"../../../Engine/Shaders/Private/Random.ush" 2114
"../../../Engine/Shaders/Private/RandomInterleavedGradientNoise.ush" 2115
"../../../Engine/Shaders/Private/SceneData.ush" 2116
"../../../Engine/Shaders/Private/OctahedralCommon.ush" 2117
"../../../Engine/Shaders/Private/WaveOpUtil.ush" 2118
"../../../Engine/Shaders/Private/ByteBuffer.ush" 2119
"../../../Engine/Shaders/Shared/SceneDefinitions.h" 2120
"../../../Engine/Shaders/Private/SceneDataMobileLoader.ush" 2121
"../../../Engine/Shaders/Private/LocalVertexFactoryCommon.ush" 2122
"../../../Engine/Shaders/Private/HairStrands/HairStrandsVisibilityCommon.ush" 2123
"../../../Engine/Shaders/Shared/HairStrandsDefinitions.h" 2124
"../../../Engine/Shaders/Private/HairStrands/HairStrandsVertexFactoryCommon.ush" 2125
"../../../Engine/Shaders/Private/HairStrands/HairStrandsPack.ush" 2126
"../../../Engine/Shaders/Private/HairStrands/HairStrandsAttributeCommon.ush" 2127
"../../../Engine/Shaders/Private/HairStrands/HairStrandsAttributeTemplate.ush" 2128
"../../../Engine/Shaders/Private/VertexFactoryDefaultInterface.ush" 2129
"../../../Engine/Shaders/Private/HairStrands/HairCardsVertexFactory.ush" 2130
"../../../Engine/Shaders/Private/HairStrands/HairCardsAttributeCommon.ush" 2131
"../../../Engine/Shaders/Private/RayTracing/RayTracingCommon.ush" 2132
"../../../Engine/Shaders/Private/ShadingCommon.ush" 2133
"../../../Engine/Shaders/Shared/RayTracingPayloadType.h" 2134
"../../../Engine/Shaders/Private/RayTracing/RayTracingRayCone.ush" 2135
"../../../Engine/Shaders/Private/Substrate/Substrate.ush" 2136
"../../../Engine/Shaders/Private/ShadingEnergyConservation.ush" 2137
"../../../Engine/Shaders/Private/ShadingEnergyConservationTemplate.ush" 2138
"../../../Engine/Shaders/Private/BRDF.ush" 2139
"../../../Engine/Shaders/Private/ColorSpace.ush" 2140
"../../../Engine/Shaders/Private/DeferredShadingCommon.ush" 2141
"../../../Engine/Shaders/Private/LightAccumulator.ush" 2142
"../../../Engine/Shaders/Private/SceneTexturesCommon.ush" 2143
"../../../Engine/Shaders/Private/MonteCarlo.ush" 2144
"../../../Engine/Shaders/Private/GBufferHelpers.ush" 2145
"../../../Engine/Shaders/Private/SceneTextureParameters.ush" 2146
"C:/Users/rscroggin/Documents/Unreal Projects/IGS2026/RogueFirefight/Intermediate/ShaderAutogen/PCD3D_SM6/AutogenShaderHeaders.ush" 2147
"../../../Engine/Shaders/Private/ParticipatingMediaCommon.ush" 2148
"../../../Engine/Shaders/Private/ThinFilmBSDF.ush" 2149
"../../../Engine/Shaders/Private/MortonCode.ush" 2150
"../../../Engine/Shaders/Private/SubsurfaceProfileCommon.ush" 2151
"../../../Engine/Shaders/Private/BurleyNormalizedSSSCommon.ush" 2152
"../../../Engine/Shaders/Private/GammaCorrectionCommon.ush" 2153
"../../../Engine/Shaders/Shared/SubstrateDefinitions.h" 2154
"../../../Engine/Shaders/Private/Substrate/SubstrateStatisticalOperators.ush" 2155
"../../../Engine/Shaders/Private/Substrate/SubstrateSubsurface.ush" 2156
"../../../Engine/Shaders/Private/TransmissionCommon.ush" 2157
"../../../Engine/Shaders/Private/Substrate/SubstrateExportCommon.ush" 2158
"../../../Engine/Shaders/Private/SpecularProfileCommon.ush" 2159
"../../../Engine/Shaders/Private/RayTracing/RayTracingCommonMetal.ush" 2160
"../../../Engine/Shaders/Private/PositionReconstructionCommon.ush" 2161
"../../../Engine/Shaders/Private/RayTracing/TraceRayInline.ush" 2162
"../../../Engine/Shaders/Private/RayTracing/TraceRayInlineCommon.ush" 2163
"../../../Engine/Shaders/Private/RayTracing/TraceRayInlineVulkan.ush" 2164
"../../../Engine/Shaders/Private/RayTracing/TraceRayInlineMetal.ush" 2165
"../../../Engine/Shaders/Private/RayTracing/RayTracingHitGroupCommon.ush" 2166
"../../../Engine/Shaders/Private/Nanite/NaniteRayTrace.ush" 2167
"../../../Engine/Shaders/Private/Nanite/NaniteDataDecode.ush" 2168
"../../../Engine/Shaders/Private/BitPacking.ush" 2169
"../../../Engine/Shaders/Private/BitStreamReaderImplementation.ush" 2170
"../../../Engine/Shaders/Private/BoneTransform.ush" 2171
"../../../Engine/Shaders/Private/Quaternion.ush" 2172
"../../../Engine/Shaders/Private/Skinning/SkinningDataDecode.ush" 2173
"../../../Engine/Shaders/Private/GpuSkinCommon.ush" 2174
"../../../Engine/Shaders/Shared/SkinningDefinitions.h" 2175
"../../../Engine/Shaders/Shared/NaniteDefinitions.h" 2176
"../../../Engine/Shaders/Private/Nanite/NaniteAttributeDecode.ush" 2177
"../../../Engine/Shaders/Private/Barycentrics.ush" 2178
"../../../Engine/Shaders/Private/DualNumber.ush" 2179
"../../../Engine/Shaders/Shared/ThirdParty/RayTriangleIntersection.h" 2180
"../../../Engine/Shaders/Private/Nanite/NaniteVertexFetch.ush" 2181
"../../../Engine/Shaders/Private/ViewData.ush" 2182
"../../../Engine/Shaders/Shared/ViewDefinitions.h" 2183
"../../../Engine/Shaders/Private/Nanite/NaniteSceneCommon.ush" 2184
"../../../Engine/Shaders/Private/RayTracing/TraceRayInlineD3D12.ush" 2185
"../../../Engine/Plugins/Experimental/Water/Shaders/Private/WaterMeshVertexFactory.ush" 2186
"../../../Engine/Plugins/FX/Niagara/Shaders/Private/NiagaraSpriteVertexFactory.ush" 2187
"../../../Engine/Shaders/Private/ParticleVertexFactoryCommon.ush" 2188
"../../../Engine/Plugins/FX/Niagara/Shaders/Private/NiagaraVFCommon.usf" 2189
"../../../Engine/Plugins/FX/Niagara/Shaders/Private/NiagaraVFParticleAccess.usf" 2190
"../../../Engine/Plugins/FX/Niagara/Shaders/Private/NiagaraParticleAccess.ush" 2191
"../../../Engine/Plugins/FX/Niagara/Shaders/Private/NiagaraRibbonVertexFactory.ush" 2192
"../../../Engine/Plugins/FX/Niagara/Shaders/Private/NiagaraMeshVertexFactory.ush" 2193
"../../../Engine/Plugins/FX/Niagara/Shaders/Private/NiagaraCommon.ush" 2194
"../../../Engine/Plugins/FX/Niagara/Shaders/Private/NiagaraMeshParticleUtils.ush" 2195
"../../../Engine/Shaders/Private/VectorFieldVisualizationVertexFactory.ush" 2196
"../../../Engine/Shaders/Private/Nanite/NaniteVertexFactory.ush" 2197
"../../../Engine/Shaders/Private/LightmapData.ush" 2198
"../../../Engine/Shaders/Private/SplineMeshCommon.ush" 2199
"../../../Engine/Shaders/Shared/SplineMeshShaderParams.h" 2200
"../../../Engine/Shaders/Private/ShaderPrint.ush" 2201
"../../../Engine/Shaders/Private/ShaderPrintCommon.ush" 2202
"../../../Engine/Shaders/Private/MiniFontCommon.ush" 2203
"../../../Engine/Shaders/Private/SGGX.ush" 2204
"../../../Engine/Shaders/Private/MaterialCache/MaterialCacheCommon.ush" 2205
"../../../Engine/Shaders/Private/Nanite/NaniteVertexDeformation.ush" 2206
"../../../Engine/Shaders/Private/Matrices.ush" 2207
"../../../Engine/Shaders/Private/ParticleSpriteVertexFactory.ush" 2208
"../../../Engine/Shaders/Private/ParticleGPUSpriteVertexFactory.ush" 2209
"../../../Engine/Shaders/Private/ParticleSimulationCommon.ush" 2210
"../../../Engine/Shaders/Private/ParticleBeamTrailVertexFactory.ush" 2211
"../../../Engine/Shaders/Private/MeshParticleVertexFactory.ush" 2212
"../../../Engine/Shaders/Private/LocalVertexFactory.ush" 2213
"../../../Engine/Shaders/Private/GpuSkinVertexFactory.ush" 2214
"../../../Engine/Shaders/Private/GeometryCollectionVertexFactory.ush" 2215
"../../../Engine/Shaders/Private/GeometryCacheVertexFactory.ush" 2216
"../../../Engine/Shaders/Private/LandscapeVertexFactory.ush" 2217
"../../../Engine/Plugins/FX/NiagaraNanite/Shaders/NiagaraNaniteGPUScene.usf" 2218
"../../../Engine/Shaders/Private/ComputeShaderUtils.ush" 2219
"../../../Engine/Shaders/Private/GPUScene/GPUSceneWriter.ush" 2220
"../../../Engine/Plugins/FX/Niagara/Shaders/Private/NiagaraQuaternionUtils.ush" 2221
"../../../Engine/Plugins/FX/Niagara/Shaders/Private/NiagaraTransformUtils.ush" 2222
"../../../Engine/Plugins/Compositing/CompositeCore/Shaders/Private/CompositeCoreMerge.usf" 2223
"../../../Engine/Shaders/Private/ScreenPass.ush" 2224
"../../../Engine/Shaders/Private/LensDistortion.ush" 2225
"../../../Engine/Plugins/Compositing/CompositeCore/Shaders/Private/CompositeCoreBlending.ush" 2226
"../../../Engine/Plugins/Compositing/CompositeCore/Shaders/Private/CompositeCoreDisplayTransform.usf" 2227
"../../../Engine/Plugins/Compositing/CompositeCore/Shaders/Private/CompositeCoreDilate.usf" 2228
"../../../Engine/Plugins/NNE/NNEDenoiser/Shaders/NNEDenoiserShadersTransferFunctionOidn.usf" 2229
"../../../Engine/Plugins/NNE/NNEDenoiser/Shaders/NNEDenoiserShadersMappedCopy.usf" 2230
"../../../Engine/Plugins/NNE/NNEDenoiser/Shaders/NNEDenoiserShadersDefaultIOProcess.usf" 2231
"../../../Engine/Plugins/NNE/NNEDenoiser/Shaders/NNEDenoiserShadersAutoExposureReduceFinal.usf" 2232
"../../../Engine/Plugins/NNE/NNEDenoiser/Shaders/NNEDenoiserShadersAutoExposureReduce.usf" 2233
"../../../Engine/Plugins/NNE/NNEDenoiser/Shaders/NNEDenoiserShadersAutoExposureDownsample.usf" 2234
"../../../Engine/Plugins/Enterprise/GLTFExporter/Shaders/Private/SimpleTexture2DPS.usf" 2235
"../../../Engine/Shaders/Private/SimpleElementNormalMapPixelShader.usf" 2236
"../../../Engine/Plugins/Runtime/HairStrands/Shaders/Private/NiagaraCopyVelocityGrid.usf" 2237
"../../../Engine/Plugins/Runtime/HairStrands/Shaders/Private/NiagaraClearVelocityGrid.usf" 2238
"../../../Engine/Plugins/Runtime/HairStrands/Shaders/Private/NiagaraClearPressureGrid.usf" 2239
"../../../Engine/Plugins/Runtime/HairStrands/Shaders/Private/NiagaraInterpolateGroomGuides.usf" 2240
"../../../Engine/Plugins/Runtime/HairStrands/Shaders/Private/NiagaraGroomInterpolationUtils.ush" 2241
"../../../Engine/Shaders/Private/HairStrands/HairStrandsMesh.usf" 2242
"../../../Engine/Shaders/Private/HairStrands/HairStrandsBindingCommon.ush" 2243
"../../../Engine/Shaders/Private/HairStrands/HairStrandsFollicleMask.usf" 2244
"../../../Engine/Shaders/Private/HairStrands/HairStrandsSkinUpdate.usf" 2245
"../../../Engine/Shaders/Private/HairStrands/HairStrandsClusterCulling.usf" 2246
"../../../Engine/Shaders/Private/ColorMap.ush" 2247
"../../../Engine/Shaders/Private/HairStrands/HairStrandsAABBCommon.ush" 2248
"../../../Engine/Shaders/Private/HairStrands/HairStrandsClusterCommon.ush" 2249
"../../../Engine/Shaders/Private/ThreadGroupPrefixSum.ush" 2250
"../../../Engine/Shaders/Private/HairStrands/HairStrandsRaytracingGeometry.usf" 2251
"../../../Engine/Shaders/Private/HairStrands/HairStrandsTangent.usf" 2252
"../../../Engine/Shaders/Private/HairStrands/HairCardsDeformation.usf" 2253
"../../../Engine/Shaders/Private/HairStrands/HairStrandsInterpolation.usf" 2254
"../../../Engine/Shaders/Private/HairStrands/HairStrandsGuideDeform.usf" 2255
"../../../Engine/Shaders/Private/HairStrands/HairStrandsTexturesGeneration.usf" 2256
"../../../Engine/Shaders/Private/HairStrands/HairCardsTextureCommon.ush" 2257
"../../../Engine/Shaders/Private/HairStrands/HairStrandsTranscode.usf" 2258
"../../../Engine/Shaders/Private/HairStrands/HairStrandsDebug.usf" 2259
"../../../Engine/Shaders/Private/HairShadingCommon.ush" 2260
"../../../Engine/Shaders/Private/PostProcessCommon.ush" 2261
"../../../Engine/Shaders/Private/ShadingModels.ush" 2262
"../../../Engine/Shaders/Private/CapsuleLight.ush" 2263
"../../../Engine/Shaders/Private/RectLight.ush" 2264
"../../../Engine/Shaders/Private/LightData.ush" 2265
"../../../Engine/Shaders/Shared/LightDefinitions.h" 2266
"../../../Engine/Shaders/Private/AreaLightCommon.ush" 2267
"../../../Engine/Shaders/Private/HairBsdf.ush" 2268
"../../../Engine/Shaders/Private/PathTracing/Utilities/PathTracingRandomSequence.ush" 2269
"../../../Engine/Shaders/Private/MobileGGX.ush" 2270
"../../../Engine/Shaders/Private/HairStrands/HairStrandsCommon.ush" 2271
"../../../Engine/Shaders/Private/HairStrands/HairStrandsEnvironmentLightingCommon.ush" 2272
"../../../Engine/Shaders/Private/HairStrands/HairStrandsDeepTransmittanceCommon.ush" 2273
"../../../Engine/Shaders/Private/HairStrands/HairStrandsDeepTransmittanceDualScattering.ush" 2274
"../../../Engine/Shaders/Private/HairStrands/HairStrandsDeepShadowCommon.ush" 2275
"../../../Engine/Shaders/Private/HairStrands/HairStrandsDebugCommonStruct.ush" 2276
"../../../Engine/Plugins/Experimental/Water/Shaders/Private/WaterQuadTreeDraws.usf" 2277
"../../../Engine/Plugins/Experimental/Water/Shaders/Private/WaterQuadTreeCommon.ush" 2278
"../../../Engine/Shaders/Private/Nanite/NaniteHZBCull.ush" 2279
"../../../Engine/Shaders/Private/HZB.ush" 2280
"../../../Engine/Plugins/Experimental/Water/Shaders/Private/WaterQuadTreeBuild.usf" 2281
"../../../Engine/Plugins/Experimental/Water/Shaders/Private/WaterQuadTreeMerge.usf" 2282
"../../../Engine/Plugins/Experimental/Water/Shaders/Private/WaterQuadTreePixelShader.usf" 2283
"../../../Engine/Plugins/Experimental/Water/Shaders/Private/WaterQuadTreeVertexShader.usf" 2284
"../../../Engine/Plugins/Experimental/Water/Shaders/Private/WaterInfoFinalize.usf" 2285
"../../../Engine/Plugins/Experimental/Water/Shaders/Private/WaterInfoMerge.usf" 2286
"../../../Engine/Plugins/FX/Niagara/Shaders/Private/NiagaraVertexFactoryExport.usf" 2287
"../../../Engine/Shaders/Private/MaterialTemplate.ush" 2288
"../../../Engine/Shaders/Private/WorldSpaceMath.ush" 2289
"../../../Engine/Shaders/Private/EyeAdaptationCommon.ush" 2290
"../../../Engine/Shaders/Private/SobolRandom.ush" 2291
"../../../Engine/Shaders/Private/DepthOfFieldCommon.ush" 2292
"../../../Engine/Shaders/Private/CircleDOFCommon.ush" 2293
"../../../Engine/Shaders/Private/DistanceField/GlobalDistanceFieldShared.ush" 2294
"../../../Engine/Shaders/Private/PhysicsFieldSampler.ush" 2295
"../../../Engine/Shaders/Private/PhysicsFieldShared.ush" 2296
"../../../Engine/Shaders/Private/SparseVolumeTexture/SparseVolumeTextureCommon.ush" 2297
"../../../Engine/Shaders/Shared/EnvironmentComponentsFlags.h" 2298
"../../../Engine/Shaders/Private/MeshPaintTextureCommon.ush" 2299
"../../../Engine/Shaders/Private/VirtualTextureMaterial.ush" 2300
"../../../Engine/Shaders/Private/MaterialCache/MaterialCacheMaterialCommon.ush" 2301
"../../../Engine/Shaders/Private/Quantization.ush" 2302
"../../../Engine/Shaders/Private/SpeedTreeCommon.ush" 2303
"../../../Engine/Shaders/Private/VirtualTextureCommon.ush" 2304
"../../../Engine/Shaders/Public/IndirectVirtualTextureCommon.ush" 2305
"../../../Engine/Shaders/Private/MaterialTexture.ush" 2306
"../../../Engine/Shaders/Private/MinMaterialTexCoords.ush" 2307
"../../../Engine/Shaders/Private/SkyAtmosphereCommon.ush" 2308
"../../../Engine/Shaders/Private/SingleLayerWaterCommon.ush" 2309
"../../../Engine/Shaders/Private/TextureSampling.ush" 2310
"../../../Engine/Shaders/Private/PaniniProjection.ush" 2311
"../../../Engine/Shaders/Private/DBufferNormalReprojection.ush" 2312
"../../../Engine/Shaders/Public/SubstratePublic.ush" 2313
"../../../Engine/Shaders/Private/Substrate/SubstrateRead.ush" 2314
"../../../Engine/Shaders/Private/Substrate/SubstrateTree.ush" 2315
"../../../Engine/Shaders/Private/Substrate/SubstrateEvaluation.ush" 2316
"../../../Engine/Shaders/Private/Substrate/Glint/GlintThirdParty.ush" 2317
"../../../Engine/Shaders/Private/BlueNoise.ush" 2318
"../../../Engine/Shaders/Private/SHCommon.ush" 2319
"../../../Engine/Shaders/Private/ShadingModelsSampling.ush" 2320
"../../../Engine/Shaders/Private/HairStrands/HairBsdfSample.ush" 2321
"../../../Engine/Shaders/Private/Substrate/SubstrateLegacyConversion.ush" 2322
"../../../Engine/Shaders/Private/DBufferDecalShared.ush" 2323
"../../../Engine/Plugins/FX/Niagara/Shaders/Private/NiagaraSortKeyGen.usf" 2324
"../../../Engine/Plugins/FX/Niagara/Shaders/Private/NiagaraGPURayTracingTransforms.usf" 2325
"../../../Engine/Plugins/FX/Niagara/Shaders/Private/NiagaraDrawIndirectArgsGen.usf" 2326
"../../../Engine/Plugins/FX/Niagara/Shaders/Private/NiagaraDispatchIndirectArgsGen.usf" 2327
"../../../Engine/Plugins/FX/Niagara/Shaders/Private/Stateless/NiagaraStatelessSimulationDefault.usf" 2328
"../../../Engine/Plugins/FX/Niagara/Shaders/Private/Stateless/NiagaraStatelessCommon.ush" 2329
"../../../Engine/Plugins/FX/Niagara/Shaders/Shared/NiagaraStatelessDefinitions.h" 2330
"../../../Engine/Plugins/FX/Niagara/Shaders/Shared/NiagaraStatelessBuiltDistribution.h" 2331
"../../../Engine/Plugins/FX/Niagara/Shaders/Private/Stateless/NiagaraStatelessDistribution.ush" 2332
"../../../Engine/Plugins/FX/Niagara/Shaders/Private/Stateless/Template/GenerateCS_PreModules.ush" 2333
"../../../Engine/Plugins/FX/Niagara/Shaders/Private/Stateless/Modules/NiagaraStatelessModule_CalculateAccurateVelocity.ush" 2334
"../../../Engine/Plugins/FX/Niagara/Shaders/Private/Stateless/Modules/NiagaraStatelessModule_CameraOffset.ush" 2335
"../../../Engine/Plugins/FX/Niagara/Shaders/Private/Stateless/Modules/NiagaraStatelessModule_DynamicMaterialParameters.ush" 2336
"../../../Engine/Plugins/FX/Niagara/Shaders/Private/Stateless/Modules/NiagaraStatelessModule_InitializeParticle.ush" 2337
"../../../Engine/Plugins/FX/Niagara/Shaders/Private/Stateless/Modules/NiagaraStatelessModule_InitialMeshOrientation.ush" 2338
"../../../Engine/Plugins/FX/Niagara/Shaders/Private/Stateless/Modules/NiagaraStatelessModule_MeshIndex.ush" 2339
"../../../Engine/Plugins/FX/Niagara/Shaders/Private/Stateless/Modules/NiagaraStatelessModule_MeshRotationRate.ush" 2340
"../../../Engine/Plugins/FX/Niagara/Shaders/Private/Stateless/Modules/NiagaraStatelessModule_RotateAroundPoint.ush" 2341
"../../../Engine/Plugins/FX/Niagara/Shaders/Private/Stateless/Modules/NiagaraStatelessModule_ShapeLocation.ush" 2342
"../../../Engine/Plugins/FX/Niagara/Shaders/Private/Stateless/Modules/NiagaraStatelessModule_ScaleColor.ush" 2343
"../../../Engine/Plugins/FX/Niagara/Shaders/Private/Stateless/Modules/NiagaraStatelessModule_ScaleRibbonWidth.ush" 2344
"../../../Engine/Plugins/FX/Niagara/Shaders/Private/Stateless/Modules/NiagaraStatelessModule_ScaleSpriteSize.ush" 2345
"../../../Engine/Plugins/FX/Niagara/Shaders/Private/Stateless/Modules/NiagaraStatelessModule_ScaleSpriteSizeBySpeed.ush" 2346
"../../../Engine/Plugins/FX/Niagara/Shaders/Private/Stateless/Modules/NiagaraStatelessModule_ScaleMeshSize.ush" 2347
"../../../Engine/Plugins/FX/Niagara/Shaders/Private/Stateless/Modules/NiagaraStatelessModule_ScaleMeshSizebySpeed.ush" 2348
"../../../Engine/Plugins/FX/Niagara/Shaders/Private/Stateless/Modules/NiagaraStatelessModule_SolveVelocitiesAndForces.ush" 2349
"../../../Engine/Plugins/FX/Niagara/Shaders/Private/Stateless/Modules/NiagaraStatelessModule_SpriteFacingAndAlignment.ush" 2350
"../../../Engine/Plugins/FX/Niagara/Shaders/Private/Stateless/Modules/NiagaraStatelessModule_SpriteRotationRate.ush" 2351
"../../../Engine/Plugins/FX/Niagara/Shaders/Private/Stateless/Modules/NiagaraStatelessModule_SubUVAnimation.ush" 2352
"../../../Engine/Plugins/FX/Niagara/Shaders/Private/Stateless/Template/GenerateCS_PostModules.ush" 2353
"../../../Engine/Plugins/FX/Niagara/Shaders/Private/NiagaraBlendSVTsToDenseBuffer.usf" 2354
"../../../Engine/Plugins/FX/Niagara/Shaders/Private/NiagaraSVTToDenseBuffer.usf" 2355
"../../../Engine/Plugins/FX/Niagara/Shaders/Private/NiagaraFillIntBuffer.usf" 2356
"../../../Engine/Plugins/FX/Niagara/Shaders/Private/NiagaraComputeFreeIDs.usf" 2357
"../../../Engine/Plugins/FX/Niagara/Shaders/Private/NiagaraInitFreeIDBuffer.usf" 2358
"../../../Engine/Plugins/FX/Niagara/Shaders/Private/NiagaraEmitterInstanceShader.usf" 2359
"../../../Engine/Plugins/FX/Niagara/Shaders/Private/NiagaraShaderVersion.ush" 2360
"../../../Engine/Plugins/FX/Niagara/Shaders/Private/NiagaraPhysicsCommon.ush" 2361
"../../../Engine/Plugins/FX/Niagara/Shaders/Private/Ribbons/NiagaraRibbonAggregationApply.usf" 2362
"../../../Engine/Plugins/FX/Niagara/Shaders/Private/Ribbons/NiagaraRibbonCommon.ush" 2363
"../../../Engine/Plugins/FX/Niagara/Shaders/Shared/NiagaraRibbonShared.h" 2364
"../../../Engine/Plugins/FX/Niagara/Shaders/Private/Ribbons/NiagaraRibbonAggregationStep.usf" 2365
"../../../Engine/Plugins/FX/Niagara/Shaders/Private/Ribbons/NiagaraRibbonGenerateIndices.usf" 2366
"../../../Engine/Plugins/FX/Niagara/Shaders/Private/Ribbons/NiagaraRibbonInitializeIndices.usf" 2367
"../../../Engine/Plugins/FX/Niagara/Shaders/Private/Ribbons/NiagaraRibbonRibbonUVParamCalculation.usf" 2368
"../../../Engine/Plugins/FX/Niagara/Shaders/Private/Ribbons/NiagaraRibbonVertexReductionFinalization.usf" 2369
"../../../Engine/Plugins/FX/Niagara/Shaders/Private/Ribbons/NiagaraRibbonVertexReductionInitialization.usf" 2370
"../../../Engine/Plugins/FX/Niagara/Shaders/Private/Ribbons/NiagaraRibbonSortParticles.usf" 2371
"../../../Engine/Plugins/FX/Niagara/Shaders/Private/NiagaraLWCHelper.usf" 2372
"../../../Engine/Plugins/FX/Niagara/Shaders/Private/NiagaraUpdateMeshGPUSceneInstances.usf" 2373
"../../../Engine/Plugins/FX/Niagara/Shaders/Private/NiagaraGenerateMips.usf" 2374
"../../../Engine/Plugins/FX/Niagara/Shaders/Private/NiagaraDebugDraw.usf" 2375
"../../../Engine/Plugins/FX/Niagara/Shaders/Private/NiagaraDebugDraw.ush" 2376
"../../../Engine/Plugins/FX/Niagara/Shaders/Private/NiagaraVisualizeTexture.usf" 2377
"../../../Engine/Plugins/FX/Niagara/Shaders/Private/NiagaraClearCounts.usf" 2378
"../../../Engine/Plugins/FX/Niagara/Shaders/Private/NiagaraBatchedElements.usf" 2379
"../../../Engine/Plugins/FX/Niagara/Shaders/Private/NiagaraRayTracingShaders.usf" 2380
"../../../Engine/Plugins/FX/Niagara/Shaders/Private/NiagaraAsyncGpuTraceCommon.ush" 2381
"../../../Engine/Shaders/Private/HashTable.ush" 2382
"../../../Engine/Shaders/Private/Hash.ush" 2383
"../../../Engine/Shaders/Private/RayTracing/VFXTraceRay.ush" 2384
"../../../Engine/Plugins/FX/Niagara/Shaders/Private/NiagaraRayMarchingShaders.usf" 2385
"../../../Engine/Plugins/FX/Niagara/Shaders/Private/NiagaraRayTraceCollisionGroupShaders.usf" 2386
"../../../Engine/Plugins/FX/Niagara/Shaders/Private/NiagaraAsyncGpuTraceUtils.usf" 2387
"../../../Engine/Plugins/Experimental/NFORDenoise/Shaders/NFORDenoise.usf" 2388
"../../../Engine/Plugins/Experimental/NFORDenoise/Shaders/NFORRegressionCommon.ush" 2389
"../../../Engine/Plugins/Experimental/NFORDenoise/Shaders/NFORRegression.ush" 2390
"../../../Engine/Plugins/Experimental/DynamicWind/Shaders/DynamicWindEval.usf" 2391
"../../../Engine/Plugins/Experimental/DynamicWind/Shaders/Shared/DynamicWindCommon.ush" 2392
"../../../Engine/Plugins/Media/WmfMedia/Shaders/Private/MediaHardwareVideoDecoding.usf" 2393
"../../../Engine/Shaders/Private/ColorUtils.ush" 2394
"../../../Engine/Plugins/Media/ImgMedia/Shaders/Private/ExrSwizzler.usf" 2395
"../../../Engine/Plugins/Runtime/ComputeFramework/Shaders/Private/ComputeKernel.usf" 2396
"../../../Engine/Plugins/Runtime/ComputeFramework/Shaders/Private/ComputeKernelCommon.ush" 2397
"../../../Engine/Plugins/PCG/Shaders/Private/PCGTextureReadback.usf" 2398
"../../../Engine/Plugins/PCG/Shaders/Private/PCGSceneWriter.usf" 2399
"../../../Engine/Plugins/PCG/Shaders/Private/PCGGrassMapUnpackerCS.usf" 2400
"../../../Engine/Shaders/Private/Landscape/LandscapeCommon.ush" 2401
"../../../Engine/Shaders/Private/VirtualTextureAdapter.usf" 2402
"../../../Engine/Shaders/Private/BlockCompressionCommon.ush" 2403
"../../../Engine/Shaders/Private/BCCompressionCommon.ush" 2404
"../../../Engine/Shaders/Private/TranslucentLightingShaders.usf" 2405
"../../../Engine/Shaders/Private/TranslucencyVolumeInjectionCommon.ush" 2406
"../../../Engine/Shaders/Private/CubemapCommon.ush" 2407
"../../../Engine/Shaders/Private/VectorFieldCompositeShaders.usf" 2408
"../../../Engine/Shaders/Private/UpdateTextureShaders.usf" 2409
"../../../Engine/Shaders/Private/StereoLayerShader.usf" 2410
"../../../Engine/Shaders/Private/SparseVolumeTexture/UpdateSparseVolumeTexture.usf" 2411
"../../../Engine/Shaders/Private/MorphTargets.usf" 2412
"../../../Engine/Shaders/Private/SimpleElementColorChannelMaskPixelShader.usf" 2413
"../../../Engine/Shaders/Private/SimpleElementHitProxyPixelShader.usf" 2414
"../../../Engine/Shaders/Private/SimpleElementPixelShader.usf" 2415
"../../../Engine/Shaders/Private/IESLightProfilesCommon.ush" 2416
"../../../Engine/Shaders/Private/SimpleElementVertexShader.usf" 2417
"../../../Engine/Shaders/Private/ScreenPixelShaderOES.usf" 2418
"../../../Engine/Shaders/Private/ScreenVertexShader.usf" 2419
"../../../Engine/Shaders/Private/ScreenPixelShader.usf" 2420
"../../../Engine/Shaders/Private/SSProfilePreIntegratedMobile.usf" 2421
"../../../Engine/Shaders/Private/SpecularProfile.usf" 2422
"../../../Engine/Shaders/Private/Nanite/NaniteStreaming.usf" 2423
"../../../Engine/Shaders/Private/Nanite/NaniteStreaming.ush" 2424
"../../../Engine/Shaders/Private/VolumetricLightmapStreaming.usf" 2425
"../../../Engine/Shaders/Private/PhysicsFieldReset.usf" 2426
"../../../Engine/Shaders/Private/PhysicsFieldBuilder.usf" 2427
"../../../Engine/Shaders/Private/PhysicsFieldEval.ush" 2428
"../../../Engine/Shaders/Private/ParticleSortKeyGen.usf" 2429
"../../../Engine/Shaders/Private/ParticleBoundsShader.usf" 2430
"../../../Engine/Shaders/Private/ParticleSimVisualizeShader.usf" 2431
"../../../Engine/Shaders/Private/ParticleInjectionShader.usf" 2432
"../../../Engine/Shaders/Private/ParticleSimulationShader.usf" 2433
"../../../Engine/Shaders/Private/ParticleCurveInjectionShader.usf" 2434
"../../../Engine/Shaders/Private/Nanite/NaniteTranscode.usf" 2435
"../../../Engine/Shaders/Private/Nanite/NaniteScatterUpdates.usf" 2436
"../../../Engine/Shaders/Private/CopyUIntBuffer.usf" 2437
"../../../Engine/Shaders/Private/RadixSortShaders.usf" 2438
"../../../Engine/Shaders/Private/RecomputeTangentsPerVertexPass.usf" 2439
"../../../Engine/Shaders/Private/RecomputeTangentsCommon.ush" 2440
"../../../Engine/Shaders/Private/RecomputeTangentsPerTrianglePass.usf" 2441
"../../../Engine/Shaders/Private/DynamicMeshBounds.usf" 2442
"../../../Engine/Shaders/Private/GpuSkinCacheComputeShader.usf" 2443
"../../../Engine/Shaders/Private/DynamicMeshBounds.ush" 2444
"../../../Engine/Shaders/Private/HeightFieldAtlasManagement.usf" 2445
"../../../Engine/Shaders/Private/Landscape/LandscapeEditLayersUtils.usf" 2446
"../../../Engine/Shaders/Private/Landscape/LandscapeEditLayersWeightmaps.usf" 2447
"../../../Engine/Shaders/Private/Landscape/LandscapeEditLayersHeightmaps.usf" 2448
"../../../Engine/Shaders/Private/LandscapeLayersPS.usf" 2449
"../../../Engine/Shaders/Private/LandscapePhysicalMaterial.usf" 2450
"../../../Engine/Shaders/Private/LandscapeGrassWeight.usf" 2451
"../../../Engine/Shaders/Private/Landscape/LandscapeCulling.usf" 2452
"../../../Engine/Shaders/Private/Landscape/LandscapeMergeTexturesPS.usf" 2453
"../../../Engine/Shaders/Private/WideCustomResolveShaders.usf" 2454
"../../../Engine/Shaders/Private/WideCustomResolve_Wide.ush" 2455
"../../../Engine/Shaders/Private/WideCustomResolve_Wider.ush" 2456
"../../../Engine/Shaders/Private/WideCustomResolve_Widest.ush" 2457
"../../../Engine/Shaders/Private/WaterInfoTextureBlur.usf" 2458
"../../../Engine/Shaders/Private/WaterInfoTextureMerge.usf" 2459
"../../../Engine/Shaders/Private/PageTableUpdate.usf" 2460
"../../../Engine/Shaders/Private/VirtualTextureCompress.usf" 2461
"../../../Engine/Shaders/Private/ASTCCompressionCommon.ush" 2462
"../../../Engine/Shaders/Private/IntegerSequenceEncoding.ush" 2463
"../../../Engine/Shaders/Private/ETCCompressionCommon.ush" 2464
"../../../Engine/Shaders/Private/VirtualTextureMaterial.usf" 2465
"../../../Engine/Shaders/Private/PixelShaderOutputCommon.ush" 2466
"../../../Engine/Shaders/Private/ShaderOutputCommon.ush" 2467
"../../../Engine/Shaders/Private/VolumetricRenderTarget.usf" 2468
"../../../Engine/Shaders/Private/HeightFogCommon.ush" 2469
"../../../Engine/Shaders/Private/LocalFogVolumes/LocalFogVolumeCommon.ush" 2470
"../../../Engine/Shaders/Private/ReflectionEnvironmentShared.ush" 2471
"../../../Engine/Shaders/Private/VolumetricFogVoxelization.usf" 2472
"../../../Engine/Shaders/Private/VolumetricCloudMaterialPixelCommon.ush" 2473
"../../../Engine/Shaders/Private/VolumetricFogLightFunction.usf" 2474
"../../../Engine/Shaders/Private/LightFunctionCommon.ush" 2475
"../../../Engine/Shaders/Private/VolumetricFog.usf" 2476
"../../../Engine/Shaders/Private/DeferredLightingCommon.ush" 2477
"../../../Engine/Shaders/Private/DynamicLightingCommon.ush" 2478
"../../../Engine/Shaders/Private/CapsuleLightIntegrate.ush" 2479
"../../../Engine/Shaders/Private/CapsuleLightSampling.ush" 2480
"../../../Engine/Shaders/Private/RectLightIntegrate.ush" 2481
"../../../Engine/Shaders/Private/ScreenSpaceShadowRayCast.ush" 2482
"../../../Engine/Shaders/Private/LightFunctionAtlas/LightFunctionAtlasCommon.usf" 2483
"../../../Engine/Shaders/Private/LightGridCommon.ush" 2484
"../../../Engine/Shaders/Private/DistanceFieldAOShared.ush" 2485
"../../../Engine/Shaders/Private/IntersectionUtils.ush" 2486
"../../../Engine/Shaders/Private/VolumeLightingCommon.ush" 2487
"../../../Engine/Shaders/Private/ShadowProjectionCommon.ush" 2488
"../../../Engine/Shaders/Private/ShadowFilteringCommon.ush" 2489
"../../../Engine/Shaders/Private/PixelQuadMessagePassing.ush" 2490
"../../../Engine/Shaders/Private/VolumeLightingCommonSampling.ush" 2491
"../../../Engine/Shaders/Private/VolumetricLightmapShared.ush" 2492
"../../../Engine/Shaders/Private/ForwardShadowingCommon.ush" 2493
"../../../Engine/Shaders/Private/LightDataUniforms.ush" 2494
"../../../Engine/Shaders/Private/Lumen/LumenTranslucencyVolumeShared.ush" 2495
"../../../Engine/Shaders/Private/Lumen/LumenRadianceCacheInterpolation.ush" 2496
"../../../Engine/Shaders/Private/VirtualShadowMaps/VirtualShadowMapProjectionCommon.ush" 2497
"../../../Engine/Shaders/Private/VirtualShadowMaps/VirtualShadowMapPageAccessCommon.ush" 2498
"../../../Engine/Shaders/Shared/VirtualShadowMapDefinitions.h" 2499
"../../../Engine/Shaders/Shared/HLSLMathAliases.h" 2500
"../../../Engine/Shaders/Private/VirtualShadowMaps/VirtualShadowMapHandle.ush" 2501
"../../../Engine/Shaders/Private/VirtualShadowMaps/VirtualShadowMapProjectionStructs.ush" 2502
"../../../Engine/Shaders/Private/DiaphragmDOF/DOFCommon.ush" 2503
"../../../Engine/Shaders/Private/VolumetricCloudCommon.ush" 2504
"../../../Engine/Shaders/Private/VolumetricCloud.usf" 2505
"../../../Engine/Shaders/Private/VisualizeVolumetricLightmap.usf" 2506
"../../../Engine/Shaders/Private/VirtualShadowMaps/VirtualShadowMapProjectionComposite.usf" 2507
"../../../Engine/Shaders/Private/LightShaderParameters.ush" 2508
"../../../Engine/Shaders/Private/VirtualShadowMaps/VirtualShadowMapMaskBitsCommon.ush" 2509
"../../../Engine/Shaders/Private/VirtualShadowMaps/VirtualShadowMapLightGrid.ush" 2510
"../../../Engine/Shaders/Private/VirtualShadowMaps/VirtualShadowMapProjection.usf" 2511
"../../../Engine/Shaders/Private/Visualization.ush" 2512
"../../../Engine/Shaders/Private/VirtualShadowMaps/VirtualShadowMapProjectionFilter.ush" 2513
"../../../Engine/Shaders/Private/VirtualShadowMaps/VirtualShadowMapProjectionDirectional.ush" 2514
"../../../Engine/Shaders/Private/VirtualShadowMaps/VirtualShadowMapSMRTCommon.ush" 2515
"../../../Engine/Shaders/Private/VirtualShadowMaps/VirtualShadowMapSMRTTemplate.ush" 2516
"../../../Engine/Shaders/Private/VirtualShadowMaps/VirtualShadowMapProjectionSpot.ush" 2517
"../../../Engine/Shaders/Private/VirtualShadowMaps/VirtualShadowMapTransmissionCommon.ush" 2518
"../../../Engine/Shaders/Private/VirtualShadowMaps/VirtualShadowMapScreenRayTrace.ush" 2519
"../../../Engine/Shaders/Private/VirtualShadowMaps/VirtualShadowMapStats.ush" 2520
"../../../Engine/Shaders/Private/HairStrands/HairStrandsVoxelPageCommon.ush" 2521
"../../../Engine/Shaders/Private/HairStrands/HairStrandsVoxelPageTraversal.ush" 2522
"../../../Engine/Shaders/Private/VirtualShadowMaps/VirtualShadowMapCacheGPUInvalidation.usf" 2523
"../../../Engine/Shaders/Private/VirtualShadowMaps/VirtualShadowMapPageCacheCommon.ush" 2524
"../../../Engine/Shaders/Private/VirtualShadowMaps/VirtualShadowMapCacheInvalidation.ush" 2525
"../../../Engine/Shaders/Private/VirtualShadowMaps/VirtualShadowMapPageOverlap.ush" 2526
"../../../Engine/Shaders/Private/ScreenSpaceDenoise/SSDDefinitions.ush" 2527
"../../../Engine/Shaders/Private/InstanceCulling/InstanceCullingLoadBalancer.ush" 2528
"../../../Engine/Shaders/Private/VirtualShadowMaps/VirtualShadowMapCacheLoadBalancer.usf" 2529
"../../../Engine/Shaders/Private/VirtualShadowMaps/VirtualShadowMapCopyStats.usf" 2530
"../../../Engine/Shaders/Private/VirtualShadowMaps/VirtualShadowMapShadowCasterBounds.usf" 2531
"../../../Engine/Shaders/Private/VirtualShadowMaps/VirtualShadowMapVisualize.ush" 2532
"../../../Engine/Shaders/Private/VirtualShadowMaps/VirtualShadowMapShadowCasterColor.usf" 2533
"../../../Engine/Shaders/Private/VirtualShadowMaps/VirtualShadowMapDebug.usf" 2534
"../../../Engine/Shaders/Private/VirtualShadowMaps/Desaturate.usf" 2535
"../../../Engine/Shaders/Private/VirtualShadowMaps/VirtualShadowMapPhysicalPageManagement.usf" 2536
"../../../Engine/Shaders/Private/ReductionCommon.ush" 2537
"../../../Engine/Shaders/Private/GPUMessaging.ush" 2538
"../../../Engine/Shaders/Private/VirtualShadowMaps/VirtualShadowMapPerPageDispatch.ush" 2539
"../../../Engine/Shaders/Private/VirtualShadowMaps/VirtualShadowMapComputeExplicitChunkDrawsViewMask.usf" 2540
"../../../Engine/Shaders/Shared/SceneCullingDefinitions.h" 2541
"../../../Engine/Shaders/Private/VirtualShadowMaps/VirtualShadowMapCompactViews.usf" 2542
"../../../Engine/Shaders/Private/VirtualShadowMaps/VirtualShadowMapBuildPerPageDrawCommands.usf" 2543
"../../../Engine/Shaders/Private/Nanite/NaniteCullingCommon.ush" 2544
"../../../Engine/Shaders/Private/Nanite/NaniteCulling.ush" 2545
"../../../Engine/Shaders/Private/Nanite/NaniteHierarchyTraversalCommon.ush" 2546
"../../../Engine/Shaders/Private/InstanceCulling/InstanceCullingCommon.ush" 2547
"../../../Engine/Shaders/Shared/InstanceCullingDefinitions.h" 2548
"../../../Engine/Shaders/Private/VirtualShadowMaps/VirtualShadowMapPrintStats.usf" 2549
"../../../Engine/Shaders/Private/VirtualShadowMaps/VirtualShadowMapPageManagement.usf" 2550
"../../../Engine/Shaders/Private/VirtualShadowMaps/VirtualShadowMapPageMarking.usf" 2551
"../../../Engine/Shaders/Private/VirtualShadowMaps/VirtualShadowMapPageMarking.ush" 2552
"../../../Engine/Shaders/Shared/SingleLayerWaterDefinitions.h" 2553
"../../../Engine/Shaders/Private/HairStrands/HairStrandsTileCommon.ush" 2554
"../../../Engine/Shaders/Private/Froxel/Froxel.ush" 2555
"../../../Engine/Shaders/Shared/FroxelDefinitions.h" 2556
"../../../Engine/Shaders/Private/VirtualShadowMaps/VirtualShadowMapThrottle.usf" 2557
"../../../Engine/Shaders/Private/VelocityUpdate.usf" 2558
"../../../Engine/Shaders/Private/VelocityCommon.ush" 2559
"../../../Engine/Shaders/Private/VelocityShader.usf" 2560
"../../../Engine/Shaders/Private/VariableRateShading/VRSShadingRatePreview.usf" 2561
"../../../Engine/Shaders/Private/VariableRateShading/VRSShadingRateCommon.ush" 2562
"../../../Engine/Shaders/Private/VariableRateShading/VRSShadingRateCombine.usf" 2563
"../../../Engine/Shaders/Private/VariableRateShading/VRSShadingRateFoveated.usf" 2564
"../../../Engine/Shaders/Private/VariableRateShading/VRSShadingRateReproject.usf" 2565
"../../../Engine/Shaders/Private/VariableRateShading/VRSShadingRateCalculate.usf" 2566
"../../../Engine/Shaders/Private/TranslucencyUpsampling.usf" 2567
"../../../Engine/Shaders/Private/ComposeSeparateTranslucency.usf" 2568
"../../../Engine/Shaders/Private/SeparateTranslucency.ush" 2569
"../../../Engine/Shaders/Private/TranslucencyVolumeVisualize.usf" 2570
"../../../Engine/Shaders/Private/TranslucencyVolumeCommon.ush" 2571
"../../../Engine/Shaders/Private/TranslucentLightInjectionShaders.usf" 2572
"../../../Engine/Shaders/Private/HeterogeneousVolumes/HeterogeneousVolumesAdaptiveVolumetricShadowMapSampling.ush" 2573
"../../../Engine/Shaders/Private/HeterogeneousVolumes/HeterogeneousVolumesAdaptiveVolumetricShadowMapUtils.ush" 2574
"../../../Engine/Shaders/Private/HeterogeneousVolumes/HeterogeneousVolumesBeerShadowMapUtils.ush" 2575
"../../../Engine/Shaders/Private/TranslucentShadowDepthShaders.usf" 2576
"../../../Engine/Shaders/Private/ShadowDepthCommon.ush" 2577
"../../../Engine/Shaders/Private/RayTracing/RayTracingTest.usf" 2578
"../../../Engine/Shaders/Private/PostprocessSubsurfaceTile.usf" 2579
"../../../Engine/Shaders/Private/PostProcessSubsurfaceCommon.ush" 2580
"../../../Engine/Shaders/Private/Substrate/SubstrateVisualize.usf" 2581
"../../../Engine/Shaders/Private/Substrate/SubstrateTile.ush" 2582
"../../../Engine/Shaders/Shared/SubstrateVisualizeDefinitions.h" 2583
"../../../Engine/Shaders/Private/Substrate/SubstrateVisualizeCommon.ush" 2584
"../../../Engine/Shaders/Private/SkyLightingDiffuseShared.ush" 2585
"../../../Engine/Shaders/Private/SkyLightingShared.ush" 2586
"../../../Engine/Shaders/Private/ClearCoatCommon.ush" 2587
"../../../Engine/Shaders/Private/ReflectionEnvironmentComposite.ush" 2588
"../../../Engine/Shaders/Private/Substrate/SubstrateLightingCommon.ush" 2589
"../../../Engine/Shaders/Private/Substrate/SubstrateRoughRefraction.usf" 2590
"../../../Engine/Shaders/Private/PathTracing/Material/PathTracingFresnel.ush" 2591
"../../../Engine/Shaders/Private/PathTracing/Material/PathTracingGlossy.ush" 2592
"../../../Engine/Shaders/Private/Substrate/SubstrateMaterialSampling.usf" 2593
"../../../Engine/Shaders/Private/Substrate/SubstrateMaterialSampling.ush" 2594
"../../../Engine/Shaders/Private/Lumen/LumenPosition.ush" 2595
"../../../Engine/Shaders/Private/Substrate/SubstrateTile.usf" 2596
"../../../Engine/Shaders/Private/Substrate/SubstrateMaterialClassification.usf" 2597
"../../../Engine/Shaders/Private/Substrate/SubstrateDBuffer.usf" 2598
"../../../Engine/Shaders/Private/StochasticLighting/StochasticLightingTileClassification.usf" 2599
"../../../Engine/Shaders/Private/Lumen/LumenMaterial.ush" 2600
"../../../Engine/Shaders/Private/HairStrands/HairStrandsVisibilityUtils.ush" 2601
"../../../Engine/Shaders/Private/Lumen/LumenReflectionCommon.ush" 2602
"../../../Engine/Shaders/Private/Lumen/LumenReflectionsCombine.ush" 2603
"../../../Engine/Shaders/Private/Lumen/LumenScreenProbeTileClassication.ush" 2604
"../../../Engine/Shaders/Private/MegaLights/MegaLightsTileClassification.ush" 2605
"../../../Engine/Shaders/Private/StochasticLighting/StochasticLightingUpsample.ush" 2606
"../../../Engine/Shaders/Private/StochasticLighting/StochasticLightingCommon.ush" 2607
"../../../Engine/Shaders/Private/SplineMeshSceneTexture.usf" 2608
"../../../Engine/Shaders/Private/SparseVolumeTexture/VisualizeSparseVolumeTexture.usf" 2609
"../../../Engine/Shaders/Private/SkyAtmosphere.usf" 2610
"../../../Engine/Shaders/Private/Nanite/NaniteSkinningUpdateViewData.usf" 2611
"../../../Engine/Shaders/Private/SceneCulling/SceneCulling.ush" 2612
"../../../Engine/Shaders/Private/Skinning/TransformProviders.usf" 2613
"../../../Engine/Shaders/Private/Skinning/SkinnedMeshDebug.usf" 2614
"../../../Engine/Shaders/Private/Skinning/AnimBankEval.usf" 2615
"../../../Engine/Shaders/Private/SingleLayerWaterComposite.usf" 2616
"../../../Engine/Shaders/Private/Froxel/FroxelBuild.ush" 2617
"../../../Engine/Shaders/Private/SingleLayerWaterRefractionCulling.usf" 2618
"../../../Engine/Shaders/Private/ScreenSpaceShadows.usf" 2619
"../../../Engine/Shaders/Private/bend_sss_gpu.ush" 2620
"../../../Engine/Shaders/Private/ShadowFactorsUpsampleCommon.ush" 2621
"../../../Engine/Shaders/Private/FirstPersonSelfShadow.usf" 2622
"../../../Engine/Shaders/Private/HZBTracing.ush" 2623
"../../../Engine/Shaders/Private/LateZDummyPS.usf" 2624
"../../../Engine/Shaders/Private/ShadowProjectionVertexShader.usf" 2625
"../../../Engine/Shaders/Private/ShadowProjectionPixelShader.usf" 2626
"../../../Engine/Shaders/Private/MobileLightingCommon.ush" 2627
"../../../Engine/Shaders/Private/PlanarReflectionShared.ush" 2628
"../../../Engine/Shaders/Private/MobileSSR.ush" 2629
"../../../Engine/Shaders/Private/SSRT/SSRTRayCast.ush" 2630
"../../../Engine/Shaders/Private/ShadowPercentageCloserFiltering.ush" 2631
"../../../Engine/Shaders/Private/TransmissionThickness.ush" 2632
"../../../Engine/Shaders/Private/CopyShadowMaps.usf" 2633
"../../../Engine/Shaders/Private/ShadowDepthPixelShader.usf" 2634
"../../../Engine/Shaders/Private/ShadowDepthVertexShader.usf" 2635
"../../../Engine/Shaders/Private/ShadingEnergyConservationTable.usf" 2636
"../../../Engine/Shaders/Shared/PathTracingDefinitions.h" 2637
"../../../Engine/Shaders/Private/ShadingFurnaceTest.usf" 2638
"../../../Engine/Shaders/Private/Substrate/SubstrateDeferredLighting.ush" 2639
"../../../Engine/Shaders/Private/ShaderPrintDraw.usf" 2640
"../../../Engine/Shaders/Private/ShaderPrintDrawPrimitive.usf" 2641
"../../../Engine/Shaders/Private/DefaultSSRTiles.usf" 2642
"../../../Engine/Shaders/Private/ScreenSpaceReflectionTileCommons.ush" 2643
"../../../Engine/Shaders/Private/SSRT/SSRTDiffuseIndirect.usf" 2644
"../../../Engine/Shaders/Private/SSRT/SSRTTileClassificationBuffer.ush" 2645
"../../../Engine/Shaders/Private/SSRT/SSRTReflections.usf" 2646
"../../../Engine/Shaders/Private/ScreenSpaceDenoise/SSDPublic.ush" 2647
"../../../Engine/Shaders/Private/SSRT/SSRTTileClassification.usf" 2648
"../../../Engine/Shaders/Private/SSRT/SSRTPrevFrameReduction.usf" 2649
"../../../Engine/Shaders/Private/ScreenSpaceDenoise/SSDComposeHarmonics.usf" 2650
"../../../Engine/Shaders/Private/ScreenSpaceDenoise/SSDPublicHarmonics.ush" 2651
"../../../Engine/Shaders/Private/ScreenSpaceDenoise/SSDSignalFramework.ush" 2652
"../../../Engine/Shaders/Private/ScreenSpaceDenoise/SSDCommon.ush" 2653
"../../../Engine/Shaders/Private/SphericalGaussian.ush" 2654
"../../../Engine/Shaders/Public/WaveBroadcastIntrinsics.ush" 2655
"../../../Engine/Shaders/Private/ScreenSpaceDenoise/SSDMetadata.ush" 2656
"../../../Engine/Shaders/Private/ScreenSpaceDenoise/SSDSignalCore.ush" 2657
"../../../Engine/Shaders/Private/ScreenSpaceDenoise/DenoisingCommon.ush" 2658
"../../../Engine/Shaders/Private/ScreenSpaceDenoise/SSDSignalArray.ush" 2659
"../../../Engine/Shaders/Private/ScreenSpaceDenoise/SSDSignalBufferEncoding.ush" 2660
"../../../Engine/Shaders/Private/ScreenSpaceDenoise/SSDPublicBufferEncoding.ush" 2661
"../../../Engine/Shaders/Private/Lumen/LumenBufferEncoding.ush" 2662
"../../../Engine/Shaders/Private/ScreenSpaceDenoise/SSDTemporalAccumulation.usf" 2663
"../../../Engine/Shaders/Private/ScreenSpaceDenoise/SSDSpatialKernel.ush" 2664
"../../../Engine/Shaders/Private/ScreenSpaceDenoise/SSDSignalAccumulatorArray.ush" 2665
"../../../Engine/Shaders/Private/ScreenSpaceDenoise/SSDSignalAccumulator.ush" 2666
"../../../Engine/Shaders/Private/ScreenSpaceDenoise/SSDSignalCompression.ush" 2667
"../../../Engine/Shaders/Private/ScreenSpaceDenoise/SSDSpatialAccumulation.usf" 2668
"../../../Engine/Shaders/Private/ScreenSpaceDenoise/SSDInjest.usf" 2669
"../../../Engine/Shaders/Private/ScreenSpaceDenoise/SSDCompressMetadata.usf" 2670
"../../../Engine/Shaders/Private/DownsampleDepthPixelShader.usf" 2671
"../../../Engine/Shaders/Private/ScreenPass.usf" 2672
"../../../Engine/Shaders/Private/HZB.usf" 2673
"../../../Engine/Shaders/Private/OcclusionFeedbackShaders.usf" 2674
"../../../Engine/Shaders/Private/HZBOcclusion.usf" 2675
"../../../Engine/Shaders/Private/OcclusionQueryPixelShader.usf" 2676
"../../../Engine/Shaders/Private/OcclusionQueryVertexShader.usf" 2677
"../../../Engine/Shaders/Private/HitProxyCopy.usf" 2678
"../../../Engine/Shaders/Private/HitProxyPixelShader.usf" 2679
"../../../Engine/Shaders/Private/HitProxyVertexShader.usf" 2680
"../../../Engine/Shaders/Private/SceneCulling/SceneCullingDebugRender.usf" 2681
"../../../Engine/Shaders/Private/SceneCulling/SceneCullingBuildExplicitBounds.usf" 2682
"../../../Engine/Shaders/Private/SceneCapturePixelShader.usf" 2683
"../../../Engine/Shaders/Private/RendererUtils.usf" 2684
"../../../Engine/Shaders/Private/RTWriteMaskDecode.usf" 2685
"../../../Engine/Shaders/Private/ReflectionEnvironmentShaders.usf" 2686
"../../../Engine/Shaders/Private/RectLightAtlas.usf" 2687
"../../../Engine/Shaders/Private/RayTracing/TraceRayInlineStatistics.usf" 2688
"../../../Engine/Shaders/Private/RayTracing/CompositeSkyLightPS.usf" 2689
"../../../Engine/Shaders/Private/RayTracing/GenerateSkyLightVisibilityRaysCS.usf" 2690
"../../../Engine/Shaders/Private/RayTracing/RayTracingSkyLightCommon.ush" 2691
"../../../Engine/Shaders/Private/RayTracing/SkyLightVisibilityRaysData.ush" 2692
"../../../Engine/Shaders/Private/Raytracing/RaytracingSkylightRGS.usf" 2693
"../../../Engine/Shaders/Private/HairStrands/HairStrandsRaytracing.ush" 2694
"../../../Engine/Shaders/Private/Raytracing/RayTracingSkyLightEvaluation.ush" 2695
"../../../Engine/Shaders/Private/Raytracing/RayTracingDeferredShadingCommon.ush" 2696
"../../../Engine/Shaders/Private/RayTracing/RayTracingOcclusionRGS.usf" 2697
"../../../Engine/Shaders/Private/RayTracing/RayTracingDirectionalLight.ush" 2698
"../../../Engine/Shaders/Private/RayTracing/RayTracingRectLight.ush" 2699
"../../../Engine/Shaders/Private/RayTracing/RayTracingSphereLight.ush" 2700
"../../../Engine/Shaders/Private/RayTracing/RayTracingCapsuleLight.ush" 2701
"../../../Engine/Shaders/Private/Raytracing/RayTracingFeedback.usf" 2702
"../../../Engine/Shaders/Shared/RayTracingDebugTypes.h" 2703
"../../../Engine/Shaders/Private/RayTracing/RayTracingPrimaryRays.usf" 2704
"../../../Engine/Shaders/Private/RayTracing/RayTracingLightingCommon.ush" 2705
"../../../Engine/Shaders/Private/RayTracing/RayTracingLightCullingCommon.ush" 2706
"../../../Engine/Shaders/Private/RayTracing/RayTracingMaterialDefaultHitShaders.usf" 2707
"../../../Engine/Shaders/Private/RayTracing/RayTracingMaterialHitShaders.usf" 2708
"../../../Engine/Shaders/Private/RayTracing/RayTracingShaderUtils.ush" 2709
"../../../Engine/Shaders/Private/RayTracing/RayTracingCalcInterpolants.ush" 2710
"../../../Engine/Shaders/Private/LightmapCommon.ush" 2711
"../../../Engine/Shaders/Private/Lumen/LumenHardwareRayTracingPayloadCommon.ush" 2712
"../../../Engine/Shaders/Shared/LumenDefinitions.h" 2713
"../../../Engine/Shaders/Private/Substrate/SubstrateExport.ush" 2714
"../../../Engine/Shaders/Private/RayTracing/RayTracingLightingMS.usf" 2715
"../../../Engine/Shaders/Private/Lumen/LumenDiffuseColorBoost.ush" 2716
"../../../Engine/Shaders/Private/RayTracing/RayTracingLightFunctionCommon.ush" 2717
"../../../Engine/Shaders/Private/RayTracing/RayTracingBuildLightGrid.usf" 2718
"../../../Engine/Shaders/Private/Raytracing/RayTracingInstanceBufferUtil.usf" 2719
"../../../Engine/Shaders/Private/RayTracing/RayTracingDynamicMesh.usf" 2720
"../../../Engine/Shaders/Private/RayTracing/RayTracingDefaultDecalHitShader.usf" 2721
"../../../Engine/Shaders/Private/RayTracing/RayTracingDecalMaterialShader.usf" 2722
"../../../Engine/Shaders/Private/PathTracing/PathTracingShaderUtils.ush" 2723
"../../../Engine/Shaders/Private/PathTracing/PathTracingCommon.ush" 2724
"../../../Engine/Shaders/Private/PathTracing/Material/PathTracingMaterialCommon.ush" 2725
"../../../Engine/Shaders/Private/PathTracing/Utilities/PathTracingRIS.ush" 2726
"../../../Engine/Shaders/Private/RayTracing/RayTracingBuildDecalGrid.usf" 2727
"../../../Engine/Shaders/Private/RayTracing/RayTracingDebugHitStatsUtils.usf" 2728
"../../../Engine/Shaders/Private/RayTracing/RayTracingDebugInstanceOverlap.usf" 2729
"../../../Engine/Shaders/Private/RayTracing/RayTracingDebugPicking.usf" 2730
"../../../Engine/Shaders/Private/RayTracing/RayTracingDebugUtils.ush" 2731
"../../../Engine/Shaders/Private/RayTracing/RayTracingDebugTraversal.usf" 2732
"../../../Engine/Shaders/Private/RayTracing/RayTracingDeferredMaterials.ush" 2733
"../../../Engine/Shaders/Shared/ThirdParty/AMD/ags_shader_intrinsics_dx12.h" 2734
"../../../Engine/Shaders/Shared/RayTracingDebugDefinitions.h" 2735
"../../../Engine/Shaders/Private/RayTracing/RayTracingDebugHitStatsCHS.usf" 2736
"../../../Engine/Shaders/Private/RayTracing/RayTracingDebugHitStats.usf" 2737
"../../../Engine/Shaders/Private/RayTracing/RayTracingDebugMS.usf" 2738
"../../../Engine/Shaders/Private/RayTracing/RayTracingDebugCHS.usf" 2739
"../../../Engine/Shaders/Private/RayTracing/RayTracingDebug.usf" 2740
"../../../Engine/Shaders/Private/RayTracing/RayTracingBuiltInShaders.usf" 2741
"../../../Engine/Shaders/Private/RayTracing/RayTracingBarycentrics.usf" 2742
"../../../Engine/Shaders/Private/RayTracing/RayTracingAmbientOcclusionRGS.usf" 2743
"../../../Engine/Shaders/Private/VisualizeShadingModels.usf" 2744
"../../../Engine/Shaders/Private/MotionBlur/VisualizeMotionVectors.usf" 2745
"../../../Engine/Shaders/Private/TemporalSuperResolution/TSRVisualize.usf" 2746
"../../../Engine/Shaders/Private/TemporalSuperResolution/TSRColorSpace.ush" 2747
"../../../Engine/Shaders/Private/TemporalSuperResolution/TSRCommon.ush" 2748
"../../../Engine/Shaders/Public/DualPixelVectorization.ush" 2749
"../../../Engine/Shaders/Private/TemporalSuperResolution/TSRReprojectionField.ush" 2750
"../../../Engine/Shaders/Private/TemporalSuperResolution/TSRResolveHistory.usf" 2751
"../../../Engine/Shaders/Private/TemporalSuperResolution/TSRConvolutionNetwork.ush" 2752
"../../../Engine/Shaders/Private/TemporalSuperResolution/TSRKernels.ush" 2753
"../../../Engine/Shaders/Public/LaneVectorization.ush" 2754
"../../../Engine/Shaders/Private/TemporalSuperResolution/TSRUpdateHistory.usf" 2755
"../../../Engine/Shaders/Private/TemporalSuperResolution/TSRSpatialAntiAliasing.ush" 2756
"../../../Engine/Shaders/Private/TemporalSuperResolution/TSRSpatialAntiAliasing.usf" 2757
"../../../Engine/Shaders/Private/TemporalSuperResolution/TSRRejectShading.usf" 2758
"../../../Engine/Shaders/Private/TemporalSuperResolution/TSRShadingAnalysis.ush" 2759
"../../../Engine/Shaders/Private/TemporalSuperResolution/TSRConvolutionNetworkPass.ush" 2760
"../../../Engine/Shaders/Private/TemporalSuperResolution/TSRDecimateHistory.usf" 2761
"../../../Engine/Shaders/Private/TemporalSuperResolution/TSRDepthVelocityAnalysis.ush" 2762
"../../../Engine/Shaders/Private/TemporalSuperResolution/TSRClosestOccluder.ush" 2763
"../../../Engine/Shaders/Private/TemporalSuperResolution/TSRWeightRelaxation.usf" 2764
"../../../Engine/Shaders/Private/TemporalSuperResolution/TSRThinGeometryCommon.ush" 2765
"../../../Engine/Shaders/Private/TemporalSuperResolution/TSRDetectThinGeometry.usf" 2766
"../../../Engine/Shaders/Private/TemporalSuperResolution/TSRDilateVelocity.usf" 2767
"../../../Engine/Shaders/Private/MotionBlur/MotionBlurVelocityFlatten.ush" 2768
"../../../Engine/Shaders/Private/MotionBlur/MotionBlurCommon.ush" 2769
"../../../Engine/Shaders/Private/TemporalSuperResolution/TSRClearPrevTextures.usf" 2770
"../../../Engine/Shaders/Private/TemporalSuperResolution/TSRMeasureCoverage.usf" 2771
"../../../Engine/Shaders/Private/TemporalSuperResolution/TSRMeasureFlickeringLuma.usf" 2772
"../../../Engine/Shaders/Private/TemporalAA.usf" 2773
"../../../Engine/Shaders/Private/SMAA/SMAADebugVisualization.usf" 2774
"../../../Engine/Shaders/Private/SMAA/SMAACommon.ush" 2775
"../../../Engine/Shaders/Private/SMAA/SMAA.ush" 2776
"../../../Engine/Shaders/Private/SMAA/SMAANeighborhoodBlendingShader.usf" 2777
"../../../Engine/Shaders/Private/SMAA/SMAABlendingWeightCalculationShader.usf" 2778
"../../../Engine/Shaders/Private/SMAA/SMAAEdgeDetectionShader.usf" 2779
"../../../Engine/Shaders/Private/FilterPixelShader.usf" 2780
"../../../Engine/Shaders/Private/FilterVertexShader.usf" 2781
"../../../Engine/Shaders/Private/VisualizeVirtualTexture.usf" 2782
"../../../Engine/Shaders/Private/PostProcessVisualizeBuffer.usf" 2783
"../../../Engine/Shaders/Private/PostProcessVisualizeLocalExposure.usf" 2784
"../../../Engine/Shaders/Private/PostProcessHistogramCommon.ush" 2785
"../../../Engine/Shaders/Private/TonemapCommon.ush" 2786
"../../../Engine/Shaders/Private/ACES/ACESCommon.ush" 2787
"../../../Engine/Shaders/Private/ACES/ACESOutputTransform.ush" 2788
"../../../Engine/Shaders/Private/ACES/ACESUtilities.ush" 2789
"../../../Engine/Shaders/Private/ACES/ACESTonescale.ush" 2790
"../../../Engine/Shaders/Private/ACES/ACESDisplayEncoding.ush" 2791
"../../../Engine/Shaders/Private/ACES/ACES_v1.3.ush" 2792
"../../../Engine/Shaders/Private/PostProcessVisualizeLevelInstance.usf" 2793
"../../../Engine/Shaders/Private/PostProcessVisualizeHDR.usf" 2794
"../../../Engine/Shaders/Private/ShaderComplexityApplyPixelShader.usf" 2795
"../../../Engine/Shaders/Private/QuadOverdraw.ush" 2796
"../../../Engine/Shaders/Private/PostProcessUpscale.usf" 2797
"../../../Engine/Shaders/Private/PostProcessTonemap.usf" 2798
"../../../Engine/Shaders/Private/PostProcessing/FilmGrainPackConstants.usf" 2799
"../../../Engine/Shaders/Private/PostProcessing/FilmGrainReduce.usf" 2800
"../../../Engine/Shaders/Private/PostProcessTestImage.usf" 2801
"../../../Engine/Shaders/Private/PostProcessSubsurface.usf" 2802
"../../../Engine/Shaders/Private/SeparableSSS.ush" 2803
"../../../Engine/Shaders/Private/SubsurfaceBurleyNormalized.ush" 2804
"../../../Engine/Shaders/Private/PostProcessSelectionOutline.usf" 2805
"../../../Engine/Shaders/Private/MotionBlur/MotionBlurVisualize.usf" 2806
"../../../Engine/Shaders/Private/MotionBlur/MotionBlurApply.usf" 2807
"../../../Engine/Shaders/Private/MotionBlur/MotionBlurFilterTileClassify.usf" 2808
"../../../Engine/Shaders/Private/MotionBlur/MotionBlurTileScatter.usf" 2809
"../../../Engine/Shaders/Private/MotionBlur/MotionBlurTileGather.usf" 2810
"../../../Engine/Shaders/Private/MotionBlur/MotionBlurVelocityFlatten.usf" 2811
"../../../Engine/Shaders/Private/PostProcessMobile.usf" 2812
"../../../Engine/Shaders/Private/PostProcessMitchellNetravali.usf" 2813
"../../../Engine/Shaders/Private/PostProcessMaterialShaders.usf" 2814
"../../../Engine/Shaders/Private/NeuralPostProcessCommon.usf" 2815
"../../../Engine/Shaders/Private/PostProcessLocalExposure.usf" 2816
"../../../Engine/Shaders/Private/PostProcessLensFlares.usf" 2817
"../../../Engine/Shaders/Private/PostProcessGBufferHints.usf" 2818
"../../../Engine/Shaders/Private/PostProcessHMD.usf" 2819
"../../../Engine/Shaders/Private/Histogram.usf" 2820
"../../../Engine/Shaders/Private/PostProcessExposureMaterial.ush" 2821
"../../../Engine/Shaders/Private/PostProcessHistogramReduce.usf" 2822
"../../../Engine/Shaders/Private/PostProcessHistogram.usf" 2823
"../../../Engine/Shaders/Private/Bloom/BloomFinalizeApplyConstants.usf" 2824
"../../../Engine/Shaders/Private/Bloom/BloomCommon.ush" 2825
"../../../Engine/Shaders/Private/Bloom/BloomResizeKernel.usf" 2826
"../../../Engine/Shaders/Private/Bloom/BloomDownsampleKernel.usf" 2827
"../../../Engine/Shaders/Private/Bloom/BloomClampKernel.usf" 2828
"../../../Engine/Shaders/Private/Bloom/BloomPackKernelConstants.usf" 2829
"../../../Engine/Shaders/Private/Bloom/BloomSumScatterDispersionEnergy.usf" 2830
"../../../Engine/Shaders/Private/Bloom/BloomReduceKernelSurvey.usf" 2831
"../../../Engine/Shaders/Private/Bloom/BloomSurveyKernelCenterEnergy.usf" 2832
"../../../Engine/Shaders/Private/Bloom/BloomSurveyMaxScatterDispersion.usf" 2833
"../../../Engine/Shaders/Private/Bloom/BloomFindKernelCenter.usf" 2834
"../../../Engine/Shaders/Private/PostProcessEyeAdaptation.usf" 2835
"../../../Engine/Shaders/Private/PostProcessEyeAdaptationUtils.usf" 2836
"../../../Engine/Shaders/Private/PostProcessDownsample.usf" 2837
"../../../Engine/Shaders/Private/PostProcessDOF.usf" 2838
"../../../Engine/Shaders/Private/PostProcessDeviceEncodingOnly.usf" 2839
"../../../Engine/Shaders/Private/PostProcessCompositePrimitives.usf" 2840
"../../../Engine/Shaders/Private/PostProcessCombineLUTs.usf" 2841
"../../../Engine/Shaders/Private/PostProcessVisualizeDOF.usf" 2842
"../../../Engine/Shaders/Private/PostProcessBloom.usf" 2843
"../../../Engine/Shaders/Private/PostProcessAmbientOcclusionMobile.usf" 2844
"../../../Engine/Shaders/Private/PostProcessAmbientOcclusionCommon.ush" 2845
"../../../Engine/Shaders/Private/FXAAShader.usf" 2846
"../../../Engine/Shaders/Private/Fxaa3_11.ush" 2847
"../../../Engine/Shaders/Private/PaniniProjection.usf" 2848
"../../../Engine/Shaders/Private/DiaphragmDOF/DOFRecombine.usf" 2849
"../../../Engine/Shaders/Private/DiaphragmDOF/DOFHybridScatterPixelShader.usf" 2850
"../../../Engine/Shaders/Private/DiaphragmDOF/DOFHybridScatterCommon.ush" 2851
"../../../Engine/Shaders/Private/DiaphragmDOF/DOFVignetteCommon.ush" 2852
"../../../Engine/Shaders/Private/DiaphragmDOF/DOFHybridScatterVertexShader.usf" 2853
"../../../Engine/Shaders/Private/DiaphragmDOF/DOFPostfiltering.usf" 2854
"../../../Engine/Shaders/Private/DiaphragmDOF/DOFGatherTileSuggest.ush" 2855
"../../../Engine/Shaders/Private/DiaphragmDOF/DOFCocTileCommon.ush" 2856
"../../../Engine/Shaders/Private/DiaphragmDOF/DOFGatherPass.usf" 2857
"../../../Engine/Shaders/Private/DiaphragmDOF/DOFGatherCommon.ush" 2858
"../../../Engine/Shaders/Private/DiaphragmDOF/DOFGatherAccumulator.ush" 2859
"../../../Engine/Shaders/Private/DiaphragmDOF/DOFGatherKernel.ush" 2860
"../../../Engine/Shaders/Private/DiaphragmDOF/DOFBokehLUT.usf" 2861
"../../../Engine/Shaders/Private/DiaphragmDOF/DOFHybridScatterCompilation.usf" 2862
"../../../Engine/Shaders/Private/DiaphragmDOF/DOFReduce.usf" 2863
"../../../Engine/Shaders/Private/DiaphragmDOF/DOFDownsample.ush" 2864
"../../../Engine/Shaders/Private/DiaphragmDOF/DOFHybridScatterCompilation.ush" 2865
"../../../Engine/Shaders/Private/DiaphragmDOF/DOFDownsample.usf" 2866
"../../../Engine/Shaders/Private/DiaphragmDOF/DOFCocTileDilate.usf" 2867
"../../../Engine/Shaders/Private/DiaphragmDOF/DOFCocTileFlatten.usf" 2868
"../../../Engine/Shaders/Private/DiaphragmDOF/DOFSetup.usf" 2869
"../../../Engine/Shaders/Private/Tools/DebugAlphaChannel.usf" 2870
"../../../Engine/Shaders/Private/PostProcessAlphaInvert.usf" 2871
"../../../Engine/Shaders/Private/PlanarReflectionShaders.usf" 2872
"../../../Engine/Shaders/Private/PhysicsFieldVisualizer.usf" 2873
"../../../Engine/Shaders/Private/PathTracing/PathTracingSpatialTemporalDenoising.usf" 2874
"../../../Engine/Shaders/Private/ColorDifference.ush" 2875
"../../../Engine/Shaders/Private/PathTracing/PathTracingCompositingPixelShader.usf" 2876
"../../../Engine/Shaders/Private/PathTracing/PathTracingAdaptiveUtils.ush" 2877
"../../../Engine/Shaders/Private/PathTracing/PathTracingDefaultHitShader.usf" 2878
"../../../Engine/Shaders/Private/PathTracing/PathTracingGPULightmassMaterialHitShader.usf" 2879
"../../../Engine/Shaders/Private/PathTracing/PathTracingMaterialHitShader.usf" 2880
"../../../Engine/Shaders/Private/PathTracing/Material/PathTracingSubstrateCommon.ush" 2881
"../../../Engine/Shaders/Private/PathTracing/PathTracingLightingMissShader.usf" 2882
"../../../Engine/Shaders/Private/PathTracing/PathTracingMissShader.usf" 2883
"../../../Engine/Shaders/Private/PathTracing/PathTracingAdaptiveStart.usf" 2884
"../../../Engine/Shaders/Private/PathTracing/PathTracingBuildAdaptiveError.usf" 2885
"../../../Engine/Shaders/Private/PathTracing/PathTracingVolumetricCloudMaterialShader.usf" 2886
"../../../Engine/Shaders/Private/PathTracing/Volume/PathTracingCloudsMaterialCommon.ush" 2887
"../../../Engine/Shaders/Private/PathTracing/Volume/PathTracingVolumeCommon.ush" 2888
"../../../Engine/Shaders/Private/PathTracing/Volume/PathTracingCloudsCommon.ush" 2889
"../../../Engine/Shaders/Private/PathTracing/Volume/PathTracingFog.ush" 2890
"../../../Engine/Shaders/Private/PathTracing/Volume/PathTracingAtmosphere.ush" 2891
"../../../Engine/Shaders/Private/PathTracing/Volume/PathTracingAtmosphereCommon.ush" 2892
"../../../Engine/Shaders/Private/PathTracing/Volume/PathTracingVolumeSampling.ush" 2893
"../../../Engine/Shaders/Private/PathTracing/PathTracingBuildCloudAccelerationMap.usf" 2894
"../../../Engine/Shaders/Private/PathTracing/PathTracingBuildAtmosphereLUT.usf" 2895
"../../../Engine/Shaders/Private/PathTracing/PathTracingSwizzleScanlines.usf" 2896
"../../../Engine/Shaders/Private/PathTracing/PathTracingInitExtinctionCoefficient.usf" 2897
"../../../Engine/Shaders/Private/PathTracing/PathTracingCopyDepth.usf" 2898
"../../../Engine/Shaders/Private/PathTracing/PathTracingDebug.usf" 2899
"../../../Engine/Shaders/Private/RayTracing/RayTracingDecalGrid.ush" 2900
"../../../Engine/Shaders/Private/PathTracing/Material/PathTracingMaterialSampling.ush" 2901
"../../../Engine/Shaders/Private/PathTracing/Material/PathTracingLambert.ush" 2902
"../../../Engine/Shaders/Private/PathTracing/Material/PathTracingSubstrate.ush" 2903
"../../../Engine/Shaders/Private/PathTracing/Material/PathTracingSubstrateFoliage.ush" 2904
"../../../Engine/Shaders/Private/PathTracing/Material/PathTracingSubstrateSolidGlass.ush" 2905
"../../../Engine/Shaders/Private/PathTracing/Material/PathTracingSubstrateThinGlass.ush" 2906
"../../../Engine/Shaders/Private/PathTracing/Material/PathTracingSolidGlass.ush" 2907
"../../../Engine/Shaders/Private/PathTracing/Material/PathTracingEnergyConservation.ush" 2908
"../../../Engine/Shaders/Private/PathTracing/Material/PathTracingThinGlass.ush" 2909
"../../../Engine/Shaders/Private/PathTracing/Material/PathTracingDefaultLit.ush" 2910
"../../../Engine/Shaders/Private/PathTracing/Material/PathTracingClearCoat.ush" 2911
"../../../Engine/Shaders/Private/PathTracing/Material/PathTracingTwoSidedFoliage.ush" 2912
"../../../Engine/Shaders/Private/PathTracing/Material/PathTracingCloth.ush" 2913
"../../../Engine/Shaders/Private/PathTracing/Material/PathTracingSubsurfaceProfile.ush" 2914
"../../../Engine/Shaders/Private/PathTracing/Material/PathTracingEye.ush" 2915
"../../../Engine/Shaders/Private/PathTracing/Material/PathTracingHair.ush" 2916
"../../../Engine/Shaders/Private/PathTracing/Material/PathTracingMedium.ush" 2917
"../../../Engine/Shaders/Private/PathTracing/Light/PathTracingLightSampling.ush" 2918
"../../../Engine/Shaders/Private/PathTracing/Light/PathTracingLightCommon.ush" 2919
"../../../Engine/Shaders/Private/PathTracing/Light/PathTracingDirectionalLight.ush" 2920
"../../../Engine/Shaders/Private/PathTracing/Light/PathTracingPointLight.ush" 2921
"../../../Engine/Shaders/Private/PathTracing/Light/PathTracingCapsuleLight.ush" 2922
"../../../Engine/Shaders/Private/PathTracing/Light/PathTracingRectLight.ush" 2923
"../../../Engine/Shaders/Private/PathTracing/Light/PathTracingSkyLight.ush" 2924
"../../../Engine/Shaders/Private/PathTracing/Light/PathTracingLightGrid.ush" 2925
"../../../Engine/Shaders/Private/PathTracing/PathTracing.usf" 2926
"../../../Engine/Shaders/Private/PathTracing/PathTracingCore.ush" 2927
"../../../Engine/Shaders/Private/HeterogeneousVolumes/HeterogeneousVolumesVoxelGridTypes.ush" 2928
"../../../Engine/Shaders/Private/PathTracing/Volume/PathTracingVolume.ush" 2929
"../../../Engine/Shaders/Private/PathTracing/Volume/PathTracingClouds.ush" 2930
"../../../Engine/Shaders/Private/PathTracing/Volume/PathTracingHeterogeneousVolumes.ush" 2931
"../../../Engine/Shaders/Private/HeterogeneousVolumes/HeterogeneousVolumesTracingUtils.ush" 2932
"../../../Engine/Shaders/Private/HeterogeneousVolumes/HeterogeneousVolumesVoxelGridTraversal.ush" 2933
"../../../Engine/Shaders/Private/HeterogeneousVolumes/HeterogeneousVolumesVoxelGridUtils.ush" 2934
"../../../Engine/Shaders/Private/HeterogeneousVolumes/HeterogeneousVolumesFrustumVoxelGridUtils.ush" 2935
"../../../Engine/Shaders/Private/PathTracing/PathTracingBuildLightGrid.usf" 2936
"../../../Engine/Shaders/Private/PathTracing/PathTracingSkylightMISCompensation.usf" 2937
"../../../Engine/Shaders/Private/PathTracing/PathTracingSkylightPrepare.usf" 2938
"../../../Engine/Shaders/Private/OIT/OITSorting.usf" 2939
"../../../Engine/Shaders/Private/OITCombine.usf" 2940
"../../../Engine/Shaders/Private/OITCommon.ush" 2941
"../../../Engine/Shaders/Private/Nanite/Voxel/RasterizeBricks.usf" 2942
"../../../Engine/Shaders/Private/Nanite/Voxel/Brick.ush" 2943
"../../../Engine/Shaders/Private/Nanite/Voxel/Voxel.ush" 2944
"../../../Engine/Shaders/Private/Nanite/Voxel/ScatterBricks.usf" 2945
"../../../Engine/Shaders/Private/Nanite/Voxel/TileBricks.usf" 2946
"../../../Engine/Shaders/Private/Nanite/Voxel/AutoVoxel.usf" 2947
"../../../Engine/Shaders/Private/Nanite/NaniteDebugViews.usf" 2948
"../../../Engine/Shaders/Private/Nanite/NaniteEditorCommon.ush" 2949
"../../../Engine/Shaders/Private/BinarySearch.ush" 2950
"../../../Engine/Shaders/Private/Nanite/NaniteDepthDecode.usf" 2951
"../../../Engine/Shaders/Private/HTileEncoding.ush" 2952
"../../../Engine/Shaders/Private/Nanite/NaniteVisualize.usf" 2953
"../../../Engine/Shaders/Private/Nanite/NaniteStreamOut.usf" 2954
"../../../Engine/Shaders/Private/Nanite/NaniteHierarchyTraversal.ush" 2955
"../../../Engine/Shaders/Private/Nanite/NaniteShadeBinning.usf" 2956
"../../../Engine/Shaders/Private/Nanite/NaniteShadeCommon.ush" 2957
"../../../Engine/Shaders/Private/Nanite/NaniteFastClear.usf" 2958
"../../../Engine/Shaders/Private/Nanite/NaniteRayTracing.usf" 2959
"../../../Engine/Shaders/Private/Nanite/NaniteExportGBuffer.usf" 2960
"../../../Engine/Shaders/Private/Nanite/NaniteClusterCulling.usf" 2961
"../../../Engine/Shaders/Private/Nanite/NanitePrintStats.usf" 2962
"../../../Engine/Shaders/Private/Nanite/NaniteRasterizer.usf" 2963
"../../../Engine/Shaders/Private/Nanite/NaniteRasterizationCommon.ush" 2964
"../../../Engine/Shaders/Private/Nanite/NaniteRasterizer.ush" 2965
"../../../Engine/Shaders/Private/Nanite/NaniteWritePixel.ush" 2966
"../../../Engine/Shaders/Private/Nanite/NaniteTessellation.ush" 2967
"../../../Engine/Shaders/Private/WorkDistribution.ush" 2968
"../../../Engine/Shaders/Private/Nanite/NaniteDice.ush" 2969
"../../../Engine/Shaders/Private/ShaderBundleWorkGraphCommon.ush" 2970
"../../../Engine/Shaders/Public/RootConstants.ush" 2971
"../../../Engine/Shaders/Public/Platform/D3D/D3DRootConstants.ush" 2972
"../../../Engine/Shaders/Private/Nanite/NaniteSplit.usf" 2973
"../../../Engine/Shaders/Private/Nanite/NaniteRasterBinning.usf" 2974
"../../../Engine/Shaders/Private/Nanite/NaniteInstanceCulling.usf" 2975
"../../../Engine/Shaders/Private/Nanite/NaniteImposter.ush" 2976
"../../../Engine/Shaders/Private/Nanite/NaniteInstanceHierarchyCulling.usf" 2977
"../../../Engine/Shaders/Private/WorkGroupLoadBalancer.ush" 2978
"../../../Engine/Shaders/Private/Nanite/NanitePrimitiveFilter.usf" 2979
"../../../Engine/Shaders/Private/Nanite/NaniteRasterClear.usf" 2980
"../../../Engine/Shaders/Private/Nanite/NaniteDepthExport.usf" 2981
"../../../Engine/Shaders/Private/Nanite/NaniteEmitShadow.usf" 2982
"../../../Engine/Shaders/Private/MobileDeferredUtils.usf" 2983
"../../../Engine/Shaders/Private/MobileLocalLightsBuffer.usf" 2984
"../../../Engine/Shaders/Private/MobileFog.usf" 2985
"../../../Engine/Shaders/Private/DistortApplyScreenPS.usf" 2986
"../../../Engine/Shaders/Private/MobileDeferredShading.usf" 2987
"../../../Engine/Shaders/Private/MobileBasePassPixelShader.usf" 2988
"../../../Engine/Shaders/Private/MobileBasePassCommon.ush" 2989
"../../../Engine/Shaders/Private/BasePassCommon.ush" 2990
"../../../Engine/Shaders/Private/ShadingModelsMaterial.ush" 2991
"../../../Engine/Shaders/Private/ThinTranslucentCommon.ush" 2992
"../../../Engine/Shaders/Private/SingleLayerWaterShading.ush" 2993
"../../../Engine/Shaders/Private/DistortionCommon.ush" 2994
"../../../Engine/Shaders/Private/Substrate/SubstrateMobileForwardLighting.ush" 2995
"../../../Engine/Shaders/Private/MobileBasePassVertexShader.usf" 2996
"../../../Engine/Shaders/Private/MeshEdges.usf" 2997
"../../../Engine/Shaders/Private/MegaLights/MegaLightsSampling.usf" 2998
"../../../Engine/Shaders/Shared/MegaLightsDefinitions.h" 2999
"../../../Engine/Shaders/Private/MegaLights/MegaLightsShading.ush" 3000
"../../../Engine/Shaders/Private/MegaLights/MegaLights.ush" 3001
"../../../Engine/Shaders/Private/MegaLights/MegaLightsMaterial.ush" 3002
"../../../Engine/Shaders/Private/MegaLights/MegaLightsRayTracing.ush" 3003
"../../../Engine/Shaders/Private/MegaLights/MegaLightsSampling.ush" 3004
"../../../Engine/Shaders/Private/MegaLights/MegaLightsVolumeSampling.usf" 3005
"../../../Engine/Shaders/Private/MegaLights/MegaLightsVolume.ush" 3006
"../../../Engine/Shaders/Private/MegaLights/MegaLights.usf" 3007
"../../../Engine/Shaders/Private/HairStrands/HairStrandsScreenTracing.ush" 3008
"../../../Engine/Shaders/Private/MegaLights/MegaLightsFilterVisibleLightHash.usf" 3009
"../../../Engine/Shaders/Private/MegaLights/MegaLightsShading.usf" 3010
"../../../Engine/Shaders/Private/Lumen/LumenReflectionDenoiserCommon.ush" 3011
"../../../Engine/Shaders/Private/MegaLights/MegaLightsVisibleLightHash.usf" 3012
"../../../Engine/Shaders/Private/MegaLights/MegaLightsVolumeShading.usf" 3013
"../../../Engine/Shaders/Private/MegaLights/MegaLightsVSMMarking.usf" 3014
"../../../Engine/Shaders/Private/MegaLights/MegaLightsVSMTracing.usf" 3015
"../../../Engine/Shaders/Private/MegaLights/MegaLightsRayTracing.usf" 3016
"../../../Engine/Shaders/Private/DistanceField/GlobalDistanceFieldUtils.ush" 3017
"../../../Engine/Shaders/Private/Lumen/LumenScreenTracing.ush" 3018
"../../../Engine/Shaders/Private/MegaLights/MegaLightsVolumeRayTracing.usf" 3019
"../../../Engine/Shaders/Private/MegaLights/MegaLightsVolumeHardwareRayTracing.usf" 3020
"../../../Engine/Shaders/Private/Lumen/LumenHardwareRayTracingCommon.ush" 3021
"../../../Engine/Shaders/Private/RayTracing/RayTracingReflectionEnvironment.ush" 3022
"../../../Engine/Shaders/Private/Lumen/LumenHardwareRayTracingPlatformCommon.ush" 3023
"../../../Engine/Shaders/Private/Lumen/LumenTracingCommon.ush" 3024
"../../../Engine/Shaders/Private/Lumen/SurfaceCache/LumenSurfaceCacheSampling.ush" 3025
"../../../Engine/Shaders/Private/Lumen/SurfaceCache/LumenSurfaceCache.ush" 3026
"../../../Engine/Shaders/Private/Lumen/LumenCardCommon.ush" 3027
"../../../Engine/Shaders/Private/Lumen/LumenCardTileShadowDownsampleFactor.ush" 3028
"../../../Engine/Shaders/Private/MegaLights/MegaLightsHardwareRayTracing.usf" 3029
"../../../Engine/Shaders/Private/MegaLights/MegaLightsDebug.usf" 3030
"../../../Engine/Shaders/Private/MegaLights/MegaLightsDenoiserSpatial.usf" 3031
"../../../Engine/Shaders/Private/MegaLights/MegaLightsDenoiserTemporal.usf" 3032
"../../../Engine/Shaders/Private/MaterialCache/MaterialCacheABufferPages.usf" 3033
"../../../Engine/Shaders/Private/MaterialCache/MaterialCacheShade.usf" 3034
"../../../Engine/Shaders/Private/MaterialCache/MaterialCacheShadeCommon.ush" 3035
"../../../Engine/Shaders/Private/MaterialCache/MaterialCacheUnwrapNaniteShade.usf" 3036
"../../../Engine/Shaders/Private/MaterialCache/MaterialCacheUnwrapPixelShader.usf" 3037
"../../../Engine/Shaders/Private/MaterialCache/MaterialCacheUnwrapVertexShader.usf" 3038
"../../../Engine/Shaders/Private/Lumen/LumenVisualizeRadianceCache.usf" 3039
"../../../Engine/Shaders/Private/Lumen/LumenRadianceCacheCommon.ush" 3040
"../../../Engine/Shaders/Private/Lumen/LumenVisualizeHardwareRayTracing.usf" 3041
"../../../Engine/Shaders/Private/Lumen/LumenVisualize.ush" 3042
"../../../Engine/Shaders/Private/Lumen/LumenHairTracing.ush" 3043
"../../../Engine/Shaders/Private/Lumen/LumenVisualize.usf" 3044
"../../../Engine/Shaders/Private/Lumen/LumenSoftwareRayTracing.ush" 3045
"../../../Engine/Shaders/Private/DistanceField/GlobalDistanceFieldObjectGrid.ush" 3046
"../../../Engine/Shaders/Private/DistanceFieldLightingShared.ush" 3047
"../../../Engine/Shaders/Private/Lumen/LumenVisualizeTraces.ush" 3048
"../../../Engine/Shaders/Private/Lumen/LumenTranslucencyVolumeLighting.usf" 3049
"../../../Engine/Shaders/Private/Lumen/LumenRadianceCacheMarkCommon.ush" 3050
"../../../Engine/Shaders/Private/Lumen/LumenTranslucencyVolumeLightingShared.ush" 3051
"../../../Engine/Shaders/Private/Lumen/LumenScreenProbeCommon.ush" 3052
"../../../Engine/Shaders/Private/RayTracing/RayGenUtils.ush" 3053
"../../../Engine/Shaders/Private/Lumen/LumenRadianceCacheTracingCommon.ush" 3054
"../../../Engine/Shaders/Private/Lumen/LumenTranslucencyVolumeHardwareRayTracing.usf" 3055
"../../../Engine/Shaders/Private/Lumen/LumenTranslucencyRadianceCacheMarkShaders.usf" 3056
"../../../Engine/Shaders/Private/Lumen/SurfaceCache/LumenSurfaceCache.usf" 3057
"../../../Engine/Shaders/Private/Lumen/LumenVirtualTextureCommon.ush" 3058
"../../../Engine/Shaders/Private/Lumen/LumenShortRangeAOHardwareRayTracing.usf" 3059
"../../../Engine/Shaders/Private/Lumen/LumenScreenSpaceBentNormal.ush" 3060
"../../../Engine/Shaders/Private/Lumen/LumenScreenSpaceBentNormal.usf" 3061
"../../../Engine/Shaders/Private/Lumen/LumenScreenProbeTracing.usf" 3062
"../../../Engine/Shaders/Private/Lumen/LumenScreenProbeTracingCommon.ush" 3063
"../../../Engine/Shaders/Private/Lumen/LumenFloatQuantization.ush" 3064
"../../../Engine/Shaders/Private/Lumen/LumenScreenProbeImportanceSampling.usf" 3065
"../../../Engine/Shaders/Private/Lumen/LumenScreenProbeImportanceSamplingShared.ush" 3066
"../../../Engine/Shaders/Private/Lumen/LumenScreenProbeHardwareRayTracing.usf" 3067
"../../../Engine/Shaders/Private/Lumen/LumenScreenProbeDebug.usf" 3068
"../../../Engine/Shaders/Private/Lumen/LumenScreenProbeGather.usf" 3069
"../../../Engine/Shaders/Private/Lumen/LumenScreenProbeGatherTemporal.usf" 3070
"../../../Engine/Shaders/Private/Lumen/LumenScreenProbeFiltering.usf" 3071
"../../../Engine/Shaders/Private/Lumen/LumenSceneLighting.usf" 3072
"../../../Engine/Shaders/Private/Lumen/LumenCardTile.ush" 3073
"../../../Engine/Shaders/Private/Lumen/LumenSceneLighting.ush" 3074
"../../../Engine/Shaders/Private/Lumen/Radiosity/LumenRadiosity.ush" 3075
"../../../Engine/Shaders/Private/Lumen/LumenSceneLightingDebug.usf" 3076
"../../../Engine/Shaders/Private/Lumen/LumenScene.usf" 3077
"../../../Engine/Shaders/Private/Lumen/LumenSceneDirectLightingHardwareRayTracing.usf" 3078
"../../../Engine/Shaders/Private/Lumen/LumenSceneDirectLightingStochastic.ush" 3079
"../../../Engine/Shaders/Private/Lumen/LumenSceneDirectLighting.ush" 3080
"../../../Engine/Shaders/Private/Lumen/LumenSceneDebugHardwareRayTracing.usf" 3081
"../../../Engine/Shaders/Private/Lumen/LumenSceneDirectLightingStochastic.usf" 3082
"../../../Engine/Shaders/Private/Lumen/LumenSceneDirectLightingSoftwareRayTracing.usf" 3083
"../../../Engine/Shaders/Private/DistanceFieldShadowingShared.ush" 3084
"../../../Engine/Shaders/Private/Lumen/LumenSceneDirectLightingPerLightShadowCommon.ush" 3085
"../../../Engine/Shaders/Private/Lumen/LumenSceneDirectLightingShadowMask.usf" 3086
"../../../Engine/Shaders/Private/Lumen/LumenSceneDirectLighting.usf" 3087
"../../../Engine/Shaders/Private/Lumen/LumenSceneDirectLightingCulling.usf" 3088
"../../../Engine/Shaders/Private/Lumen/LumenCardComputeShader.usf" 3089
"../../../Engine/Shaders/Private/Lumen/LumenCardBasePass.ush" 3090
"../../../Engine/Shaders/Private/Lumen/LumenCardPixelShader.usf" 3091
"../../../Engine/Shaders/Private/Lumen/LumenCardVertexShader.usf" 3092
"../../../Engine/Shaders/Private/Lumen/LumenReSTIRGather.usf" 3093
"../../../Engine/Shaders/Private/Lumen/LumenReflectionTracing.usf" 3094
"../../../Engine/Shaders/Private/Lumen/LumenReflectionDenoiserSpatial.usf" 3095
"../../../Engine/Shaders/Private/Lumen/LumenReflectionDenoiserClear.usf" 3096
"../../../Engine/Shaders/Private/Lumen/LumenReflectionDenoiserTemporal.usf" 3097
"../../../Engine/Shaders/Private/Lumen/LumenReflectionResolve.usf" 3098
"../../../Engine/Shaders/Private/Lumen/LumenReflections.usf" 3099
"../../../Engine/Shaders/Private/Lumen/RayTracedTranslucency.usf" 3100
"../../../Engine/Shaders/Private/Lumen/LumenReflectionHardwareRayTracing.usf" 3101
"../../../Engine/Shaders/Private/Lumen/Radiosity/LumenVisualizeRadiosityProbes.usf" 3102
"../../../Engine/Shaders/Private/Lumen/Radiosity/LumenRadiosity.usf" 3103
"../../../Engine/Shaders/Private/Lumen/Radiosity/LumenRadiosityHardwareRayTracing.usf" 3104
"../../../Engine/Shaders/Private/Lumen/Radiosity/LumenRadiosityCulling.usf" 3105
"../../../Engine/Shaders/Private/Lumen/LumenRadianceCacheHardwareRayTracing.usf" 3106
"../../../Engine/Shaders/Private/Lumen/LumenRadianceCache.usf" 3107
"../../../Engine/Shaders/Private/Lumen/LumenRadianceCacheUpdate.ush" 3108
"../../../Engine/Shaders/Private/Lumen/LumenRadianceCacheDebug.usf" 3109
"../../../Engine/Shaders/Private/Lumen/LumenRadianceCacheUpdate.usf" 3110
"../../../Engine/Shaders/Private/Lumen/LumenMeshSDFCulling.usf" 3111
"../../../Engine/Shaders/Private/HybridIndirectLighting.ush" 3112
"../../../Engine/Shaders/Private/MeshDistanceFieldCommon.ush" 3113
"../../../Engine/Shaders/Private/Lumen/LumenIrradianceFieldGather.usf" 3114
"../../../Engine/Shaders/Private/Lumen/LumenHardwareRayTracingMaterials.usf" 3115
"../../../Engine/Shaders/Private/Lumen/LumenFrontLayerTranslucency.usf" 3116
"../../../Engine/Shaders/Private/LocalFogVolumes/LocalFogVolumeSplat.usf" 3117
"../../../Engine/Shaders/Private/LocalFogVolumes/LocalFogVolumeTiledCulling.usf" 3118
"../../../Engine/Shaders/Private/LightShaftShader.usf" 3119
"../../../Engine/Shaders/Private/StationaryLightOverlapShaders.usf" 3120
"../../../Engine/Shaders/Private/DeferredLightPixelShaders.usf" 3121
"../../../Engine/Shaders/Private/DeferredLightVertexShaders.usf" 3122
"../../../Engine/Shaders/Private/LightMapDensityShader.usf" 3123
"../../../Engine/Shaders/Private/LightGridInjection.usf" 3124
"../../../Engine/Shaders/Shared/LightGridDefinitions.h" 3125
"../../../Engine/Shaders/Private/LightFunctionPixelShader.usf" 3126
"../../../Engine/Shaders/Private/LightFunctionVertexShader.usf" 3127
"../../../Engine/Shaders/Private/LightFunctionAtlas/LightFunctionAtlasRender.usf" 3128
"../../../Engine/Shaders/Private/InstanceCulling/InstanceCullingOcclusionQuery.usf" 3129
"../../../Engine/Shaders/Private/InstanceCulling/InstanceCullingSetup.ush" 3130
"../../../Engine/Shaders/Private/InstanceCulling/BuildInstanceDrawCommands.usf" 3131
"../../../Engine/Shaders/Private/InstanceCulling/InstanceCompactionCommon.ush" 3132
"../../../Engine/Shaders/Private/SceneDataMobileWriter.ush" 3133
"../../../Engine/Shaders/Private/InstanceCulling/CompactVisibleInstances.usf" 3134
"../../../Engine/Shaders/Private/ReflectionEnvironmentPixelShader.usf" 3135
"../../../Engine/Shaders/Private/AmbientCubemapComposite.usf" 3136
"../../../Engine/Shaders/Private/DiffuseIndirectComposite.usf" 3137
"../../../Engine/Shaders/Private/IESAtlas.usf" 3138
"../../../Engine/Shaders/Private/HeterogeneousVolumes/HeterogeneousVolumesVisualizeCascades.usf" 3139
"../../../Engine/Shaders/Private/HeterogeneousVolumes/HeterogeneousVolumesVoxelGridShadows.usf" 3140
"../../../Engine/Shaders/Private/HeterogeneousVolumes/HeterogeneousVolumesStochasticFiltering.ush" 3141
"../../../Engine/Shaders/Private/HeterogeneousVolumes/HeterogeneousVolumesVoxelGridRenderingUtils.ush" 3142
"../../../Engine/Shaders/Private/HeterogeneousVolumes/HeterogeneousVolumesLightingUtils.ush" 3143
"../../../Engine/Shaders/Private/HeterogeneousVolumes/HeterogeneousVolumesRayMarchingUtils.ush" 3144
"../../../Engine/Shaders/Private/HeterogeneousVolumes/HeterogeneousVolumesRayMarchingTypes.ush" 3145
"../../../Engine/Shaders/Private/HeterogeneousVolumes/HeterogeneousVolumesTransmittanceVolumeUtils.ush" 3146
"../../../Engine/Shaders/Private/HeterogeneousVolumes/HeterogeneousVolumesAdaptiveVolumetricShadowMapSampler.ush" 3147
"../../../Engine/Shaders/Private/HeterogeneousVolumes/HeterogeneousVolumesVoxelGridRendering.usf" 3148
"../../../Engine/Shaders/Private/HeterogeneousVolumes/HeterogeneousVolumesVoxelGridPipeline.usf" 3149
"../../../Engine/Shaders/Private/HeterogeneousVolumes/HeterogeneousVolumesMaterialBakingPipeline.usf" 3150
"../../../Engine/Shaders/Private/HeterogeneousVolumes/HeterogeneousVolumesLiveShadingUtils.ush" 3151
"../../../Engine/Shaders/Private/HeterogeneousVolumes/HeterogeneousVolumesFrustumVoxelGrid.usf" 3152
"../../../Engine/Shaders/Private/HeterogeneousVolumes/HeterogeneousVolumesSparseVoxelPipeline.usf" 3153
"../../../Engine/Shaders/Private/HeterogeneousVolumes/HeterogeneousVolumesSparseVoxelUtils.ush" 3154
"../../../Engine/Shaders/Private/HeterogeneousVolumes/HeterogeneousVolumesSparseVoxelUniformBufferUtils.ush" 3155
"../../../Engine/Shaders/Private/HeterogeneousVolumes/HeterogeneousVolumesPreshadingPipeline.usf" 3156
"../../../Engine/Shaders/Private/HeterogeneousVolumes/HeterogeneousVolumesShadowMask.usf" 3157
"../../../Engine/Shaders/Private/HeterogeneousVolumes/HeterogeneousVolumesLiveShadingShadows.usf" 3158
"../../../Engine/Shaders/Private/HeterogeneousVolumes/HeterogeneousVolumesLiveShadingGlobalPipeline.usf" 3159
"../../../Engine/Shaders/Private/HeterogeneousVolumes/HeterogeneousVolumesLiveShadingPipeline.usf" 3160
"../../../Engine/Shaders/Private/HeterogeneousVolumes/HeterogeneousVolumesHardwareRayTracing.usf" 3161
"../../../Engine/Shaders/Private/HeterogeneousVolumes/HeterogeneousVolumesAmbientOcclusionPipeline.usf" 3162
"../../../Engine/Shaders/Private/HeterogeneousVolumes/HeterogeneousVolumesComposite.usf" 3163
"../../../Engine/Shaders/Private/HdrCustomResolveShaders.usf" 3164
"../../../Engine/Shaders/Private/HairStrands/RenderCurveRaster.usf" 3165
"../../../Engine/Shaders/Shared/RenderCurveDefinitions.h" 3166
"../../../Engine/Shaders/Private/HairStrands/HairStrandsVoxelRasterCompute.usf" 3167
"../../../Engine/Shaders/Private/HairStrands/HairStrandsHitProxy.usf" 3168
"../../../Engine/Shaders/Private/HairStrands/HairStrandsVisibilityRasterComputeNaive.usf" 3169
"../../../Engine/Shaders/Private/HairStrands/HairStrandsVisibilityRasterHW.usf" 3170
"../../../Engine/Shaders/Private/HairStrands/HairStrandsVisibilityRasterCompute.usf" 3171
"../../../Engine/Shaders/Private/HairStrands/HairStrandsVisibilityRasterClassification.usf" 3172
"../../../Engine/Shaders/Private/HairStrands/HairStrandsCoverage.usf" 3173
"../../../Engine/Shaders/Private/HairStrands/HairStrandsVisibilityDepthPS.usf" 3174
"../../../Engine/Shaders/Private/HairStrands/HairStrandsVisibilityTransmittanceDepthPS.usf" 3175
"../../../Engine/Shaders/Private/HairStrands/HairStrandsVisibilityFillOpaqueDepthPS.usf" 3176
"../../../Engine/Shaders/Private/HairStrands/HairStrandsVisibilityCompactionComputeRaster.usf" 3177
"../../../Engine/Shaders/Private/HairStrands/HairStrandsVisibilityCompaction.usf" 3178
"../../../Engine/Shaders/Private/HairStrands/HairStrandsVisibilityCopyIndirectArg.usf" 3179
"../../../Engine/Shaders/Private/HairStrands/HairStrandsVisibilityClearPS.usf" 3180
"../../../Engine/Shaders/Private/HairStrands/HairStrandsVisibilityPS.usf" 3181
"../../../Engine/Shaders/Private/HairStrands/HairStrandsVisibilityVS.usf" 3182
"../../../Engine/Shaders/Private/HairStrands/HairStrandsVelocity.usf" 3183
"../../../Engine/Shaders/Private/HairStrands/HairStrandsVisibilityComputeSampleCoverage.usf" 3184
"../../../Engine/Shaders/Private/HairStrands/HairStrandsMaterialPS.usf" 3185
"../../../Engine/Shaders/Private/HairStrands/HairStrandsMaterialCommon.ush" 3186
"../../../Engine/Shaders/Private/HairStrands/HairStrandsMaterialVS.usf" 3187
"../../../Engine/Shaders/Private/HairStrands/HairStrandsLightSample.usf" 3188
"../../../Engine/Shaders/Private/HairStrands/HairStrandsDeepShadowMask.usf" 3189
"../../../Engine/Shaders/Private/HairStrands/HairStrandsDeepTransmittanceMask.usf" 3190
"../../../Engine/Shaders/Private/HairStrands/HairStrandsVisibilityTile.usf" 3191
"../../../Engine/Shaders/Private/HairStrands/HairStrandsDeepShadowPS.usf" 3192
"../../../Engine/Shaders/Private/HairStrands/HairStrandsDeepShadowVS.usf" 3193
"../../../Engine/Shaders/Private/HairStrands/HairStrandsAABB.usf" 3194
"../../../Engine/Shaders/Private/HairStrands/HairStrandsLUT.usf" 3195
"../../../Engine/Shaders/Private/HairStrands/HairStrandsForwardRaster.usf" 3196
"../../../Engine/Shaders/Private/HairStrands/HairStrandsForwardCulling.usf" 3197
"../../../Engine/Shaders/Private/HairStrands/HairStrandsEnvironmentLighting.usf" 3198
"../../../Engine/Shaders/Private/HairStrands/HairStrandsEnvironmentAO.usf" 3199
"../../../Engine/Shaders/Private/HairStrands/HairStrandsDeepShadowAllocation.usf" 3200
"../../../Engine/Shaders/Private/HairStrands/HairStrandsVoxelDebug.usf" 3201
"../../../Engine/Shaders/Private/HairStrands/HairStrandsComposition.usf" 3202
"../../../Engine/Shaders/Private/HairStrands/HairStrandsGBufferCommon.ush" 3203
"../../../Engine/Shaders/Private/GPUScene/GPUSceneDataManagement.usf" 3204
"../../../Engine/Shaders/Private/GPUSceneDebugRender.usf" 3205
"../../../Engine/Shaders/Private/GPUFeedbackCompaction.usf" 3206
"../../../Engine/Shaders/Private/GPUFastFourierTransform.usf" 3207
"../../../Engine/Shaders/Private/GPUFastFourierTransform2DCore.ush" 3208
"../../../Engine/Shaders/Private/GPUFastFourierTransformCore.ush" 3209
"../../../Engine/Shaders/Private/GPUBenchmark.usf" 3210
"../../../Engine/Shaders/Private/DistanceField/GlobalDistanceFieldDebug.usf" 3211
"../../../Engine/Shaders/Private/DistanceField/GlobalDistanceFieldUpdate.ush" 3212
"../../../Engine/Shaders/Private/DistanceField/GlobalDistanceFieldMip.usf" 3213
"../../../Engine/Shaders/Private/DistanceField/GlobalDistanceField.usf" 3214
"../../../Engine/Shaders/Private/DistanceField/GlobalDistanceFieldCompositeObjects.usf" 3215
"../../../Engine/Shaders/Private/DistanceField/GlobalDistanceFieldHeightfields.usf" 3216
"../../../Engine/Shaders/Private/HeightfieldLightingShared.ush" 3217
"../../../Engine/Shaders/Private/GenerateConservativeDepth.usf" 3218
"../../../Engine/Shaders/Private/HeightFogPixelShader.usf" 3219
"../../../Engine/Shaders/Private/HeightFogVertexShader.usf" 3220
"../../../Engine/Shaders/Private/DistortFiltering.usf" 3221
"../../../Engine/Shaders/Private/DistortAccumulatePS.usf" 3222
"../../../Engine/Shaders/Private/DistortAccumulateVS.usf" 3223
"../../../Engine/Shaders/Private/DistanceFieldVisualization.usf" 3224
"../../../Engine/Shaders/Private/DistanceFieldStreaming.usf" 3225
"../../../Engine/Shaders/Private/DistanceFieldShadowing.usf" 3226
"../../../Engine/Shaders/Private/DistanceFieldScreenGridLighting.usf" 3227
"../../../Engine/Shaders/Private/DistanceFieldObjectCulling.usf" 3228
"../../../Engine/Shaders/Private/DistanceFieldLightingPost.usf" 3229
"../../../Engine/Shaders/Private/DitheredTransitionStencil.usf" 3230
"../../../Engine/Shaders/Private/CopyDepthTexture.usf" 3231
"../../../Engine/Shaders/Private/CopyDepthTextureCS.usf" 3232
"../../../Engine/Shaders/Private/DeferredDecal.usf" 3233
"../../../Engine/Shaders/Private/DecalCommon.ush" 3234
"../../../Engine/Shaders/Private/DebugViewModeVertexShader.usf" 3235
"../../../Engine/Shaders/Private/DebugViewModeCommon.ush" 3236
"../../../Engine/Shaders/Private/DebugViewModePixelShader.usf" 3237
"../../../Engine/Shaders/Private/DebugProbes.usf" 3238
"../../../Engine/Shaders/Private/MeshDecals.usf" 3239
"../../../Engine/Shaders/Private/PostProcessAmbientOcclusion.usf" 3240
"../../../Engine/Shaders/Private/ClusteredDeferredShadingPixelShader.usf" 3241
"../../../Engine/Shaders/Private/ClusteredDeferredShadingVertexShader.usf" 3242
"../../../Engine/Shaders/Private/CapsuleShadowShaders.usf" 3243
"../../../Engine/Shaders/Private/BasePassPixelShader.usf" 3244
"../../../Engine/Shaders/Private/ForwardLightingCommon.ush" 3245
"../../../Engine/Shaders/Private/Substrate/SubstrateForwardLighting.ush" 3246
"../../../Engine/Shaders/Private/ComputeShaderOutputCommon.ush" 3247
"../../../Engine/Shaders/Private/BasePassVertexShader.usf" 3248
"../../../Engine/Shaders/Private/BasePassVertexCommon.ush" 3249
"../../../Engine/Shaders/Private/SimpleElementVolumeTexturePreviewPixelShader.usf" 3250
"../../../Engine/Shaders/Private/SimpleElementTexture2DPreviewPixelShader.usf" 3251
"../../../Engine/Shaders/Private/meshpaintdilatepixelshader.usf" 3252
"../../../Engine/Shaders/Private/meshpaintdilatevertexshader.usf" 3253
"../../../Engine/Shaders/Private/MeshPaintPixelShader.usf" 3254
"../../../Engine/Shaders/Private/MeshPaintVertexShader.usf" 3255
"../../../Engine/Shaders/Private/SlateElementPixelShader.usf" 3256
"../../../Engine/Shaders/Private/SlateShaderCommon.ush" 3257
"../../../Engine/Shaders/Private/SlateMaskingShader.usf" 3258
"../../../Engine/Shaders/Private/SlateVertexShader.usf" 3259
"../../../Engine/Shaders/Private/CompositeUIPixelShader.usf" 3260
"../../../Engine/Shaders/Private/ColorDeficiency.ush" 3261
"../../../Engine/Shaders/Private/SlatePostProcessColorDeficiencyPixelShader.usf" 3262
"../../../Engine/Shaders/Private/SlatePostProcessPixelShader.usf" 3263
"../../../Engine/Shaders/Private/Tools/VisualizeTexture.usf" 3264
"../../../Engine/Shaders/Private/UpdateDescriptorHandle.usf" 3265
"../../../Engine/Shaders/Private/ByteBuffer.usf" 3266
"../../../Engine/Shaders/Private/ShaderBundleWorkGraphDispatch.usf" 3267
"../../../Engine/Shaders/Private/ShaderBundleDispatch.usf" 3268
"../../../Engine/Shaders/Private/ResolveVertexShader.usf" 3269
"../../../Engine/Shaders/Private/ResolvePixelShader.usf" 3270
"../../../Engine/Shaders/Private/Tools/SetupIndirectArgs.usf" 3271
"../../../Engine/Shaders/Private/ClearReplacementShaders.usf" 3272
"../../../Engine/Shaders/Private/Tools/DrawTexture.usf" 3273
"../../../Engine/Shaders/Private/RayTracing/RayTracingValidation.usf" 3274
"../../../Engine/Shaders/Private/RenderGraphUtilities.usf" 3275
"../../../Engine/Shaders/Private/OneColorShader.usf" 3276
"../../../Engine/Shaders/Private/OculusShaders.usf" 3277
"../../../Engine/Shaders/Private/MediaShaders.usf" 3278
"../../../Engine/Shaders/Private/GPUMessaging.usf" 3279
"../../../Engine/Shaders/Private/Tools/GPUDebugCrashUtils.usf" 3280
"../../../Engine/Shaders/Private/NullPixelShader.usf" 3281
"../../../Engine/Shaders/Private/ComputeGenerateMips.usf" 3282
"../../../Engine/Shaders/Private/Tools/DumpTexture.usf" 3283
"../../../Engine/Shaders/Private/CopyTextureShaders.usf" 3284
"../../../Engine/Shaders/Private/Tools/FullscreenVertexShader.usf" 3285
"../../../Engine/Shaders/Private/RayTracing/RayTracingDispatchDesc.usf" 3286
"../../../Engine/Shaders/Private/Bink.usf" 3287
"../../../Engine/Shaders/Private/DepthOnlyPixelShader.usf" 3288
"../../../Engine/Shaders/Private/PositionOnlyDepthVertexShader.usf" 3289
"../../../Engine/Shaders/Private/DepthOnlyVertexShader.usf" 3290
"../../../Engine/Shaders/Private/AnisotropyPassShader.usf" 3291
"C:/Users/rscroggin/Documents/Unreal Projects/IGS2026/RogueFirefight/Content/Substance_Materials_Vol1_Wood/Substance_Textures/ST_Submat_V1_Wood01.uasset" 3292
"C:/Users/rscroggin/Documents/Unreal Projects/IGS2026/RogueFirefight/Content/Substance_Materials_Vol1_Wood/Substance_Textures/ST_Submat_V1_Wood02.uasset" 3293
"C:/Users/rscroggin/Documents/Unreal Projects/IGS2026/RogueFirefight/Content/Substance_Materials_Vol1_Wood/Substance_Textures/ST_Submat_V1_Wood03.uasset" 3294
"C:/Users/rscroggin/Documents/Unreal Projects/IGS2026/RogueFirefight/Content/Substance_Materials_Vol1_Wood/Substance_Textures/ST_Submat_V1_Wood04.uasset" 3295
"C:/Users/rscroggin/Documents/Unreal Projects/IGS2026/RogueFirefight/Content/Substance_Materials_Vol1_Wood/Substance_Textures/ST_Submat_V1_Wood05.uasset" 3296
"C:/Users/rscroggin/Documents/Unreal Projects/IGS2026/RogueFirefight/Content/Substance_Materials_Vol1_Wood/Substance_Textures/ST_Submat_V1_Wood06.uasset" 3297
"C:/Users/rscroggin/Documents/Unreal Projects/IGS2026/RogueFirefight/Content/Substance_Materials_Vol1_Wood/Substance_Textures/ST_Submat_V1_Wood07.uasset" 3298
"C:/Users/rscroggin/Documents/Unreal Projects/IGS2026/RogueFirefight/Content/Substance_Materials_Vol1_Wood/Substance_Textures/ST_Submat_V1_Wood08.uasset" 3299
"C:/Users/rscroggin/Documents/Unreal Projects/IGS2026/RogueFirefight/Content/Substance_Materials_Vol1_Wood/Substance_Textures/ST_Submat_V1_Wood09.uasset" 3300
"C:/Users/rscroggin/Documents/Unreal Projects/IGS2026/RogueFirefight/Content/Substance_Materials_Vol1_Wood/Substance_Textures/ST_Submat_V1_Wood10.uasset" 3301
"C:/Users/rscroggin/Documents/Unreal Projects/IGS2026/RogueFirefight/Content/Substance_Materials_Vol1_Wood/Substance_Textures/ST_Submat_V1_Wood11.uasset" 3302
"C:/Users/rscroggin/Documents/Unreal Projects/IGS2026/RogueFirefight/Content/Substance_Materials_Vol1_Wood/Substance_Textures/ST_Submat_V1_Wood12.uasset" 3303
"C:/Users/rscroggin/Documents/Unreal Projects/IGS2026/RogueFirefight/Content/Substance_Materials_Vol1_Wood/Substance_Textures/ST_Submat_V1_Wood13.uasset" 3304
"C:/Users/rscroggin/Documents/Unreal Projects/IGS2026/RogueFirefight/Content/Substance_Materials_Vol1_Wood/Substance_Textures/ST_Submat_V1_Wood14.uasset" 3305
"C:/Users/rscroggin/Documents/Unreal Projects/IGS2026/RogueFirefight/Content/Substance_Materials_Vol1_Wood/Substance_Textures/ST_Submat_V1_Wood15.uasset" 3306
"C:/Users/rscroggin/Documents/Unreal Projects/IGS2026/RogueFirefight/Content/Substance_Materials_Vol1_Wood/Substance_Textures/ST_Submat_V1_Wood16.uasset" 3307
"C:/Users/rscroggin/Documents/Unreal Projects/IGS2026/RogueFirefight/Content/Substance_Materials_Vol1_Wood/Substance_Textures/Submat_V1_Wood.uasset" 3308
"/Engine/EngineResources/WhiteSquareTexture" 3309
"../../../Engine/Content/EngineResources/WhiteSquareTexture.uasset" 3310
"/Engine/EngineResources/GradientTexture0" 3311
"../../../Engine/Content/EngineResources/GradientTexture0.uasset" 3312
"/Engine/EngineResources/Black" 3313
"../../../Engine/Content/EngineResources/Black.uasset" 3314
"/Engine/EditorResources/S_Actor" 3315
"../../../Engine/Content/EditorResources/S_Actor.uasset" 3316
"/Engine/EngineFonts/RobotoDistanceField" 3317
"../../../Engine/Content/EngineFonts/RobotoDistanceField.uasset" 3318
"/Engine/EngineMaterials/DefaultTextMaterialOpaque" 3319
"../../../Engine/Content/EngineMaterials/DefaultTextMaterialOpaque.uasset" 3320
"/Engine/Functions/Engine_MaterialFunctions01/Shading/PowerToRoughness" 3321
"../../../Engine/Content/Functions/Engine_MaterialFunctions01/Shading/PowerToRoughness.uasset" 3322
"/Engine/Functions/Engine_MaterialFunctions01/Shading/ConvertFromDiffSpec" 3323
"../../../Engine/Content/Functions/Engine_MaterialFunctions01/Shading/ConvertFromDiffSpec.uasset" 3324
"/Engine/EngineMaterials/WorldGridMaterial" 3325
"../../../Engine/Content/EngineMaterials/WorldGridMaterial.uasset" 3326
"../../../Engine/Content/Functions/Engine_MaterialFunctions01/Opacity/CameraDepthFade.uasset" 3327
"../../../Engine/Content/EngineMaterials/T_Default_Material_Grid_M.uasset" 3328
"../../../Engine/Content/EngineMaterials/T_Default_Material_Grid_N.uasset" 3329
"/Engine/EngineMaterials/DefaultDeferredDecalMaterial" 3330
"../../../Engine/Content/EngineMaterials/DefaultDeferredDecalMaterial.uasset" 3331
"../../../Engine/Content/EngineMaterials/DefaultDiffuse.uasset" 3332
"/Engine/EngineMaterials/DefaultLightFunctionMaterial" 3333
"../../../Engine/Content/EngineMaterials/DefaultLightFunctionMaterial.uasset" 3334
"/Engine/EngineMaterials/DefaultPostProcessMaterial" 3335
"../../../Engine/Content/EngineMaterials/DefaultPostProcessMaterial.uasset" 3336
"../../../Engine/Content/Functions/Engine_MaterialFunctions02/Utility/BreakOutFloat2Components.uasset" 3337
"/Engine/EditorResources/S_Trigger" 3338
"../../../Engine/Content/EditorResources/S_Trigger.uasset" 3339
"/Engine/EditorResources/S_BoxReflectionCapture" 3340
"../../../Engine/Content/EditorResources/S_BoxReflectionCapture.uasset" 3341
"/Engine/EngineResources/DefaultTexture" 3342
"../../../Engine/Content/EngineResources/DefaultTexture.uasset" 3343
"/Engine/EditorResources/S_TriggerBox" 3344
"../../../Engine/Content/EditorResources/S_TriggerBox.uasset" 3345
"/Engine/EditorResources/S_TriggerCapsule" 3346
"../../../Engine/Content/EditorResources/S_TriggerCapsule.uasset" 3347
"/Engine/EditorResources/S_TriggerSphere" 3348
"../../../Engine/Content/EditorResources/S_TriggerSphere.uasset" 3349
"/Engine/EngineMeshes/Sphere" 3350
"../../../Engine/Content/EngineMeshes/Sphere.uasset" 3351
"/Engine/EngineDamageTypes/DmgTypeBP_Environmental" 3352
"../../../Engine/Content/EngineDamageTypes/DmgTypeBP_Environmental.uasset" 3353
"/Engine/EngineResources/DefaultTextureCube" 3354
"../../../Engine/Content/EngineResources/DefaultTextureCube.uasset" 3355
"/Engine/EngineResources/DefaultVolumeTexture" 3356
"../../../Engine/Content/EngineResources/DefaultVolumeTexture.uasset" 3357
"../../../Engine/Content/EngineResources/DefaultVolumeTexture2D.uasset" 3358
"/Engine/EditorResources/S_Solver" 3359
"../../../Engine/Content/EditorResources/S_Solver.uasset" 3360
"/Engine/EngineDebugMaterials/VolumeToRender" 3361
"../../../Engine/Content/EngineDebugMaterials/VolumeToRender.uasset" 3362
"/Engine/EngineDebugMaterials/M_VolumeRenderSphereTracePP" 3363
"../../../Engine/Content/EngineDebugMaterials/M_VolumeRenderSphereTracePP.uasset" 3364
"../../../Engine/Content/Functions/Engine_MaterialFunctions02/Utility/CameraDirectionVector.uasset" 3365
"/Engine/EditorMeshes/Camera/SM_CraneRig_Base" 3366
"../../../Engine/Content/EditorMeshes/Camera/SM_CraneRig_Base.uasset" 3367
"../../../Engine/Content/EditorMaterials/Camera/MI_CineMat_Rig.uasset" 3368
"../../../Engine/Content/EditorMaterials/Camera/CineMat.uasset" 3369
"/Engine/EditorMeshes/Camera/SM_CraneRig_Arm" 3370
"../../../Engine/Content/EditorMeshes/Camera/SM_CraneRig_Arm.uasset" 3371
"/Engine/EditorMeshes/Camera/SM_CraneRig_Mount" 3372
"../../../Engine/Content/EditorMeshes/Camera/SM_CraneRig_Mount.uasset" 3373
"/Engine/EditorMeshes/Camera/SM_CraneRig_Body" 3374
"../../../Engine/Content/EditorMeshes/Camera/SM_CraneRig_Body.uasset" 3375
"/Engine/EditorMeshes/Camera/SM_RailRig_Track" 3376
"../../../Engine/Content/EditorMeshes/Camera/SM_RailRig_Track.uasset" 3377
"/Engine/EditorMeshes/Camera/SM_RailRig_Mount" 3378
"../../../Engine/Content/EditorMeshes/Camera/SM_RailRig_Mount.uasset" 3379
"/Engine/EditorLandscapeResources/SplineEditorMesh" 3380
"../../../Engine/Content/EditorLandscapeResources/SplineEditorMesh.uasset" 3381
"../../../Engine/Content/EditorLandscapeResources/SplineEditorMeshMat.uasset" 3382
"/Water/Icons/WaterBodyIslandSprite" 3383
"../../Plugins/Experimental/Water/Content/Icons/WaterBodyIslandSprite.uasset" 3384
"/Water/Icons/WaterZoneActorSprite" 3385
"../../Plugins/Experimental/Water/Content/Icons/WaterZoneActorSprite.uasset" 3386
"/HairStrands/Materials/HairDebugMaterial" 3387
"../../Plugins/Runtime/HairStrands/Content/Materials/HairDebugMaterial.uasset" 3388
"../../../Engine/Content/Functions/Engine_MaterialFunctions02/Utility/MakeFloat2.uasset" 3389
"../../../Engine/Content/Functions/Engine_MaterialFunctions02/Utility/MakeFloat3.uasset" 3390
"../../../Engine/Content/EngineMaterials/HairColorMap.uasset" 3391
"../../../Engine/Content/EngineMaterials/HairDebugColor.uasset" 3392
"../../Plugins/Runtime/HairStrands/Content/Materials/HairGroupColors.uasset" 3393
"/HairStrands/Materials/HairDefaultMaterial" 3394
"../../Plugins/Runtime/HairStrands/Content/Materials/HairDefaultMaterial.uasset" 3395
"/HairStrands/Materials/HairCardsDefaultMaterial" 3396
"../../Plugins/Runtime/HairStrands/Content/Materials/HairCardsDefaultMaterial.uasset" 3397
"/HairStrands/Materials/HairMeshesDefaultMaterial" 3398
"../../Plugins/Runtime/HairStrands/Content/Materials/HairMeshesDefaultMaterial.uasset" 3399
"/Engine/EngineMaterials/Widget3DPassThrough_Translucent" 3400
"../../../Engine/Content/EngineMaterials/Widget3DPassThrough_Translucent.uasset" 3401
"../../../Engine/Content/EngineMaterials/Widget3DPassThrough.uasset" 3402
"/Engine/EngineMaterials/Widget3DPassThrough_Translucent_OneSided" 3403
"../../../Engine/Content/EngineMaterials/Widget3DPassThrough_Translucent_OneSided.uasset" 3404
"/Engine/EngineMaterials/Widget3DPassThrough_Opaque" 3405
"../../../Engine/Content/EngineMaterials/Widget3DPassThrough_Opaque.uasset" 3406
"/Engine/EngineMaterials/Widget3DPassThrough_Opaque_OneSided" 3407
"../../../Engine/Content/EngineMaterials/Widget3DPassThrough_Opaque_OneSided.uasset" 3408
"/Engine/EngineMaterials/Widget3DPassThrough_Masked" 3409
"../../../Engine/Content/EngineMaterials/Widget3DPassThrough_Masked.uasset" 3410
"/Engine/EngineMaterials/Widget3DPassThrough_Masked_OneSided" 3411
"../../../Engine/Content/EngineMaterials/Widget3DPassThrough_Masked_OneSided.uasset" 3412
"/Engine/VREditor/ViewportInteractionAssetContainerData" 3413
"../../../Engine/Content/VREditor/ViewportInteractionAssetContainerData.uasset" 3414
"../../../Engine/Content/VREditor/SnapGrid/SnapGridMaterial.uasset" 3415
"../../../Engine/Content/VREditor/TransformGizmo/TransformGizmoMaterial_Inst.uasset" 3416
"../../../Engine/Content/VREditor/TransformGizmo/TranslucentTransformGizmoMaterial_Inst.uasset" 3417
"../../../Engine/Content/VREditor/SnapGrid/SnapGridPlaneMesh.uasset" 3418
"../../../Engine/Content/VREditor/Sounds/UI/Drop_Item_From_ContentBrowser.uasset" 3419
"../../../Engine/Content/VREditor/Sounds/UI/Gizmo_Handle_Clicked.uasset" 3420
"../../../Engine/Content/VREditor/Sounds/UI/Object_PickUp.uasset" 3421
"../../../Engine/Content/VREditor/Sounds/UI/Object_Snaps_To_Another_Actor.uasset" 3422
"../../../Engine/Content/VREditor/Sounds/UI/Object_Snaps_To_Grid.uasset" 3423
"../../../Engine/Content/VREditor/Sounds/UI/Scaling_Down.uasset" 3424
"../../../Engine/Content/VREditor/Sounds/UI/Scaling_Up.uasset" 3425
"../../../Engine/Content/VREditor/Sounds/UI/Selection_Changes.uasset" 3426
"../../../Engine/Content/VREditor/TransformGizmo/PlaneTranslationHandle.uasset" 3427
"../../../Engine/Content/VREditor/TransformGizmo/RotationHandleFull.uasset" 3428
"../../../Engine/Content/VREditor/TransformGizmo/RotationHandleIndicator.uasset" 3429
"../../../Engine/Content/VREditor/TransformGizmo/RotationHandleQuarter.uasset" 3430
"../../../Engine/Content/VREditor/TransformGizmo/StartRotationHandleIndicator.uasset" 3431
"../../../Engine/Content/VREditor/TransformGizmo/TransformGizmoFreeRotation.uasset" 3432
"../../../Engine/Content/VREditor/TransformGizmo/TranslateArrowHandle.uasset" 3433
"../../../Engine/Content/VREditor/TransformGizmo/UniformScaleHandle.uasset" 3434
"../../../Engine/Content/Functions/Engine_MaterialFunctions02/Math/Transform3x3Matrix.uasset" 3435
"../../../Engine/Content/Functions/Engine_MaterialFunctions02/SplitComponents.uasset" 3436
"../../../Engine/Content/VREditor/TransformGizmo/TransformGizmoMaterial.uasset" 3437
"../../../Engine/Content/VREditor/TransformGizmo/TranslucentTransformGizmoMaterial.uasset" 3438
"../../../Engine/Content/Functions/Engine_MaterialFunctions02/Utility/BreakOutFloat3Components.uasset" 3439
"../../../Engine/Content/VREditor/LaserPointer/VR_LaserPower_01.uasset" 3440
"/Engine/VREditor/TransformGizmo/BoundingBoxCorner" 3441
"../../../Engine/Content/VREditor/TransformGizmo/BoundingBoxCorner.uasset" 3442
"/Engine/VREditor/TransformGizmo/BoundingBoxEdge" 3443
"../../../Engine/Content/VREditor/TransformGizmo/BoundingBoxEdge.uasset" 3444
"/Engine/ArtTools/RenderToTexture/Meshes/S_1_Unit_Plane" 3445
"../../../Engine/Content/ArtTools/RenderToTexture/Meshes/S_1_Unit_Plane.uasset" 3446
"/Engine/EngineDebugMaterials/M_SimpleUnlitTranslucent" 3447
"../../../Engine/Content/EngineDebugMaterials/M_SimpleUnlitTranslucent.uasset" 3448
"/Engine/EngineFonts/Roboto" 3449
"../../../Engine/Content/EngineFonts/Roboto.uasset" 3450
"../../../Engine/Content/EngineFonts/Faces/DroidSansFallback.uasset" 3451
"../../../Engine/Content/EngineFonts/Faces/RobotoBold.uasset" 3452
"../../../Engine/Content/EngineFonts/Faces/RobotoBoldItalic.uasset" 3453
"../../../Engine/Content/EngineFonts/Faces/RobotoItalic.uasset" 3454
"../../../Engine/Content/EngineFonts/Faces/RobotoLight.uasset" 3455
"../../../Engine/Content/EngineFonts/Faces/RobotoRegular.uasset" 3456
"/Engine/EditorMaterials/ParticleSystems/PSysThumbnail_NoImage" 3457
"../../../Engine/Content/EditorMaterials/ParticleSystems/PSysThumbnail_NoImage.uasset" 3458
"/Engine/EditorMaterials/ParticleSystems/PSysThumbnail_OOD" 3459
"../../../Engine/Content/EditorMaterials/ParticleSystems/PSysThumbnail_OOD.uasset" 3460
"/Engine/EngineResources/LandscapeVisibilityLayerInfo" 3461
"../../../Engine/Content/EngineResources/LandscapeVisibilityLayerInfo.uasset" 3462
"/Water/Meshes/LakeMesh" 3463
"../../Plugins/Experimental/Water/Content/Meshes/LakeMesh.uasset" 3464
"/Water/Meshes/RiverMesh" 3465
"../../Plugins/Experimental/Water/Content/Meshes/RiverMesh.uasset" 3466
"/Water/Icons/WaterBodyExclusionVolumeSprite" 3467
"../../Plugins/Experimental/Water/Content/Icons/WaterBodyExclusionVolumeSprite.uasset" 3468
"../../../../../../Users/rscroggin/Documents/Unreal Projects/IGS2026/RogueFirefight/Intermediate/ShaderAutogen/PCD3D_SM5/AutogenShaderHeaders.ush" 3469
"/ACLPlugin/ACLAnimBoneCompressionSettings" 3470
"../../Plugins/Animation/ACLPlugin/Content/ACLAnimBoneCompressionSettings.uasset" 3471
"/Engine/Animation/DefaultRecorderBoneCompression" 3472
"../../../Engine/Content/Animation/DefaultRecorderBoneCompression.uasset" 3473
"/ACLPlugin/ACLAnimCurveCompressionSettings" 3474
"../../Plugins/Animation/ACLPlugin/Content/ACLAnimCurveCompressionSettings.uasset" 3475
"/Engine/Animation/DefaultVariableFrameStrippingSettings" 3476
"../../../Engine/Content/Animation/DefaultVariableFrameStrippingSettings.uasset" 3477
"/ControlRig/Controls/ControlRigXRayMaterial" 3478
"../../Plugins/Animation/ControlRig/Content/Controls/ControlRigXRayMaterial.uasset" 3479
"/ControlRig/Controls/DefaultGizmoLibraryNormalized" 3480
"../../Plugins/Animation/ControlRig/Content/Controls/DefaultGizmoLibraryNormalized.uasset" 3481
"/ControlRig/M_Manip" 3482
"../../Plugins/Animation/ControlRig/Content/M_Manip.uasset" 3483
"../../../Engine/Content/Functions/Engine_MaterialFunctions02/WorldPositionOffset/CameraOffset.uasset" 3484
"/Paper2D/MaskedUnlitSpriteMaterial" 3485
"../../Plugins/2D/Paper2D/Content/MaskedUnlitSpriteMaterial.uasset" 3486
"../../Plugins/2D/Paper2D/Content/DefaultSpriteMaterial.uasset" 3487
"../../Plugins/2D/Paper2D/Content/PlaceholderTextures/DummySpriteTexture.uasset" 3488
"/Paper2D/OpaqueUnlitSpriteMaterial" 3489
"../../Plugins/2D/Paper2D/Content/OpaqueUnlitSpriteMaterial.uasset" 3490
"/Paper2D/DefaultPaperTerrainMaterial" 3491
"../../Plugins/2D/Paper2D/Content/DefaultPaperTerrainMaterial.uasset" 3492
"../../Plugins/2D/Paper2D/Content/DummySprite.uasset" 3493
"/AudioWidgets/Resources/ScrubHandleDown_Clamped" 3494
"../../Plugins/Runtime/AudioWidgets/Content/Resources/ScrubHandleDown_Clamped.uasset" 3495
"../../../Engine/Config/BaseUnrealInsightsSettings.ini" 3496
"/PCG/ComputeSources/PCGCS_ShaderUtils" 3497
"../../Plugins/PCG/Content/ComputeSources/PCGCS_ShaderUtils.uasset" 3498
"/PCG/ComputeSources/PCGCS_ShaderUtilsInternal" 3499
"../../Plugins/PCG/Content/ComputeSources/PCGCS_ShaderUtilsInternal.uasset" 3500
"/PCG/ComputeSources/PCGCS_Quaternion" 3501
"../../Plugins/PCG/Content/ComputeSources/PCGCS_Quaternion.uasset" 3502
"/MediaPlate/SM_MediaPlateScreen" 3503
"../../Plugins/Media/MediaPlate/Content/SM_MediaPlateScreen.uasset" 3504
"/Landmass/Landscape/BlueprintBrushes/Materials/Internal/BrushBounds" 3505
"../../Plugins/Experimental/Landmass/Content/Landscape/BlueprintBrushes/Materials/Internal/BrushBounds.uasset" 3506
"../../../Engine/Content/EditorMaterials/TilingAAGrid.uasset" 3507
"../../../Engine/Content/EditorMaterials/TilingAALineBoxFiltered.uasset" 3508
"../../../Engine/Content/EditorMaterials/TilingAALineIntegral.uasset" 3509
"../../../Engine/Content/Functions/Engine_MaterialFunctions01/ImageAdjustment/SCurve.uasset" 3510
"../../../Engine/Content/Functions/Engine_MaterialFunctions02/Utility/VectorLength.uasset" 3511
"../../../Engine/Content/Functions/Engine_MaterialFunctions02/WorldPositionOffset/V2/ObjectScale.uasset" 3512
"../../../Engine/Content/Functions/Engine_MaterialFunctions03/Blends/Blend_Screen.uasset" 3513
"../../../Engine/Content/Functions/Engine_MaterialFunctions03/Procedurals/ComputeFilterWidth.uasset" 3514
"../../Plugins/Experimental/Landmass/Content/Landscape/BlueprintBrushes/Materials/BrushMaterials/BasicFunctions/LandmassBrush_ShapeMask.uasset" 3515
"../../Plugins/Experimental/Landmass/Content/Landscape/BlueprintBrushes/MF/Landmass_BrushTilt.uasset" 3516
"../../Plugins/Experimental/Landmass/Content/Landscape/BlueprintBrushes/MF/LandmassBrush_EdgeFalloff.uasset" 3517
"../../Plugins/Experimental/Landmass/Content/Landscape/BlueprintBrushes/MF/LandmassBrush_Noise.uasset" 3518
"../../Plugins/Experimental/Landmass/Content/Landscape/BlueprintBrushes/MF/LandmassBrush_UVs.uasset" 3519
"../../Plugins/Experimental/Landmass/Content/Landscape/BlueprintBrushes/MF/PointSampleLandscapeUVs.uasset" 3520
"../../Plugins/Experimental/Landmass/Content/Landscape/OldPrototype_BP/Mats/MF/UnpackRG8Height.uasset" 3521
"../../Plugins/Experimental/Landmass/Content/Landscape/BlueprintBrushes/MPC/MPC_Landscape.uasset" 3522
"../../../Engine/Content/ArtTools/RenderToTexture/Textures/T_EV_BlankWhite_01.uasset" 3523
"../../../Engine/Content/EngineMaterials/BlendFunc_DefBase.uasset" 3524
"../../../Engine/Content/EngineMaterials/BlendFunc_DefBlend.uasset" 3525
"../../../Engine/Content/EngineResources/Black_Low.uasset" 3526
"/Landmass/Landscape/Meshes/S_SpritePlane" 3527
"../../Plugins/Experimental/Landmass/Content/Landscape/Meshes/S_SpritePlane.uasset" 3528
"/Landmass/Landscape/BlueprintBrushes/Materials/Sprite/M_BrushSprite_01" 3529
"../../Plugins/Experimental/Landmass/Content/Landscape/BlueprintBrushes/Materials/Sprite/M_BrushSprite_01.uasset" 3530
"../../../Engine/Content/Functions/Engine_MaterialFunctions02/WorldPositionOffset/ComponentPivotLocation.uasset" 3531
"../../../Engine/Content/Functions/Engine_MaterialFunctions02/WorldPositionOffset/Sprite.uasset" 3532
"../../../Engine/Content/EditorResources/S_Terrain.uasset" 3533
"/SpeedTreeImporter/SpeedTree9/SpeedTreeMaster" 3534
"../../Plugins/Editor/SpeedTreeImporter/Content/SpeedTree9/SpeedTreeMaster.uasset" 3535
"../../../Engine/Content/Functions/Engine_MaterialFunctions02/ObjectLocalBounds.uasset" 3536
"../../../Engine/Content/Functions/Engine_MaterialFunctions02/SafeNormalize.uasset" 3537
"../../../Engine/Content/Functions/Engine_MaterialFunctions02/UVs/BoundingBoxBased_0-1_UVW.uasset" 3538
"../../../Engine/Content/Functions/Engine_MaterialFunctions02/WorldPositionOffset/ObjectScale.uasset" 3539
"../../Plugins/Editor/SpeedTreeImporter/Content/SpeedTree9/SpeedTreeBranchMotion.uasset" 3540
"../../Plugins/Editor/SpeedTreeImporter/Content/SpeedTree9/SpeedTreeCameraFacing.uasset" 3541
"../../Plugins/Editor/SpeedTreeImporter/Content/SpeedTree9/SpeedTreeWind.uasset" 3542
"../../Plugins/Editor/SpeedTreeImporter/Content/SpeedTree9/SpeedTreeWindMotion.uasset" 3543
"../../Plugins/Editor/SpeedTreeImporter/Content/SpeedTree9/UnpackDirection.uasset" 3544
"../../Plugins/Editor/SpeedTreeImporter/Content/SpeedTree9/UnpackInteger3.uasset" 3545
"../../Plugins/Editor/SpeedTreeImporter/Content/SpeedTree9/Empty.uasset" 3546
"../../Plugins/Editor/SpeedTreeImporter/Content/SpeedTree9/EmptyNormal.uasset" 3547
"../../Plugins/Editor/SpeedTreeImporter/Content/SpeedTree9/game_wind_noise.uasset" 3548
"/SpeedTreeImporter/SpeedTree9/SpeedTreeBillboardMaster" 3549
"../../Plugins/Editor/SpeedTreeImporter/Content/SpeedTree9/SpeedTreeBillboardMaster.uasset" 3550
"../../Plugins/Editor/SpeedTreeImporter/Content/SpeedTree9/SpeedTreeBillboard.uasset" 3551
"/Engine/BasicShapes/BasicShapeMaterial" 3552
"../../../Engine/Content/BasicShapes/BasicShapeMaterial.uasset" 3553
"/Engine/EditorMaterials/Dataflow/DataflowVertexMaterial" 3554
"../../../Engine/Content/EditorMaterials/Dataflow/DataflowVertexMaterial.uasset" 3555
"/Engine/EditorMaterials/Dataflow/DataflowTwoSidedVertexMaterial" 3556
"../../../Engine/Content/EditorMaterials/Dataflow/DataflowTwoSidedVertexMaterial.uasset" 3557
"/MeshModelingToolsetExp/Materials/PointSetOverlaidComponentMaterial" 3558
"../../Plugins/Experimental/MeshModelingToolsetExp/Content/Materials/PointSetOverlaidComponentMaterial.uasset" 3559
"../../../Engine/Content/Functions/Engine_MaterialFunctions02/Utility/FOV.uasset" 3560
"../../../Engine/Content/Functions/Engine_MaterialFunctions03/Viewport/MF_OrthoWidth.uasset" 3561
"../../Plugins/Experimental/MeshModelingToolsetExp/Content/Materials/GetDisplacementVectorForDepthBias.uasset" 3562
"/Engine/EditorLandscapeResources/LayerVisMaterial" 3563
"../../../Engine/Content/EditorLandscapeResources/LayerVisMaterial.uasset" 3564
"../../../Engine/Content/EditorLandscapeResources/WhiteSquareTexture.uasset" 3565
"/Engine/EditorLandscapeResources/SelectBrushMaterial_Selected" 3566
"../../../Engine/Content/EditorLandscapeResources/SelectBrushMaterial_Selected.uasset" 3567
"../../../Engine/Content/EditorLandscapeResources/SelectBrushMaterial.uasset" 3568
"../../../Engine/Content/Functions/Engine_MaterialFunctions03/Math/WithinRangeFloat2.uasset" 3569
"../../../Engine/Content/EditorLandscapeResources/DefaultAlphaTexture.uasset" 3570
"/Engine/EditorLandscapeResources/SelectBrushMaterial_SelectedRegion" 3571
"../../../Engine/Content/EditorLandscapeResources/SelectBrushMaterial_SelectedRegion.uasset" 3572
"/Engine/EditorLandscapeResources/MaskBrushMaterial_MaskedRegion" 3573
"../../../Engine/Content/EditorLandscapeResources/MaskBrushMaterial_MaskedRegion.uasset" 3574
"../../../Engine/Content/EditorLandscapeResources/MaskBrushMaterial.uasset" 3575
"/Engine/EditorLandscapeResources/ColorMaskBrushMaterial_MaskedRegion" 3576
"../../../Engine/Content/EditorLandscapeResources/ColorMaskBrushMaterial_MaskedRegion.uasset" 3577
"../../../Engine/Content/EditorLandscapeResources/ColorMaskBrushMaterial.uasset" 3578
"/Engine/EditorLandscapeResources/LandscapeDirtyMaterial" 3579
"../../../Engine/Content/EditorLandscapeResources/LandscapeDirtyMaterial.uasset" 3580
"/Engine/EditorLandscapeResources/LandscapeLayerUsageMaterial" 3581
"../../../Engine/Content/EditorLandscapeResources/LandscapeLayerUsageMaterial.uasset" 3582
"../../../Engine/Content/Functions/Engine_MaterialFunctions01/Debug/DebugIntValues.uasset" 3583
"../../../Engine/Content/Functions/Engine_MaterialFunctions01/Texturing/ScaleUVsByCenter.uasset" 3584
"../../../Engine/Content/Functions/Engine_MaterialFunctions02/WorldPositionOffset/LocalPosition.uasset" 3585
"../../../Engine/Content/Functions/Engine_MaterialFunctions01/Texturing/TextureCropping.uasset" 3586
"../../../Engine/Content/Functions/Engine_MaterialFunctions02/ExampleContent/DebugNumberStrip.uasset" 3587
"C:/Users/rscroggin/AppData/Local/UnrealEngine/Editor/UInteractiveToolsPresetCollectionAsset_DefaultCollection.json" 3588
"/Engine/EngineMaterials/NaniteHiddenSectionMaterial" 3589
"../../../Engine/Content/EngineMaterials/NaniteHiddenSectionMaterial.uasset" 3590
"/Engine/EngineMaterials/RemoveSurfaceMaterial" 3591
"../../../Engine/Content/EngineMaterials/RemoveSurfaceMaterial.uasset" 3592
"/Engine/EngineDebugMaterials/DebugMeshMaterial" 3593
"../../../Engine/Content/EngineDebugMaterials/DebugMeshMaterial.uasset" 3594
"/Engine/EngineMaterials/EmissiveMeshMaterial" 3595
"../../../Engine/Content/EngineMaterials/EmissiveMeshMaterial.uasset" 3596
"../../../Engine/Content/EngineMaterials/DefaultWhiteGrid_Low.uasset" 3597
"/Engine/EngineMaterials/M_InvalidLightmapSettings" 3598
"../../../Engine/Content/EngineMaterials/M_InvalidLightmapSettings.uasset" 3599
"../../../Engine/Content/EngineMaterials/InvalidLightmapSettings.uasset" 3600
"/Engine/EngineMaterials/GizmoMaterial" 3601
"../../../Engine/Content/EngineMaterials/GizmoMaterial.uasset" 3602
"/Engine/EngineMaterials/PhAT_JointLimitMaterial" 3603
"../../../Engine/Content/EngineMaterials/PhAT_JointLimitMaterial.uasset" 3604
"/Engine/EngineMaterials/FlattenMaterial" 3605
"../../../Engine/Content/EngineMaterials/FlattenMaterial.uasset" 3606
"../../../Engine/Content/EngineMaterials/BaseFlattenDiffuseMap.uasset" 3607
"../../../Engine/Content/EngineMaterials/BaseFlattenEmissiveMap.uasset" 3608
"../../../Engine/Content/EngineMaterials/BaseFlattenGrayscaleMap.uasset" 3609
"../../../Engine/Content/EngineMaterials/BaseFlattenLinearColor.uasset" 3610
"../../../Engine/Content/EngineMaterials/BaseFlattenNormalMap.uasset" 3611
"../../../Engine/Content/Functions/Engine_MaterialFunctions02/PivotPainter2/Black_1x1_EXR_Texture.uasset" 3612
"/Engine/EngineMaterials/FlattenMaterial_VT" 3613
"../../../Engine/Content/EngineMaterials/FlattenMaterial_VT.uasset" 3614
"../../../Engine/Content/EngineMaterials/BaseFlattenDiffuseMap_VT.uasset" 3615
"../../../Engine/Content/EngineMaterials/BaseFlattenEmissiveMap_VT.uasset" 3616
"../../../Engine/Content/EngineMaterials/BaseFlattenGrayscaleMap_VT.uasset" 3617
"../../../Engine/Content/EngineMaterials/BaseFlattenLinearColor_VT.uasset" 3618
"../../../Engine/Content/EngineMaterials/BaseFlattenNormalMap_VT.uasset" 3619
"../../../Engine/Content/EngineMaterials/Black_1x1_EXR_Texture_VT.uasset" 3620
"/Engine/EngineMaterials/FlattenMaterial_WS_Normal_VT" 3621
"../../../Engine/Content/EngineMaterials/FlattenMaterial_WS_Normal_VT.uasset" 3622
"/Engine/EngineMaterials/Good64x64TilingNoiseHighFreq" 3623
"../../../Engine/Content/EngineMaterials/Good64x64TilingNoiseHighFreq.uasset" 3624
"/Engine/EngineMaterials/DefaultBokeh" 3625
"../../../Engine/Content/EngineMaterials/DefaultBokeh.uasset" 3626
"/Engine/EngineMaterials/MiniFont" 3627
"../../../Engine/Content/EngineMaterials/MiniFont.uasset" 3628
"/Engine/EngineMaterials/WeightMapPlaceholderTexture" 3629
"../../../Engine/Content/EngineMaterials/WeightMapPlaceholderTexture.uasset" 3630
"/Engine/EngineMaterials/WeightMapArrayPlaceholderTexture" 3631
"../../../Engine/Content/EngineMaterials/WeightMapArrayPlaceholderTexture.uasset" 3632
"/Engine/EngineMaterials/DefaultWhiteGrid" 3633
"../../../Engine/Content/EngineMaterials/DefaultWhiteGrid.uasset" 3634
"/Engine/EngineMaterials/PreintegratedSkinBRDF" 3635
"../../../Engine/Content/EngineMaterials/PreintegratedSkinBRDF.uasset" 3636
"/Engine/EngineMaterials/LTC/GGX_LTCAmp" 3637
"../../../Engine/Content/EngineMaterials/LTC/GGX_LTCAmp.uasset" 3638
"/Engine/EngineMaterials/LTC/GGX_LTCMat" 3639
"../../../Engine/Content/EngineMaterials/LTC/GGX_LTCMat.uasset" 3640
"/Engine/EngineMaterials/LTC/Sheen_LTC" 3641
"../../../Engine/Content/EngineMaterials/LTC/Sheen_LTC.uasset" 3642
"/Engine/EngineMaterials/EnergyConservation/GGX_ReflectionEnergy" 3643
"../../../Engine/Content/EngineMaterials/EnergyConservation/GGX_ReflectionEnergy.uasset" 3644
"/Engine/EngineMaterials/EnergyConservation/GGX_TransmissionEnergyArray" 3645
"../../../Engine/Content/EngineMaterials/EnergyConservation/GGX_TransmissionEnergyArray.uasset" 3646
"/Engine/EngineMaterials/EnergyConservation/Sheen_Energy" 3647
"../../../Engine/Content/EngineMaterials/EnergyConservation/Sheen_Energy.uasset" 3648
"/Engine/EngineMaterials/EnergyConservation/Diffuse_Energy" 3649
"../../../Engine/Content/EngineMaterials/EnergyConservation/Diffuse_Energy.uasset" 3650
"/Engine/EngineMaterials/DefaultPhysicalMaterial" 3651
"../../../Engine/Content/EngineMaterials/DefaultPhysicalMaterial.uasset" 3652
"/Engine/EngineMaterials/DefaultDestructiblePhysicalMaterial" 3653
"../../../Engine/Content/EngineMaterials/DefaultDestructiblePhysicalMaterial.uasset" 3654
"/Water/Materials/MPC/MPC_Water" 3655
"../../Plugins/Experimental/Water/Content/Materials/MPC/MPC_Water.uasset" 3656
"/Niagara/ParameterDefinitions/CoreParameters" 3657
"../../Plugins/FX/Niagara/Content/ParameterDefinitions/CoreParameters.uasset" 3658
"/Niagara/ParameterDefinitions/DecalRenderer" 3659
"../../Plugins/FX/Niagara/Content/ParameterDefinitions/DecalRenderer.uasset" 3660
"/Niagara/ParameterDefinitions/LightRenderer" 3661
"../../Plugins/FX/Niagara/Content/ParameterDefinitions/LightRenderer.uasset" 3662
"/Niagara/ParameterDefinitions/MeshRenderer" 3663
"../../Plugins/FX/Niagara/Content/ParameterDefinitions/MeshRenderer.uasset" 3664
"/Niagara/ParameterDefinitions/RibbonRenderer" 3665
"../../Plugins/FX/Niagara/Content/ParameterDefinitions/RibbonRenderer.uasset" 3666
"/Niagara/ParameterDefinitions/SpriteRenderer" 3667
"../../Plugins/FX/Niagara/Content/ParameterDefinitions/SpriteRenderer.uasset" 3668
"/DeformerGraph/Deformers/DG_LinearBlendSkin_Morph_Cloth" 3669
"../../Plugins/Animation/DeformerGraph/Content/Deformers/DG_LinearBlendSkin_Morph_Cloth.uasset" 3670
"../../Plugins/Animation/DeformerGraph/Content/DeformerFunctions/DG_Function_LinearBlendSkin_Morph_Cloth.uasset" 3671
"/DeformerGraph/Deformers/DG_LinearBlendSkin_Morph_Cloth_RecomputeNormals" 3672
"../../Plugins/Animation/DeformerGraph/Content/Deformers/DG_LinearBlendSkin_Morph_Cloth_RecomputeNormals.uasset" 3673
"../../Plugins/Animation/DeformerGraph/Content/DeformerFunctions/DG_Function_ComputeNormalsTangents.uasset" 3674
"../../Plugins/Animation/DeformerGraph/Content/DeformerFunctions/DG_Function_LinearBlendSkin_Morph_Cloth_PositionOnly.uasset" 3675
"/Engine/EditorResources/SequenceRecorder/Countdown" 3676
"../../../Engine/Content/EditorResources/SequenceRecorder/Countdown.uasset" 3677
"/Engine/EditorResources/SequenceRecorder/RecordingIndicator" 3678
"../../../Engine/Content/EditorResources/SequenceRecorder/RecordingIndicator.uasset" 3679
"/Engine/EditorMaterials/PhAT_UnselectedMaterial" 3680
"../../../Engine/Content/EditorMaterials/PhAT_UnselectedMaterial.uasset" 3681
"/Engine/EditorMaterials/PhAT_NoCollisionMaterial" 3682
"../../../Engine/Content/EditorMaterials/PhAT_NoCollisionMaterial.uasset" 3683
"/Engine/VREditor/TransformGizmo/SM_Sequencer_Node" 3684
"../../../Engine/Content/VREditor/TransformGizmo/SM_Sequencer_Node.uasset" 3685
"../../../Engine/Content/VREditor/TransformGizmo/Main.uasset" 3686
"../../../Engine/Content/VREditor/TransformGizmo/Xray.uasset" 3687
"/Water/Curves/FloatCurve" 3688
"../../Plugins/Experimental/Water/Content/Curves/FloatCurve.uasset" 3689
"/Water/Curves/FloatCurve_WaterBodyIsland" 3690
"../../Plugins/Experimental/Water/Content/Curves/FloatCurve_WaterBodyIsland.uasset" 3691
"/Water/Waves/GerstnerWaves_Lake" 3692
"../../Plugins/Experimental/Water/Content/Waves/GerstnerWaves_Lake.uasset" 3693
"/Water/Waves/GerstnerWaves_Ocean" 3694
"../../Plugins/Experimental/Water/Content/Waves/GerstnerWaves_Ocean.uasset" 3695
"/Water/Icons/WaterSprite" 3696
"../../Plugins/Experimental/Water/Content/Icons/WaterSprite.uasset" 3697
"/Water/Icons/WaterErrorSprite" 3698
"../../Plugins/Experimental/Water/Content/Icons/WaterErrorSprite.uasset" 3699
"/Water/Icons/WaterLandscapeBrushSprite" 3700
"../../Plugins/Experimental/Water/Content/Icons/WaterLandscapeBrushSprite.uasset" 3701
"/Engine/BasicShapes/Cube" 3702
"../../../Engine/Content/BasicShapes/Cube.uasset" 3703
"/Engine/BasicShapes/Sphere" 3704
"../../../Engine/Content/BasicShapes/Sphere.uasset" 3705
"../../../Engine/Content/EngineMaterials/DefaultMaterial.uasset" 3706
"/Engine/BasicShapes/Cylinder" 3707
"../../../Engine/Content/BasicShapes/Cylinder.uasset" 3708
"/Engine/BasicShapes/Cone" 3709
"../../../Engine/Content/BasicShapes/Cone.uasset" 3710
"/Engine/BasicShapes/Plane" 3711
"../../../Engine/Content/BasicShapes/Plane.uasset" 3712
"../../../Engine/Documentation/Source/Shared/Types/ABrush/ABrush.INT.udn" 3713
"../../../Engine/Content/Internationalization/icudt64l/brkitr/en_US.res" 3714
"../../../Engine/Content/Internationalization/icudt64l/brkitr/en.res" 3715
"../../../Engine/Content/Internationalization/icudt64l/brkitr/root.res" 3716
"../../../Engine/Content/Internationalization/icudt64l/brkitr/char.brk" 3717
"../../../Engine/Content/Internationalization/icudt64l/brkitr/word.brk" 3718
"../../../Engine/Plugins/FX/Niagara/Shaders/Private/NiagaraDataInterfaceTexture2DArrayTemplate.ush" 3719
"../../../Engine/Plugins/FX/Niagara/Shaders/Private/NiagaraDataInterfaceActorComponentTemplate.ush" 3720
"../../../Engine/Plugins/FX/Niagara/Shaders/Private/NiagaraDataInterfaceArrayTemplate.ush" 3721
"../../../Engine/Plugins/FX/Niagara/Shaders/Private/NiagaraDataInterfaceArrayRWTemplate.ush" 3722
"../../../Engine/Plugins/FX/Niagara/Shaders/Private/NiagaraDataInterfaceArrayDistributionIntTemplate.ush" 3723
"../../../Engine/Plugins/FX/Niagara/Shaders/Private/NiagaraDataInterfaceAsyncGpuTrace.ush" 3724
"../../../Engine/Plugins/FX/Niagara/Shaders/Private/NiagaraDataInterfaceAsyncGpuTraceTemplate.ush" 3725
"../../../Engine/Plugins/FX/Niagara/Shaders/Private/NiagaraDataInterfaceCamera.ush" 3726
"../../../Engine/Plugins/Experimental/ChaosNiagara/Shaders/NiagaraDataInterfaceChaosDestruction.ush" 3727
"../../../Engine/Plugins/FX/Niagara/Shaders/Private/NiagaraDataInterfaceCollisionQuery.ush" 3728
"C:/Users/rscroggin/Documents/Unreal Projects/IGS2026/RogueFirefight/Intermediate/ShaderAutogen/PCD3D_SM5/AutogenShaderHeaders.ush" 3729
"../../../Engine/Plugins/FX/Niagara/Shaders/Private/NiagaraDataInterfaceCollisionQueryTemplate.ush" 3730
"../../../Engine/Plugins/FX/Niagara/Shaders/Private/NiagaraDataInterfaceCurveTemplate.ush" 3731
"../../../Engine/Plugins/FX/Niagara/Shaders/Private/NiagaraDataInterfaceCubeTextureTemplate.ush" 3732
"../../../Engine/Plugins/FX/Niagara/Shaders/Private/DataChannel/NiagaraDataInterfaceDataChannelCommon.ush" 3733
"../../../Engine/Plugins/FX/Niagara/Shaders/Private/DataChannel/NiagaraDataInterfaceDataChannelTemplateCommon.ush" 3734
"../../../Engine/Plugins/FX/Niagara/Shaders/Private/DataChannel/NiagaraDataInterfaceDataChannelTemplateReadCommon.ush" 3735
"../../../Engine/Plugins/FX/Niagara/Shaders/Private/DataChannel/NiagaraDataInterfaceDataChannelTemplate_Read.ush" 3736
"../../../Engine/Plugins/FX/Niagara/Shaders/Private/DataChannel/NiagaraDataInterfaceDataChannelTemplate_Consume.ush" 3737
"../../../Engine/Plugins/FX/Niagara/Shaders/Private/DataChannel/NiagaraDataInterfaceDataChannelTemplateWriteCommon.ush" 3738
"../../../Engine/Plugins/FX/Niagara/Shaders/Private/DataChannel/NiagaraDataInterfaceDataChannelTemplate_Append.ush" 3739
"../../../Engine/Plugins/FX/Niagara/Shaders/Private/NiagaraDataInterfaceDataTableTemplate.ush" 3740
"../../../Engine/Plugins/FX/Niagara/Shaders/Private/NiagaraDataInterfaceDebugDraw.ush" 3741
"../../../Engine/Plugins/FX/Niagara/Shaders/Private/NiagaraDataInterfaceDebugDrawTemplate.ush" 3742
"../../../Engine/Plugins/FX/Niagara/Shaders/Private/NiagaraDataInterfaceDynamicMeshTemplate.ush" 3743
"../../../Engine/Plugins/FX/Niagara/Shaders/Private/NiagaraDataInterfaceEmitterPropertiesTemplate.ush" 3744
"../../../Engine/Plugins/FX/Niagara/Shaders/Private/NiagaraDataInterfaceExportTemplate.ush" 3745
"../../../Engine/Plugins/FX/Niagara/Shaders/Private/NiagaraDataInterfaceGBufferTemplate.ush" 3746
"../../../Engine/Plugins/Experimental/ChaosNiagara/Shaders/NiagaraDataInterfaceGeometryCollection.ush" 3747
"../../../Engine/Plugins/Runtime/HairStrands/Shaders/Private/NiagaraStrandsExternalForce.ush" 3748
"../../../Engine/Plugins/Runtime/HairStrands/Shaders/Private/NiagaraHookeSpringMaterial.ush" 3749
"../../../Engine/Plugins/Runtime/HairStrands/Shaders/Private/NiagaraAngularSpringMaterial.ush" 3750
"../../../Engine/Plugins/Runtime/HairStrands/Shaders/Private/NiagaraConstantVolumeMaterial.ush" 3751
"../../../Engine/Plugins/Runtime/HairStrands/Shaders/Private/NiagaraCosseratRodMaterial.ush" 3752
"../../../Engine/Plugins/Runtime/HairStrands/Shaders/Private/NiagaraStaticCollisionConstraint.ush" 3753
"../../../Engine/Plugins/Runtime/HairStrands/Shaders/Private/NiagaraDataInterfaceHairStrands.ush" 3754
"../../../Engine/Plugins/Runtime/HairStrands/Shaders/Private/NiagaraDataInterfaceHairStrandsTemplate.ush" 3755
"../../../Engine/Plugins/FX/Niagara/Shaders/Private/NiagaraDataInterfaceIntRenderTarget2D.ush" 3756
"../../../Engine/Plugins/FX/Niagara/Shaders/Private/NiagaraDataInterfaceLandscape.ush" 3757
"../../../Engine/Plugins/FX/Niagara/Shaders/Private/NiagaraDataInterfaceMemoryBufferTemplate.ush" 3758
"../../../Engine/Plugins/FX/Niagara/Shaders/Private/NiagaraDataInterfaceMeshRendererInfoTemplate.ush" 3759
"../../../Engine/Plugins/FX/Niagara/Shaders/Private/NiagaraDataInterfaceOcclusion.ush" 3760
"../../../Engine/Plugins/FX/Niagara/Shaders/Private/NiagaraDataInterfacePhysicsAsset.ush" 3761
"../../../Engine/Plugins/Experimental/ChaosNiagara/Shaders/NiagaraDataInterfacePhysicsField.ush" 3762
"../../../Engine/Plugins/FX/Niagara/Shaders/Private/NiagaraDataInterfacePlatformSetTemplate.ush" 3763
"../../../Engine/Plugins/Runtime/HairStrands/Shaders/Private/NiagaraDataInterfaceVelocityGrid.ush" 3764
"../../../Engine/Plugins/Runtime/HairStrands/Shaders/Private/NiagaraDataInterfaceVelocityGridTemplate.ush" 3765
"../../../Engine/Plugins/Runtime/HairStrands/Shaders/Private/NiagaraDataInterfacePressureGrid.ush" 3766
"../../../Engine/Plugins/Runtime/HairStrands/Shaders/Private/NiagaraDataInterfacePressureGridTemplate.ush" 3767
"../../../Engine/Plugins/FX/Niagara/Shaders/Private/NiagaraDataInterfaceRenderTarget2DTemplate.ush" 3768
"../../../Engine/Plugins/FX/Niagara/Shaders/Private/NiagaraDataInterfaceRenderTarget2DArrayTemplate.ush" 3769
"../../../Engine/Plugins/FX/Niagara/Shaders/Private/NiagaraDataInterfaceRenderTargetCubeTemplate.ush" 3770
"../../../Engine/Plugins/FX/Niagara/Shaders/Private/NiagaraDataInterfaceRenderTargetVolumeTemplate.ush" 3771
"../../../Engine/Plugins/FX/Niagara/Shaders/Private/NiagaraDataInterfaceRigidMeshCollisionQuery.ush" 3772
"../../../Engine/Plugins/FX/Niagara/Shaders/Private/NiagaraDistanceFieldQueries.ush" 3773
"../../../Engine/Plugins/FX/Niagara/Shaders/Private/NiagaraDataInterfaceSceneCapture2DTemplate.ush" 3774
"../../../Engine/Plugins/FX/Niagara/Shaders/Private/NiagaraDataInterfaceSimCacheReaderTemplate.ush" 3775
"../../../Engine/Plugins/FX/Niagara/Shaders/Private/NiagaraDataInterfaceSimpleCounterTemplate.ush" 3776
"../../../Engine/Plugins/FX/Niagara/Shaders/Private/NiagaraDataInterfaceSkeletalMesh.ush" 3777
"../../../Engine/Plugins/FX/Niagara/Shaders/Private/NiagaraBaryCentricUtils.ush" 3778
"../../../Engine/Plugins/FX/Niagara/Shaders/Private/NiagaraDataInterfaceSkeletalMeshTemplate.ush" 3779
"../../../Engine/Plugins/FX/Niagara/Shaders/Private/NiagaraDataInterfaceSocketReaderTemplate.ush" 3780
"../../../Engine/Plugins/FX/Niagara/Shaders/Private/NiagaraDataInterfaceSparseVolumeTextureTemplate.ush" 3781
"../../../Engine/Plugins/FX/Niagara/Shaders/Private/NiagaraDataInterfaceSplineTemplate.ush" 3782
"../../../Engine/Plugins/FX/Niagara/Shaders/Private/NiagaraDataInterfaceSpriteRendererInfoTemplate.ush" 3783
"../../../Engine/Plugins/FX/Niagara/Shaders/Private/NiagaraDataInterfaceStaticMeshTemplate.ush" 3784
"../../../Engine/Plugins/FX/Niagara/Shaders/Private/NiagaraDataInterfaceTextureTemplate.ush" 3785
"../../../Engine/Plugins/FX/Niagara/Shaders/Private/NiagaraDataInterfaceVirtualTexture.ush" 3786
"../../../Engine/Plugins/FX/Niagara/Shaders/Private/NiagaraDataInterfaceVirtualTextureTemplate.ush" 3787
"../../../Engine/Plugins/FX/Niagara/Shaders/Private/NiagaraDataInterfaceVirtualTextureSampleTemplate.ush" 3788
"../../../Engine/Plugins/FX/Niagara/Shaders/Private/NiagaraDataInterfaceVolumeCache.ush" 3789
"../../../Engine/Plugins/FX/Niagara/Shaders/Private/NiagaraDataInterfaceVolumeTextureTemplate.ush" 3790
"C:/Users/rscroggin/AppData/Local/Temp/UnrealShaderWorkingDir/6B73604A4E313A0F453015A33E8F32B7/4/WorkerOutputOnly.out" 3791
"C:/Users/rscroggin/AppData/Local/Temp/UnrealShaderWorkingDir/6B73604A4E313A0F453015A33E8F32B7/10/WorkerOutputOnly.out" 3792
"C:/Users/rscroggin/AppData/Local/Temp/UnrealShaderWorkingDir/6B73604A4E313A0F453015A33E8F32B7/9/WorkerOutputOnly.out" 3793
"C:/Users/rscroggin/AppData/Local/Temp/UnrealShaderWorkingDir/6B73604A4E313A0F453015A33E8F32B7/11/WorkerOutputOnly.out" 3794
"C:/Users/rscroggin/AppData/Local/Temp/UnrealShaderWorkingDir/6B73604A4E313A0F453015A33E8F32B7/14/WorkerOutputOnly.out" 3795
"C:/Users/rscroggin/AppData/Local/Temp/UnrealShaderWorkingDir/6B73604A4E313A0F453015A33E8F32B7/15/WorkerOutputOnly.out" 3796
"C:/Users/rscroggin/AppData/Local/Temp/UnrealShaderWorkingDir/6B73604A4E313A0F453015A33E8F32B7/16/WorkerOutputOnly.out" 3797
"C:/Users/rscroggin/AppData/Local/Temp/UnrealShaderWorkingDir/6B73604A4E313A0F453015A33E8F32B7/1/WorkerOutputOnly.out" 3798
"C:/Users/rscroggin/AppData/Local/Temp/UnrealShaderWorkingDir/6B73604A4E313A0F453015A33E8F32B7/3/WorkerOutputOnly.out" 3799
"C:/Users/rscroggin/AppData/Local/Temp/UnrealShaderWorkingDir/6B73604A4E313A0F453015A33E8F32B7/6/WorkerOutputOnly.out" 3800
"C:/Users/rscroggin/AppData/Local/Temp/UnrealShaderWorkingDir/6B73604A4E313A0F453015A33E8F32B7/8/WorkerOutputOnly.out" 3801
"C:/Users/rscroggin/AppData/Local/Temp/UnrealShaderWorkingDir/6B73604A4E313A0F453015A33E8F32B7/13/WorkerOutputOnly.out" 3802
"C:/Users/rscroggin/AppData/Local/Temp/UnrealShaderWorkingDir/6B73604A4E313A0F453015A33E8F32B7/5/WorkerOutputOnly.out" 3803
"C:/Users/rscroggin/AppData/Local/Temp/UnrealShaderWorkingDir/6B73604A4E313A0F453015A33E8F32B7/2/WorkerOutputOnly.out" 3804
"C:/Users/rscroggin/AppData/Local/Temp/UnrealShaderWorkingDir/6B73604A4E313A0F453015A33E8F32B7/12/WorkerOutputOnly.out" 3805
"C:/Users/rscroggin/AppData/Local/Temp/UnrealShaderWorkingDir/6B73604A4E313A0F453015A33E8F32B7/7/WorkerOutputOnly.out" 3806
"C:/Users/rscroggin/AppData/Local/Temp/UnrealShaderWorkingDir/6B73604A4E313A0F453015A33E8F32B7/0/WorkerOutputOnly.out" 3807
"C:/Users/rscroggin/Documents/Unreal Projects/IGS2026/RogueFirefight/Content/UI/RubikDirt-Regular_Font.uasset" 3808
"C:/Users/rscroggin/Documents/Unreal Projects/IGS2026/RogueFirefight/Content/FirstPerson/Blueprints/BP_FirstPersonPlayerController.uasset" 3809
"C:/Users/rscroggin/Documents/Unreal Projects/IGS2026/RogueFirefight/Content/Blueprints/GameModes/CrossLevelData.uasset" 3810
"C:/Users/rscroggin/Documents/Unreal Projects/IGS2026/RogueFirefight/Content/UI/RubikDirt-Regular.uasset" 3811
"../../../Engine/Content/VREditor/BasicMeshes/MI_Ball_01.uasset" 3812
"../../../Engine/Content/EditorResources/FieldNodes/_Resources/MI_FieldRadiusPreview.uasset" 3813
"C:/Users/rscroggin/Documents/Unreal Projects/IGS2026/RogueFirefight/Content/Blueprints/Progression/SabotageObjective.uasset" 3814
"C:/Users/rscroggin/Documents/Unreal Projects/IGS2026/RogueFirefight/Content/Blueprints/Progression/LevelExit.uasset" 3815
"C:/Users/rscroggin/Documents/Unreal Projects/IGS2026/RogueFirefight/Content/Input/Actions/IA_Sprint.uasset" 3816
"../../../Engine/Content/VREditor/BasicMeshes/M_Floor_01.uasset" 3817
"C:/Users/rscroggin/Documents/Unreal Projects/IGS2026/RogueFirefight/Content/Input/IMC_MouseLook.uasset" 3818
"C:/Users/rscroggin/Documents/Unreal Projects/IGS2026/RogueFirefight/Content/FirstPerson/Blueprints/BP_FirstPersonGameMode.uasset" 3819
"C:/Users/rscroggin/Documents/Unreal Projects/IGS2026/RogueFirefight/Content/Blueprints/ItemPickups/MainHealthPickup/BP_HealthPickup.uasset" 3820
"../../../Engine/Content/VREditor/BasicMeshes/SM_Cube_01.uasset" 3821
"C:/Users/rscroggin/Documents/Unreal Projects/IGS2026/RogueFirefight/Content/FirstPerson/Blueprints/BP_FirstPersonCameraManager.uasset" 3822
"C:/Users/rscroggin/Documents/Unreal Projects/IGS2026/RogueFirefight/Content/Fab/Military_Weapon_Case/military_weapon_case/Textures/military_weapon_case_texture_2_nonVT.uasset" 3823
"C:/Users/rscroggin/Documents/Unreal Projects/IGS2026/RogueFirefight/Content/Blueprints/Spawners/SpawnerTypes.uasset" 3824
"C:/Users/rscroggin/Documents/Unreal Projects/IGS2026/RogueFirefight/Content/Fab/Military_Weapon_Case/military_weapon_case/Textures/military_weapon_case_texture_1_nonVT.uasset" 3825
"../../../Engine/Content/VREditor/BasicMeshes/MI_Cube_03.uasset" 3826
"../../../Engine/Content/EditorResources/FieldNodes/_Resources/M_FieldRadiusPreview.uasset" 3827
"C:/Users/rscroggin/Documents/Unreal Projects/IGS2026/RogueFirefight/Content/Fab/Military_Weapon_Case/military_weapon_case/Textures/military_weapon_case_texture_0_nonVT.uasset" 3828
"../../../Engine/Plugins/Interchange/Assets/Content/gltf/MaterialBodies/MF_Default_Body.uasset" 3829
"../../../Engine/Content/VREditor/BasicMeshes/SM_Ball_01.uasset" 3830
"C:/Users/rscroggin/Documents/Unreal Projects/IGS2026/RogueFirefight/Content/Blueprints/Spawners/ItemPickupTypes.uasset" 3831
"C:/Users/rscroggin/Documents/Unreal Projects/IGS2026/RogueFirefight/Content/Material/BasicMaterial/M_Green.uasset" 3832
"C:/Users/rscroggin/Documents/Unreal Projects/IGS2026/RogueFirefight/Content/Input/IMC_Default.uasset" 3833
"../../../Engine/Content/VREditor/BasicMeshes/T_CleanFloorGrunge_01_D.uasset" 3834
"C:/Users/rscroggin/Documents/Unreal Projects/IGS2026/RogueFirefight/Content/Blueprints/Progression/RescueObjective.uasset" 3835
"../../../Engine/Content/VREditor/BasicMeshes/MI_Cube_01.uasset" 3836
"C:/Users/rscroggin/Documents/Unreal Projects/IGS2026/RogueFirefight/Content/Blueprints/Progression/RaidObjective.uasset" 3837
"C:/Users/rscroggin/Documents/Unreal Projects/IGS2026/RogueFirefight/Content/Blueprints/ItemPickups/TestPickupsStuff/BP_HealthPickup.uasset" 3838
"C:/Users/rscroggin/Documents/Unreal Projects/IGS2026/RogueFirefight/Content/Blueprints/Spawners/EnemyTypes.uasset" 3839
"/Game/UI/RubikDirt-Regular" 3840
"/Game/UI/RubikDirt-Regular_Font" 3841
"/Game/FirstPerson/Blueprints/BP_FirstPersonCameraManager" 3842
"/Game/Input/IMC_MouseLook" 3843
"../../../../../../Users/rscroggin/Documents/Unreal Projects/IGS2026/RogueFirefight/Content/Input/Actions/IA_MouseLook.uasset" 3844
"/Game/Input/Actions/IA_Sprint" 3845
"/Game/Input/IMC_Default" 3846
"../../../../../../Users/rscroggin/Documents/Unreal Projects/IGS2026/RogueFirefight/Content/Input/Actions/IA_Interact.uasset" 3847
"../../../../../../Users/rscroggin/Documents/Unreal Projects/IGS2026/RogueFirefight/Content/Input/Actions/IA_Jump.uasset" 3848
"../../../../../../Users/rscroggin/Documents/Unreal Projects/IGS2026/RogueFirefight/Content/Input/Actions/IA_Look.uasset" 3849
"../../../../../../Users/rscroggin/Documents/Unreal Projects/IGS2026/RogueFirefight/Content/Input/Actions/IA_Move.uasset" 3850
"../../../../../../Users/rscroggin/Documents/Unreal Projects/IGS2026/RogueFirefight/Content/Input/Actions/IA_Reload.uasset" 3851
"../../../../../../Users/rscroggin/Documents/Unreal Projects/IGS2026/RogueFirefight/Content/Input/Actions/IA_Shoot.uasset" 3852
"../../../../../../Users/rscroggin/Documents/Unreal Projects/IGS2026/RogueFirefight/Content/Input/Actions/IA_TestInput.uasset" 3853
"/Game/FirstPerson/Blueprints/BP_FirstPersonPlayerController" 3854
"../../../../../../Users/rscroggin/Documents/Unreal Projects/IGS2026/RogueFirefight/Content/Input/Touch/UI_TouchSimple.uasset" 3855
"../../../../../../Users/rscroggin/Documents/Unreal Projects/IGS2026/RogueFirefight/Content/Input/Touch/BPI_TouchInterface.uasset" 3856
"../../../Engine/Content/MobileResources/HUD/VirtualJoystick_Thumb.uasset" 3857
"../../../../../../Users/rscroggin/Documents/Unreal Projects/IGS2026/RogueFirefight/Content/Input/Touch/UI_Thumbstick.uasset" 3858
"../../../Engine/Content/MobileResources/HUD/VirtualJoystick_Background.uasset" 3859
"/Game/FirstPerson/Blueprints/BP_FirstPersonGameMode" 3860
"../../../../../../Users/rscroggin/Documents/Unreal Projects/IGS2026/RogueFirefight/Content/FirstPerson/Blueprints/BP_FirstPersonCharacter.uasset" 3861
"../../../../../../Users/rscroggin/Documents/Unreal Projects/IGS2026/RogueFirefight/Content/Characters/Mannequins/Anims/Unarmed/ABP_Unarmed.uasset" 3862
"../../../Engine/Content/EditorBlueprintResources/StandardMacros.uasset" 3863
"../../../../../../Users/rscroggin/Documents/Unreal Projects/IGS2026/RogueFirefight/Content/Blueprints/Interactables/BPI_Interactable.uasset" 3864
"../../../../../../Users/rscroggin/Documents/Unreal Projects/IGS2026/RogueFirefight/Content/Fab/Weapons_Free/Meshes/Actors/BP_BaseWeapon.uasset" 3865
"../../../../../../Users/rscroggin/Documents/Unreal Projects/IGS2026/RogueFirefight/Content/Fab/Weapons_Free/Meshes/Actors/BP_Rifle.uasset" 3866
"../../../../../../Users/rscroggin/Documents/Unreal Projects/IGS2026/RogueFirefight/Content/Characters/Mannequins/Meshes/SKM_Manny_Simple.uasset" 3867
"../../../../../../Users/rscroggin/Documents/Unreal Projects/IGS2026/RogueFirefight/Content/FirstPerson/Blueprints/CrosshairWidget.uasset" 3868
"../../../../../../Users/rscroggin/Documents/Unreal Projects/IGS2026/RogueFirefight/Content/UI/UI_InGameUIStuff/AmmoCount.uasset" 3869
"../../../../../../Users/rscroggin/Documents/Unreal Projects/IGS2026/RogueFirefight/Content/UI/UI_InGameUIStuff/Controls.uasset" 3870
"../../../../../../Users/rscroggin/Documents/Unreal Projects/IGS2026/RogueFirefight/Content/UI/UI_InGameUIStuff/GameHUD.uasset" 3871
"../../../../../../Users/rscroggin/Documents/Unreal Projects/IGS2026/RogueFirefight/Content/UI/UI_InGameUIStuff/Objective.uasset" 3872
"../../../../../../Users/rscroggin/Documents/Unreal Projects/IGS2026/RogueFirefight/Content/UI/UI_InGameUIStuff/PauseMenu.uasset" 3873
"../../../../../../Users/rscroggin/Documents/Unreal Projects/IGS2026/RogueFirefight/Content/UI/UI_InGameUIStuff/PlayerInventory_Widget.uasset" 3874
"../../../../../../Users/rscroggin/Documents/Unreal Projects/IGS2026/RogueFirefight/Content/UI/UI_InGameUIStuff/Stamina.uasset" 3875
"../../../../../../Users/rscroggin/Documents/Unreal Projects/IGS2026/RogueFirefight/Content/UI/UI_InGameUIStuff/WBP_HUD.uasset" 3876
"../../../../../../Users/rscroggin/Documents/Unreal Projects/IGS2026/RogueFirefight/Content/Characters/Mannequins/Anims/Unarmed/Jump/MM_Fall_Loop.uasset" 3877
"../../../../../../Users/rscroggin/Documents/Unreal Projects/IGS2026/RogueFirefight/Content/Characters/Mannequins/Anims/Unarmed/Jump/MM_Jump.uasset" 3878
"../../../../../../Users/rscroggin/Documents/Unreal Projects/IGS2026/RogueFirefight/Content/Characters/Mannequins/Anims/Unarmed/Jump/MM_Land.uasset" 3879
"../../../../../../Users/rscroggin/Documents/Unreal Projects/IGS2026/RogueFirefight/Content/Characters/Mannequins/Anims/Unarmed/MM_Idle.uasset" 3880
"../../../../../../Users/rscroggin/Documents/Unreal Projects/IGS2026/RogueFirefight/Content/Characters/Mannequins/Anims/Unarmed/BS_Idle_Walk_Run.uasset" 3881
"../../../../../../Users/rscroggin/Documents/Unreal Projects/IGS2026/RogueFirefight/Content/Characters/Mannequins/Rigs/CR_Mannequin_FootIK.uasset" 3882
"../../../../../../Users/rscroggin/Documents/Unreal Projects/IGS2026/RogueFirefight/Content/Characters/Mannequins/Meshes/SK_Mannequin.uasset" 3883
"../../../Engine/Content/EditorSounds/Notifications/CompileFailed_Cue.uasset" 3884
"../../../../../../Users/rscroggin/Documents/Unreal Projects/IGS2026/RogueFirefight/Content/Fab/Weapons_Free/Meshes/SM_rifle_001.uasset" 3885
"../../../../../../Users/rscroggin/Documents/Unreal Projects/IGS2026/RogueFirefight/Content/Fab/Weapons_Free/Meshes/SM_rifle_magazine_001.uasset" 3886
"../../../../../../Users/rscroggin/Documents/Unreal Projects/IGS2026/RogueFirefight/Content/Audio/FreeGunSounds/Wav/Rifle/RifleShot.uasset" 3887
"../../../../../../Users/rscroggin/Documents/Unreal Projects/IGS2026/RogueFirefight/Content/Characters/Mannequins/Materials/Manny/MI_Manny_01_New.uasset" 3888
"../../../../../../Users/rscroggin/Documents/Unreal Projects/IGS2026/RogueFirefight/Content/Characters/Mannequins/Materials/Manny/MI_Manny_02_New.uasset" 3889
"../../../../../../Users/rscroggin/Documents/Unreal Projects/IGS2026/RogueFirefight/Content/Characters/Mannequins/Rigs/PA_Mannequin.uasset" 3890
"../../../../../../Users/rscroggin/Documents/Unreal Projects/IGS2026/RogueFirefight/Content/UI/Asset_27.uasset" 3891
"../../../Engine/Content/EngineFonts/DroidSansMono.uasset" 3892
"../../../../../../Users/rscroggin/Documents/Unreal Projects/IGS2026/RogueFirefight/Content/Material/HUD/MI_HUD_Damage_Inst.uasset" 3893
"../../../../../../Users/rscroggin/Documents/Unreal Projects/IGS2026/RogueFirefight/Content/UI/Asset_19.uasset" 3894
"../../../../../../Users/rscroggin/Documents/Unreal Projects/IGS2026/RogueFirefight/Content/UI/Rougue_Firefight_M4_Carbine_Icon.uasset" 3895
"../../../../../../Users/rscroggin/Documents/Unreal Projects/IGS2026/RogueFirefight/Content/Blueprints/GameModes/MainGameMode.uasset" 3896
"../../../../../../Users/rscroggin/Documents/Unreal Projects/IGS2026/RogueFirefight/Content/Blueprints/GameModes/ObjectiveTypes.uasset" 3897
"../../../../../../Users/rscroggin/Documents/Unreal Projects/IGS2026/RogueFirefight/Content/UI/UI_SettingsMainMenuStuff/Settings_MainMenu.uasset" 3898
"../../../Engine/Content/Animation/DefaultAnimBoneCompressionSettings.uasset" 3899
"../../../Engine/Content/Animation/DefaultAnimCurveCompressionSettings.uasset" 3900
"../../../../../../Users/rscroggin/Documents/Unreal Projects/IGS2026/RogueFirefight/Content/Characters/Mannequins/Anims/Unarmed/Jog/MF_Unarmed_Jog_Bwd.uasset" 3901
"../../../../../../Users/rscroggin/Documents/Unreal Projects/IGS2026/RogueFirefight/Content/Characters/Mannequins/Anims/Unarmed/Jog/MF_Unarmed_Jog_Bwd_Left.uasset" 3902
"../../../../../../Users/rscroggin/Documents/Unreal Projects/IGS2026/RogueFirefight/Content/Characters/Mannequins/Anims/Unarmed/Jog/MF_Unarmed_Jog_Bwd_Right.uasset" 3903
"../../../../../../Users/rscroggin/Documents/Unreal Projects/IGS2026/RogueFirefight/Content/Characters/Mannequins/Anims/Unarmed/Jog/MF_Unarmed_Jog_Fwd.uasset" 3904
"../../../../../../Users/rscroggin/Documents/Unreal Projects/IGS2026/RogueFirefight/Content/Characters/Mannequins/Anims/Unarmed/Jog/MF_Unarmed_Jog_Fwd_Left.uasset" 3905
"../../../../../../Users/rscroggin/Documents/Unreal Projects/IGS2026/RogueFirefight/Content/Characters/Mannequins/Anims/Unarmed/Jog/MF_Unarmed_Jog_Fwd_Right.uasset" 3906
"../../../../../../Users/rscroggin/Documents/Unreal Projects/IGS2026/RogueFirefight/Content/Characters/Mannequins/Anims/Unarmed/Jog/MF_Unarmed_Jog_Left.uasset" 3907
"../../../../../../Users/rscroggin/Documents/Unreal Projects/IGS2026/RogueFirefight/Content/Characters/Mannequins/Anims/Unarmed/Jog/MF_Unarmed_Jog_Right.uasset" 3908
"../../../../../../Users/rscroggin/Documents/Unreal Projects/IGS2026/RogueFirefight/Content/Characters/Mannequins/Anims/Unarmed/Walk/MF_Unarmed_Walk_Bwd.uasset" 3909
"../../../../../../Users/rscroggin/Documents/Unreal Projects/IGS2026/RogueFirefight/Content/Characters/Mannequins/Anims/Unarmed/Walk/MF_Unarmed_Walk_Bwd_Left.uasset" 3910
"../../../../../../Users/rscroggin/Documents/Unreal Projects/IGS2026/RogueFirefight/Content/Characters/Mannequins/Anims/Unarmed/Walk/MF_Unarmed_Walk_Bwd_Right.uasset" 3911
"../../../../../../Users/rscroggin/Documents/Unreal Projects/IGS2026/RogueFirefight/Content/Characters/Mannequins/Anims/Unarmed/Walk/MF_Unarmed_Walk_Fwd.uasset" 3912
"../../../../../../Users/rscroggin/Documents/Unreal Projects/IGS2026/RogueFirefight/Content/Characters/Mannequins/Anims/Unarmed/Walk/MF_Unarmed_Walk_Fwd_Left.uasset" 3913
"../../../../../../Users/rscroggin/Documents/Unreal Projects/IGS2026/RogueFirefight/Content/Characters/Mannequins/Anims/Unarmed/Walk/MF_Unarmed_Walk_Fwd_Right.uasset" 3914
"../../../../../../Users/rscroggin/Documents/Unreal Projects/IGS2026/RogueFirefight/Content/Characters/Mannequins/Anims/Unarmed/Walk/MF_Unarmed_Walk_Left.uasset" 3915
"../../../../../../Users/rscroggin/Documents/Unreal Projects/IGS2026/RogueFirefight/Content/Characters/Mannequins/Anims/Unarmed/Walk/MF_Unarmed_Walk_Right.uasset" 3916
"../../../Engine/Content/EditorSounds/Notifications/CompileFailed.uasset" 3917
"../../../../../../Users/rscroggin/Documents/Unreal Projects/IGS2026/RogueFirefight/Content/Fab/Weapons_Free/Materials/M_Material.uasset" 3918
"../../../../../../Users/rscroggin/Documents/Unreal Projects/IGS2026/RogueFirefight/Content/Audio/FreeGunSounds/Wav/Rifle/WAV_Rifle_shot02.uasset" 3919
"../../../../../../Users/rscroggin/Documents/Unreal Projects/IGS2026/RogueFirefight/Content/Characters/Mannequins/Materials/M_Mannequin.uasset" 3920
"../../../../../../Users/rscroggin/Documents/Unreal Projects/IGS2026/RogueFirefight/Content/Characters/Mannequins/Textures/Manny/T_Manny_01_BN.uasset" 3921
"../../../../../../Users/rscroggin/Documents/Unreal Projects/IGS2026/RogueFirefight/Content/Characters/Mannequins/Textures/Manny/T_Manny_01_D.uasset" 3922
"../../../../../../Users/rscroggin/Documents/Unreal Projects/IGS2026/RogueFirefight/Content/Characters/Mannequins/Textures/Manny/T_Manny_01_MRA.uasset" 3923
"../../../../../../Users/rscroggin/Documents/Unreal Projects/IGS2026/RogueFirefight/Content/Characters/Mannequins/Textures/Manny/T_Manny_02_BN.uasset" 3924
"../../../../../../Users/rscroggin/Documents/Unreal Projects/IGS2026/RogueFirefight/Content/Characters/Mannequins/Textures/Manny/T_Manny_02_D.uasset" 3925
"../../../../../../Users/rscroggin/Documents/Unreal Projects/IGS2026/RogueFirefight/Content/Characters/Mannequins/Textures/Manny/T_Manny_02_MRA.uasset" 3926
"../../../Engine/Content/EngineFonts/Faces/DroidSansMono.uasset" 3927
"../../../../../../Users/rscroggin/Documents/Unreal Projects/IGS2026/RogueFirefight/Content/Material/HUD/MC_HUD_Damage.uasset" 3928
"../../../../../../Users/rscroggin/Documents/Unreal Projects/IGS2026/RogueFirefight/Content/Blueprints/Spawners/SingleSpawner.uasset" 3929
"../../../../../../Users/rscroggin/Documents/Unreal Projects/IGS2026/RogueFirefight/Content/Blueprints/Spawners/SpawnerComponent.uasset" 3930
"../../../../../../Users/rscroggin/Documents/Unreal Projects/IGS2026/RogueFirefight/Content/Fab/Weapons_Free/Textures/T_Textures.uasset" 3931
"../../../../../../Users/rscroggin/Documents/Unreal Projects/IGS2026/RogueFirefight/Content/Characters/Mannequins/Textures/Shared/T_UE_Logo_M.uasset" 3932
"../../../../../../Users/rscroggin/Documents/Unreal Projects/IGS2026/RogueFirefight/Content/Blueprints/NewEnemies/NewAssaultRifleEnemy/Playable/BP_NewAssaultRifleEnemy.uasset" 3933
"../../../../../../Users/rscroggin/Documents/Unreal Projects/IGS2026/RogueFirefight/Content/Blueprints/NewEnemies/NewShotgunEnemy/Playable/BP_NewShotgunEnemy.uasset" 3934
"../../../../../../Users/rscroggin/Documents/Unreal Projects/IGS2026/RogueFirefight/Content/Blueprints/NewEnemies/NewSniperEnemy/Playable/BP_NewSniperEnemy.uasset" 3935
"../../../../../../Users/rscroggin/Documents/Unreal Projects/IGS2026/RogueFirefight/Content/Blueprints/ItemPickups/AmmoPickups/AmmoPickup.uasset" 3936
"../../../../../../Users/rscroggin/Documents/Unreal Projects/IGS2026/RogueFirefight/Content/Modern_Insurgent_7/Demo/Animations/ABP_ThirdPerson_AnimBP.uasset" 3937
"../../../../../../Users/rscroggin/Documents/Unreal Projects/IGS2026/RogueFirefight/Content/Blueprints/NewEnemies/NewAssaultRifleEnemy/Logic/AIC_NewAssaultRifleEnemy.uasset" 3938
"../../../../../../Users/rscroggin/Documents/Unreal Projects/IGS2026/RogueFirefight/Content/Modern_Insurgent_7/Mesh/SK_Insurgent_P7.uasset" 3939
"../../../../../../Users/rscroggin/Documents/Unreal Projects/IGS2026/RogueFirefight/Content/MP5/Mesh/SM_MP5.uasset" 3940
"../../../../../../Users/rscroggin/Documents/Unreal Projects/IGS2026/RogueFirefight/Content/Blueprints/NewEnemies/NewShotgunEnemy/Logic/AIC_NewShotgunEnemy.uasset" 3941
"../../../../../../Users/rscroggin/Documents/Unreal Projects/IGS2026/RogueFirefight/Content/Modern_Insurgent_7/Mesh/SK_Insurgent_P7_Skin3.uasset" 3942
"../../../../../../Users/rscroggin/Documents/Unreal Projects/IGS2026/RogueFirefight/Content/Weapons_Free/Meshes/SM_shotgun_001.uasset" 3943
"../../../../../../Users/rscroggin/Documents/Unreal Projects/IGS2026/RogueFirefight/Content/Insurgent_2/Animations/Demo/ThirdPerson_AnimBP.uasset" 3944
"../../../../../../Users/rscroggin/Documents/Unreal Projects/IGS2026/RogueFirefight/Content/Blueprints/NewEnemies/NewSniperEnemy/Logic/AIC_NewSniperEnemy.uasset" 3945
"../../../../../../Users/rscroggin/Documents/Unreal Projects/IGS2026/RogueFirefight/Content/Insurgent_2/Mesh/SK_Preset3.uasset" 3946
"../../../../../../Users/rscroggin/Documents/Unreal Projects/IGS2026/RogueFirefight/Content/Weapons_Free/Meshes/SM_sniper_rifle_001.uasset" 3947
"../../../../../../Users/rscroggin/Documents/Unreal Projects/IGS2026/RogueFirefight/Content/Fab/Military_Weapon_Case/military_weapon_case/Materials/Material__27.uasset" 3948
"../../../../../../Users/rscroggin/Documents/Unreal Projects/IGS2026/RogueFirefight/Content/Fab/Military_Weapon_Case/military_weapon_case/StaticMeshes/military_weapon_case.uasset" 3949
"../../../../../../Users/rscroggin/Documents/Unreal Projects/IGS2026/RogueFirefight/Content/Modern_Insurgent_7/Demo/Animations/AS_ThirdPerson_Jump.uasset" 3950
"../../../../../../Users/rscroggin/Documents/Unreal Projects/IGS2026/RogueFirefight/Content/Modern_Insurgent_7/Demo/Animations/AS_ThirdPersonJump_Loop.uasset" 3951
"../../../../../../Users/rscroggin/Documents/Unreal Projects/IGS2026/RogueFirefight/Content/Modern_Insurgent_7/Demo/Animations/AS_ThirdPersonJump_Start.uasset" 3952
"../../../../../../Users/rscroggin/Documents/Unreal Projects/IGS2026/RogueFirefight/Content/Modern_Insurgent_7/Demo/Animations/BS_ThirdPerson_IdleRun_2D.uasset" 3953
"../../../../../../Users/rscroggin/Documents/Unreal Projects/IGS2026/RogueFirefight/Content/Modern_Insurgent_7/Mesh/SKM_Insurgent_Skeleton.uasset" 3954
"../../../../../../Users/rscroggin/Documents/Unreal Projects/IGS2026/RogueFirefight/Content/Blueprints/NewEnemies/NewAssaultRifleEnemy/Logic/BT_NewAssaultRifleEnemy.uasset" 3955
"../../../../../../Users/rscroggin/Documents/Unreal Projects/IGS2026/RogueFirefight/Content/Blueprints/NewEnemies/NewAssaultRifleEnemy/Logic/E_NewAssaultRifleEnemyStates.uasset" 3956
"../../../../../../Users/rscroggin/Documents/Unreal Projects/IGS2026/RogueFirefight/Content/Modern_Insurgent_7/Materials/BalaclavaClose_Materials/M_BalaclavaClose_Source.uasset" 3957
"../../../../../../Users/rscroggin/Documents/Unreal Projects/IGS2026/RogueFirefight/Content/Modern_Insurgent_7/Materials/Beret_Materials/M_Beret_Source.uasset" 3958
"../../../../../../Users/rscroggin/Documents/Unreal Projects/IGS2026/RogueFirefight/Content/Modern_Insurgent_7/Materials/Body_Materials/M_Body_Source.uasset" 3959
"../../../../../../Users/rscroggin/Documents/Unreal Projects/IGS2026/RogueFirefight/Content/Modern_Insurgent_7/Materials/Body_Materials/M_Eye_Source.uasset" 3960
"../../../../../../Users/rscroggin/Documents/Unreal Projects/IGS2026/RogueFirefight/Content/Modern_Insurgent_7/Materials/Body_Materials/M_Face_Source.uasset" 3961
"../../../../../../Users/rscroggin/Documents/Unreal Projects/IGS2026/RogueFirefight/Content/Modern_Insurgent_7/Materials/PouchesEquipment_Materials/Holster_Materials/M_Holster_Source.uasset" 3962
"../../../../../../Users/rscroggin/Documents/Unreal Projects/IGS2026/RogueFirefight/Content/Modern_Insurgent_7/Materials/PouchesEquipment_Materials/Holster_Materials/M_PistolMod_Source.uasset" 3963
"../../../../../../Users/rscroggin/Documents/Unreal Projects/IGS2026/RogueFirefight/Content/Modern_Insurgent_7/Materials/Sweater_Materials/M_Sweater_Source.uasset" 3964
"../../../../../../Users/rscroggin/Documents/Unreal Projects/IGS2026/RogueFirefight/Content/Modern_Insurgent_7/Materials/ArmorSmall_Materials/MI_ArmorSmall_Tan.uasset" 3965
"../../../../../../Users/rscroggin/Documents/Unreal Projects/IGS2026/RogueFirefight/Content/Modern_Insurgent_7/Materials/PantsMilitary_Materials/MI_PantsMilitary_Camo6.uasset" 3966
"../../../../../../Users/rscroggin/Documents/Unreal Projects/IGS2026/RogueFirefight/Content/Modern_Insurgent_7/Materials/Shoe_Materials/MI_Shoes_Green.uasset" 3967
"../../../../../../Users/rscroggin/Documents/Unreal Projects/IGS2026/RogueFirefight/Content/Modern_Insurgent_7/Mesh/PA_Insurgent_PhysicsAsset.uasset" 3968
"../../../../../../Users/rscroggin/Documents/Unreal Projects/IGS2026/RogueFirefight/Content/MP5/Materials/M_MP5.uasset" 3969
"../../../../../../Users/rscroggin/Documents/Unreal Projects/IGS2026/RogueFirefight/Content/Blueprints/NewEnemies/NewShotgunEnemy/Logic/BT_NewShotgunEnemy.uasset" 3970
"../../../../../../Users/rscroggin/Documents/Unreal Projects/IGS2026/RogueFirefight/Content/Blueprints/NewEnemies/NewShotgunEnemy/Logic/E_NewShotgunEnemyStates.uasset" 3971
"../../../../../../Users/rscroggin/Documents/Unreal Projects/IGS2026/RogueFirefight/Content/Modern_Insurgent_7/Materials/ArmorSmall_Materials/MI_ArmorSmall_Gray.uasset" 3972
"../../../../../../Users/rscroggin/Documents/Unreal Projects/IGS2026/RogueFirefight/Content/Modern_Insurgent_7/Materials/BalaclavaClose_Materials/MI_BalaclavaClose_Camo3.uasset" 3973
"../../../../../../Users/rscroggin/Documents/Unreal Projects/IGS2026/RogueFirefight/Content/Modern_Insurgent_7/Materials/Beret_Materials/MI_Beret_Red.uasset" 3974
"../../../../../../Users/rscroggin/Documents/Unreal Projects/IGS2026/RogueFirefight/Content/Modern_Insurgent_7/Materials/PantsMilitary_Materials/MI_PantsMilitary_Camo5.uasset" 3975
"../../../../../../Users/rscroggin/Documents/Unreal Projects/IGS2026/RogueFirefight/Content/Modern_Insurgent_7/Materials/Shoe_Materials/MI_Shoes_Black.uasset" 3976
"../../../../../../Users/rscroggin/Documents/Unreal Projects/IGS2026/RogueFirefight/Content/Weapons_Free/Materials/M_Material.uasset" 3977
"../../../../../../Users/rscroggin/Documents/Unreal Projects/IGS2026/RogueFirefight/Content/Insurgent_2/Animations/Demo/ThirdPerson_Jump.uasset" 3978
"../../../../../../Users/rscroggin/Documents/Unreal Projects/IGS2026/RogueFirefight/Content/Insurgent_2/Animations/Demo/ThirdPersonJump_Loop.uasset" 3979
"../../../../../../Users/rscroggin/Documents/Unreal Projects/IGS2026/RogueFirefight/Content/Insurgent_2/Animations/Demo/ThirdPersonJump_Start.uasset" 3980
"../../../../../../Users/rscroggin/Documents/Unreal Projects/IGS2026/RogueFirefight/Content/Insurgent_2/Animations/Demo/ThirdPerson_IdleRun_2D.uasset" 3981
"../../../../../../Users/rscroggin/Documents/Unreal Projects/IGS2026/RogueFirefight/Content/Insurgent_2/Mesh/SKM_BaseBody_Skeleton.uasset" 3982
"../../../../../../Users/rscroggin/Documents/Unreal Projects/IGS2026/RogueFirefight/Content/Blueprints/NewEnemies/NewSniperEnemy/Logic/BT_NewSniperEnemy.uasset" 3983
"../../../../../../Users/rscroggin/Documents/Unreal Projects/IGS2026/RogueFirefight/Content/Blueprints/NewEnemies/NewSniperEnemy/Logic/E_NewSniperEnemyStates.uasset" 3984
"../../../../../../Users/rscroggin/Documents/Unreal Projects/IGS2026/RogueFirefight/Content/Insurgent_2/Materials/Sources/M_BackpackSmall_Source.uasset" 3985
"../../../../../../Users/rscroggin/Documents/Unreal Projects/IGS2026/RogueFirefight/Content/Insurgent_2/Materials/Sources/M_Beard_Source.uasset" 3986
"../../../../../../Users/rscroggin/Documents/Unreal Projects/IGS2026/RogueFirefight/Content/Insurgent_2/Materials/Sources/M_Body_Source.uasset" 3987
"../../../../../../Users/rscroggin/Documents/Unreal Projects/IGS2026/RogueFirefight/Content/Insurgent_2/Materials/Sources/M_Boots_Source.uasset" 3988
"../../../../../../Users/rscroggin/Documents/Unreal Projects/IGS2026/RogueFirefight/Content/Insurgent_2/Materials/Sources/M_ChestRigSmall_Source.uasset" 3989
"../../../../../../Users/rscroggin/Documents/Unreal Projects/IGS2026/RogueFirefight/Content/Insurgent_2/Materials/Sources/M_Eyes_Source.uasset" 3990
"../../../../../../Users/rscroggin/Documents/Unreal Projects/IGS2026/RogueFirefight/Content/Insurgent_2/Materials/Sources/M_Face_Source.uasset" 3991
"../../../../../../Users/rscroggin/Documents/Unreal Projects/IGS2026/RogueFirefight/Content/Insurgent_2/Materials/Sources/M_HatPakol_Source.uasset" 3992
"../../../../../../Users/rscroggin/Documents/Unreal Projects/IGS2026/RogueFirefight/Content/Insurgent_2/Materials/Sources/M_PantsTracksuit_Source.uasset" 3993
"../../../../../../Users/rscroggin/Documents/Unreal Projects/IGS2026/RogueFirefight/Content/Insurgent_2/Materials/Sources/M_Scarf_Source.uasset" 3994
"../../../../../../Users/rscroggin/Documents/Unreal Projects/IGS2026/RogueFirefight/Content/Insurgent_2/Materials/Sources/M_ShirtLong_Source.uasset" 3995
"../../../../../../Users/rscroggin/Documents/Unreal Projects/IGS2026/RogueFirefight/Content/Insurgent_2/Mesh/PA_BaseBody_PhysicsAsset.uasset" 3996
"../../Plugins/Interchange/Assets/Content/gltf/MaterialInstances/MI_Default_Opaque_DS.uasset" 3997
"../../../../../../Users/rscroggin/Documents/Unreal Projects/IGS2026/RogueFirefight/Content/Modern_Insurgent_7/Demo/Animations/AS_ThirdPersonIdle.uasset" 3998
"../../../../../../Users/rscroggin/Documents/Unreal Projects/IGS2026/RogueFirefight/Content/Modern_Insurgent_7/Demo/Animations/AS_ThirdPersonRun.uasset" 3999
"../../../../../../Users/rscroggin/Documents/Unreal Projects/IGS2026/RogueFirefight/Content/Modern_Insurgent_7/Demo/Animations/AS_ThirdPersonWalk.uasset" 4000
"../../../../../../Users/rscroggin/Documents/Unreal Projects/IGS2026/RogueFirefight/Content/Blueprints/NewEnemies/NewAssaultRifleEnemy/Logic/BB_NewAssaultRifleEnemy.uasset" 4001
"../../../../../../Users/rscroggin/Documents/Unreal Projects/IGS2026/RogueFirefight/Content/Blueprints/NewEnemies/NewAssaultRifleEnemy/NARE_Tasks/BTT_CheckValidTarget.uasset" 4002
"../../../../../../Users/rscroggin/Documents/Unreal Projects/IGS2026/RogueFirefight/Content/Blueprints/NewEnemies/NewAssaultRifleEnemy/NARE_Tasks/BTT_Patrol.uasset" 4003
"../../../../../../Users/rscroggin/Documents/Unreal Projects/IGS2026/RogueFirefight/Content/Blueprints/NewEnemies/NewAssaultRifleEnemy/NARE_Tasks/BTT_SetFocus.uasset" 4004
"../../../../../../Users/rscroggin/Documents/Unreal Projects/IGS2026/RogueFirefight/Content/Blueprints/NewEnemies/NewAssaultRifleEnemy/NARE_Tasks/BTT_Strafe.uasset" 4005
"../../../../../../Users/rscroggin/Documents/Unreal Projects/IGS2026/RogueFirefight/Content/Blueprints/NewEnemies/NewAssaultRifleEnemy/Logic/EQS_NAREnemyStrafe.uasset" 4006
"../../../../../../Users/rscroggin/Documents/Unreal Projects/IGS2026/RogueFirefight/Content/Modern_Insurgent_7/Textures/BalaclavaClose_Textures/T_BalaclavaClose_AO_MT_R.uasset" 4007
"../../../../../../Users/rscroggin/Documents/Unreal Projects/IGS2026/RogueFirefight/Content/Modern_Insurgent_7/Textures/BalaclavaClose_Textures/T_BalaclavaClose_BC.uasset" 4008
"../../../../../../Users/rscroggin/Documents/Unreal Projects/IGS2026/RogueFirefight/Content/Modern_Insurgent_7/Textures/BalaclavaClose_Textures/T_BalaclavaClose_N.uasset" 4009
"../../../../../../Users/rscroggin/Documents/Unreal Projects/IGS2026/RogueFirefight/Content/Modern_Insurgent_7/Textures/Beret_Textures/T_Beret_AO_MT_R.uasset" 4010
"../../../../../../Users/rscroggin/Documents/Unreal Projects/IGS2026/RogueFirefight/Content/Modern_Insurgent_7/Textures/Beret_Textures/T_Beret_BC.uasset" 4011
"../../../../../../Users/rscroggin/Documents/Unreal Projects/IGS2026/RogueFirefight/Content/Modern_Insurgent_7/Textures/Beret_Textures/T_Beret_N.uasset" 4012
"../../../../../../Users/rscroggin/Documents/Unreal Projects/IGS2026/RogueFirefight/Content/Modern_Insurgent_7/Textures/BodySkin_Textures/T_Body_AO_MT_R.uasset" 4013
"../../../../../../Users/rscroggin/Documents/Unreal Projects/IGS2026/RogueFirefight/Content/Modern_Insurgent_7/Textures/BodySkin_Textures/T_Body_BC.uasset" 4014
"../../../../../../Users/rscroggin/Documents/Unreal Projects/IGS2026/RogueFirefight/Content/Modern_Insurgent_7/Textures/BodySkin_Textures/T_Body_N.uasset" 4015
"../../../../../../Users/rscroggin/Documents/Unreal Projects/IGS2026/RogueFirefight/Content/Modern_Insurgent_7/Textures/BodySkin_Textures/T_eye_AO_MT_R.uasset" 4016
"../../../../../../Users/rscroggin/Documents/Unreal Projects/IGS2026/RogueFirefight/Content/Modern_Insurgent_7/Textures/BodySkin_Textures/T_eye_BC.uasset" 4017
"../../../../../../Users/rscroggin/Documents/Unreal Projects/IGS2026/RogueFirefight/Content/Modern_Insurgent_7/Textures/BodySkin_Textures/T_eye_N.uasset" 4018
"../../../../../../Users/rscroggin/Documents/Unreal Projects/IGS2026/RogueFirefight/Content/Modern_Insurgent_7/Textures/BodySkin_Textures/T_face_AO_MT_R.uasset" 4019
"../../../../../../Users/rscroggin/Documents/Unreal Projects/IGS2026/RogueFirefight/Content/Modern_Insurgent_7/Textures/BodySkin_Textures/T_face_BC.uasset" 4020
"../../../../../../Users/rscroggin/Documents/Unreal Projects/IGS2026/RogueFirefight/Content/Modern_Insurgent_7/Textures/BodySkin_Textures/T_face_N.uasset" 4021
"../../../../../../Users/rscroggin/Documents/Unreal Projects/IGS2026/RogueFirefight/Content/Modern_Insurgent_7/Textures/Holster_Textures/T_Holster_AO_MT_R.uasset" 4022
"../../../../../../Users/rscroggin/Documents/Unreal Projects/IGS2026/RogueFirefight/Content/Modern_Insurgent_7/Textures/Holster_Textures/T_Holster_BC.uasset" 4023
"../../../../../../Users/rscroggin/Documents/Unreal Projects/IGS2026/RogueFirefight/Content/Modern_Insurgent_7/Textures/Holster_Textures/T_Holster_N.uasset" 4024
"../../../../../../Users/rscroggin/Documents/Unreal Projects/IGS2026/RogueFirefight/Content/Modern_Insurgent_7/Textures/PistolMod_Textures/T_PistolMod_AO_MT_R.uasset" 4025
"../../../../../../Users/rscroggin/Documents/Unreal Projects/IGS2026/RogueFirefight/Content/Modern_Insurgent_7/Textures/PistolMod_Textures/T_PistolMod_BC.uasset" 4026
"../../../../../../Users/rscroggin/Documents/Unreal Projects/IGS2026/RogueFirefight/Content/Modern_Insurgent_7/Textures/PistolMod_Textures/T_PistolMod_N.uasset" 4027
"../../../../../../Users/rscroggin/Documents/Unreal Projects/IGS2026/RogueFirefight/Content/Modern_Insurgent_7/Textures/Sweater_Textures/T_Sweater_AO_MT_R.uasset" 4028
"../../../../../../Users/rscroggin/Documents/Unreal Projects/IGS2026/RogueFirefight/Content/Modern_Insurgent_7/Textures/Sweater_Textures/T_Sweater_Green_BC.uasset" 4029
"../../../../../../Users/rscroggin/Documents/Unreal Projects/IGS2026/RogueFirefight/Content/Modern_Insurgent_7/Textures/Sweater_Textures/T_Sweater_N.uasset" 4030
"../../../../../../Users/rscroggin/Documents/Unreal Projects/IGS2026/RogueFirefight/Content/Modern_Insurgent_7/Materials/ArmorSmall_Materials/M_ArmorSmall_Source.uasset" 4031
"../../../../../../Users/rscroggin/Documents/Unreal Projects/IGS2026/RogueFirefight/Content/Modern_Insurgent_7/Textures/SmallArmor_Textures/T_ArmorSmall_Tan_BC.uasset" 4032
"../../../../../../Users/rscroggin/Documents/Unreal Projects/IGS2026/RogueFirefight/Content/Modern_Insurgent_7/Materials/PantsMilitary_Materials/M_PantsMilitary_Source.uasset" 4033
"../../../../../../Users/rscroggin/Documents/Unreal Projects/IGS2026/RogueFirefight/Content/Modern_Insurgent_7/Textures/PantsMilitary_Textures/T_PantsMilitary_Camo6_BC.uasset" 4034
"../../../../../../Users/rscroggin/Documents/Unreal Projects/IGS2026/RogueFirefight/Content/Modern_Insurgent_7/Materials/Shoe_Materials/M_Shoes_Source.uasset" 4035
"../../../../../../Users/rscroggin/Documents/Unreal Projects/IGS2026/RogueFirefight/Content/Modern_Insurgent_7/Textures/Shoes_Textures/T_Shoes_Green_BC.uasset" 4036
"../../../../../../Users/rscroggin/Documents/Unreal Projects/IGS2026/RogueFirefight/Content/MP5/Materials/Textures/T_MP5_Diffuse.uasset" 4037
"../../../../../../Users/rscroggin/Documents/Unreal Projects/IGS2026/RogueFirefight/Content/MP5/Materials/Textures/T_MP5_Metallic.uasset" 4038
"../../../../../../Users/rscroggin/Documents/Unreal Projects/IGS2026/RogueFirefight/Content/MP5/Materials/Textures/T_MP5_Normal.uasset" 4039
"../../../../../../Users/rscroggin/Documents/Unreal Projects/IGS2026/RogueFirefight/Content/MP5/Materials/Textures/T_MP5_Roughness.uasset" 4040
"../../../../../../Users/rscroggin/Documents/Unreal Projects/IGS2026/RogueFirefight/Content/MP5/Materials/Textures/T_MP5_Spec.uasset" 4041
"../../../../../../Users/rscroggin/Documents/Unreal Projects/IGS2026/RogueFirefight/Content/Blueprints/NewEnemies/NewShotgunEnemy/Logic/BB_NewShotgunEnemy.uasset" 4042
"../../../../../../Users/rscroggin/Documents/Unreal Projects/IGS2026/RogueFirefight/Content/Blueprints/NewEnemies/NewShotgunEnemy/NSGE_Tasks/BTT_NSGECheckValidTarget.uasset" 4043
"../../../../../../Users/rscroggin/Documents/Unreal Projects/IGS2026/RogueFirefight/Content/Blueprints/NewEnemies/NewShotgunEnemy/NSGE_Tasks/BTT_NSGEPatrol.uasset" 4044
"../../../../../../Users/rscroggin/Documents/Unreal Projects/IGS2026/RogueFirefight/Content/Blueprints/NewEnemies/NewShotgunEnemy/NSGE_Tasks/BTT_NSGESetFocus.uasset" 4045
"../../../../../../Users/rscroggin/Documents/Unreal Projects/IGS2026/RogueFirefight/Content/Blueprints/NewEnemies/NewShotgunEnemy/NSGE_Tasks/BTT_NSGEStrafe.uasset" 4046
"../../../../../../Users/rscroggin/Documents/Unreal Projects/IGS2026/RogueFirefight/Content/Blueprints/NewEnemies/NewShotgunEnemy/Logic/EQS_NewShotgunEnemyStrafe.uasset" 4047
"../../../../../../Users/rscroggin/Documents/Unreal Projects/IGS2026/RogueFirefight/Content/Modern_Insurgent_7/Textures/SmallArmor_Textures/T_ArmorSmall_Gray_BC.uasset" 4048
"../../../../../../Users/rscroggin/Documents/Unreal Projects/IGS2026/RogueFirefight/Content/Modern_Insurgent_7/Textures/BalaclavaClose_Textures/T_BalaclavaClose_Camo3_BC.uasset" 4049
"../../../../../../Users/rscroggin/Documents/Unreal Projects/IGS2026/RogueFirefight/Content/Modern_Insurgent_7/Textures/Beret_Textures/T_Beret_Red_BC.uasset" 4050
"../../../../../../Users/rscroggin/Documents/Unreal Projects/IGS2026/RogueFirefight/Content/Modern_Insurgent_7/Textures/PantsMilitary_Textures/T_PantsMilitary_Camo5_BC.uasset" 4051
"../../../../../../Users/rscroggin/Documents/Unreal Projects/IGS2026/RogueFirefight/Content/Modern_Insurgent_7/Textures/Shoes_Textures/T_Shoes_Black_BC.uasset" 4052
"../../../../../../Users/rscroggin/Documents/Unreal Projects/IGS2026/RogueFirefight/Content/Weapons_Free/Textures/T_Textures.uasset" 4053
"../../../../../../Users/rscroggin/Documents/Unreal Projects/IGS2026/RogueFirefight/Content/Insurgent_2/Animations/Demo/ThirdPersonIdle.uasset" 4054
"../../../../../../Users/rscroggin/Documents/Unreal Projects/IGS2026/RogueFirefight/Content/Insurgent_2/Animations/Demo/ThirdPersonRun.uasset" 4055
"../../../../../../Users/rscroggin/Documents/Unreal Projects/IGS2026/RogueFirefight/Content/Insurgent_2/Animations/Demo/ThirdPersonWalk.uasset" 4056
"../../../../../../Users/rscroggin/Documents/Unreal Projects/IGS2026/RogueFirefight/Content/Blueprints/NewEnemies/NewSniperEnemy/Logic/BB_NewSniperEnemy.uasset" 4057
"../../../../../../Users/rscroggin/Documents/Unreal Projects/IGS2026/RogueFirefight/Content/Blueprints/NewEnemies/NewSniperEnemy/NSE_Tasks/BTT_NSECheckValidTarget.uasset" 4058
"../../../../../../Users/rscroggin/Documents/Unreal Projects/IGS2026/RogueFirefight/Content/Blueprints/NewEnemies/NewSniperEnemy/NSE_Tasks/BTT_NSEPatrol.uasset" 4059
"../../../../../../Users/rscroggin/Documents/Unreal Projects/IGS2026/RogueFirefight/Content/Blueprints/NewEnemies/NewSniperEnemy/NSE_Tasks/BTT_NSESetFocus.uasset" 4060
"../../../../../../Users/rscroggin/Documents/Unreal Projects/IGS2026/RogueFirefight/Content/Blueprints/NewEnemies/NewSniperEnemy/NSE_Tasks/BTT_NSEStrafe.uasset" 4061
"../../../../../../Users/rscroggin/Documents/Unreal Projects/IGS2026/RogueFirefight/Content/Blueprints/NewEnemies/NewSniperEnemy/Logic/EQS_NewSniperEnemyStrafe.uasset" 4062
"../../../../../../Users/rscroggin/Documents/Unreal Projects/IGS2026/RogueFirefight/Content/Insurgent_2/Textures/BackPackSmall/T_BackpackSmall_AO_MT_R.uasset" 4063
"../../../../../../Users/rscroggin/Documents/Unreal Projects/IGS2026/RogueFirefight/Content/Insurgent_2/Textures/BackPackSmall/T_BackpackSmall_BC.uasset" 4064
"../../../../../../Users/rscroggin/Documents/Unreal Projects/IGS2026/RogueFirefight/Content/Insurgent_2/Textures/BackPackSmall/T_BackpackSmall_N.uasset" 4065
"../../../../../../Users/rscroggin/Documents/Unreal Projects/IGS2026/RogueFirefight/Content/Insurgent_2/Textures/Beard/T_Beard_albedo.uasset" 4066
"../../../../../../Users/rscroggin/Documents/Unreal Projects/IGS2026/RogueFirefight/Content/Insurgent_2/Textures/Beard/T_Beard_alpha.uasset" 4067
"../../../../../../Users/rscroggin/Documents/Unreal Projects/IGS2026/RogueFirefight/Content/Insurgent_2/Textures/Beard/T_Beard_normal.uasset" 4068
"../../../../../../Users/rscroggin/Documents/Unreal Projects/IGS2026/RogueFirefight/Content/Insurgent_2/Textures/Body/T_Body_AO_MT_R.uasset" 4069
"../../../../../../Users/rscroggin/Documents/Unreal Projects/IGS2026/RogueFirefight/Content/Insurgent_2/Textures/Body/T_Body_BC.uasset" 4070
"../../../../../../Users/rscroggin/Documents/Unreal Projects/IGS2026/RogueFirefight/Content/Insurgent_2/Textures/Body/T_Body_N.uasset" 4071
"../../../../../../Users/rscroggin/Documents/Unreal Projects/IGS2026/RogueFirefight/Content/Insurgent_2/Textures/Boots/T_Boots_AO_MT_R.uasset" 4072
"../../../../../../Users/rscroggin/Documents/Unreal Projects/IGS2026/RogueFirefight/Content/Insurgent_2/Textures/Boots/T_Boots_BC.uasset" 4073
"../../../../../../Users/rscroggin/Documents/Unreal Projects/IGS2026/RogueFirefight/Content/Insurgent_2/Textures/Boots/T_Boots_N.uasset" 4074
"../../../../../../Users/rscroggin/Documents/Unreal Projects/IGS2026/RogueFirefight/Content/Insurgent_2/Textures/ChestRigSmall/T_ChestRigSmall_AO_MT_R.uasset" 4075
"../../../../../../Users/rscroggin/Documents/Unreal Projects/IGS2026/RogueFirefight/Content/Insurgent_2/Textures/ChestRigSmall/T_ChestRigSmall_BC.uasset" 4076
"../../../../../../Users/rscroggin/Documents/Unreal Projects/IGS2026/RogueFirefight/Content/Insurgent_2/Textures/ChestRigSmall/T_ChestRigSmall_N.uasset" 4077
"../../../../../../Users/rscroggin/Documents/Unreal Projects/IGS2026/RogueFirefight/Content/Insurgent_2/Textures/Eyes/T_Eyes_AO_MT_R.uasset" 4078
"../../../../../../Users/rscroggin/Documents/Unreal Projects/IGS2026/RogueFirefight/Content/Insurgent_2/Textures/Eyes/T_Eyes_BC.uasset" 4079
"../../../../../../Users/rscroggin/Documents/Unreal Projects/IGS2026/RogueFirefight/Content/Insurgent_2/Textures/Eyes/T_Eyes_N.uasset" 4080
"../../../../../../Users/rscroggin/Documents/Unreal Projects/IGS2026/RogueFirefight/Content/Insurgent_2/Textures/Face/T_Face_AO_MT_R.uasset" 4081
"../../../../../../Users/rscroggin/Documents/Unreal Projects/IGS2026/RogueFirefight/Content/Insurgent_2/Textures/Face/T_Face_BC.uasset" 4082
"../../../../../../Users/rscroggin/Documents/Unreal Projects/IGS2026/RogueFirefight/Content/Insurgent_2/Textures/Face/T_Face_N.uasset" 4083
"../../../../../../Users/rscroggin/Documents/Unreal Projects/IGS2026/RogueFirefight/Content/Insurgent_2/Textures/HatPakol/T_HatPakol_AO_MT_R.uasset" 4084
"../../../../../../Users/rscroggin/Documents/Unreal Projects/IGS2026/RogueFirefight/Content/Insurgent_2/Textures/HatPakol/T_HatPakol_BC.uasset" 4085
"../../../../../../Users/rscroggin/Documents/Unreal Projects/IGS2026/RogueFirefight/Content/Insurgent_2/Textures/HatPakol/T_HatPakol_N.uasset" 4086
"../../../../../../Users/rscroggin/Documents/Unreal Projects/IGS2026/RogueFirefight/Content/Insurgent_2/Textures/PantsTracksuit/T_PantsTracksuit_AO_MT_R.uasset" 4087
"../../../../../../Users/rscroggin/Documents/Unreal Projects/IGS2026/RogueFirefight/Content/Insurgent_2/Textures/PantsTracksuit/T_PantsTracksuit_Brown_BC.uasset" 4088
"../../../../../../Users/rscroggin/Documents/Unreal Projects/IGS2026/RogueFirefight/Content/Insurgent_2/Textures/PantsTracksuit/T_PantsTracksuit_N.uasset" 4089
"../../../../../../Users/rscroggin/Documents/Unreal Projects/IGS2026/RogueFirefight/Content/Insurgent_2/Textures/Scarf/T_Scarf_AO_MT_R.uasset" 4090
"../../../../../../Users/rscroggin/Documents/Unreal Projects/IGS2026/RogueFirefight/Content/Insurgent_2/Textures/Scarf/T_Scarf_Brown_BC.uasset" 4091
"../../../../../../Users/rscroggin/Documents/Unreal Projects/IGS2026/RogueFirefight/Content/Insurgent_2/Textures/Scarf/T_Scarf_N.uasset" 4092
"../../../../../../Users/rscroggin/Documents/Unreal Projects/IGS2026/RogueFirefight/Content/Insurgent_2/Textures/ShirtLong/T_ShirtLong_AO_MT_R.uasset" 4093
"../../../../../../Users/rscroggin/Documents/Unreal Projects/IGS2026/RogueFirefight/Content/Insurgent_2/Textures/ShirtLong/T_ShirtLong_Brown_BC.uasset" 4094
"../../../../../../Users/rscroggin/Documents/Unreal Projects/IGS2026/RogueFirefight/Content/Insurgent_2/Textures/ShirtLong/T_ShirtLong_N.uasset" 4095
"../../Plugins/Interchange/Assets/Content/gltf/M_Default.uasset" 4096
"../../../../../../Users/rscroggin/Documents/Unreal Projects/IGS2026/RogueFirefight/Content/Blueprints/NewEnemies/NewAssaultRifleEnemy/Logic/NARE_PlayerContext.uasset" 4097
"../../../../../../Users/rscroggin/Documents/Unreal Projects/IGS2026/RogueFirefight/Content/Modern_Insurgent_7/Textures/SmallArmor_Textures/T_ArmorSmall_AO_MT_R.uasset" 4098
"../../../../../../Users/rscroggin/Documents/Unreal Projects/IGS2026/RogueFirefight/Content/Modern_Insurgent_7/Textures/SmallArmor_Textures/T_ArmorSmall_BC.uasset" 4099
"../../../../../../Users/rscroggin/Documents/Unreal Projects/IGS2026/RogueFirefight/Content/Modern_Insurgent_7/Textures/SmallArmor_Textures/T_ArmorSmall_N.uasset" 4100
"../../../../../../Users/rscroggin/Documents/Unreal Projects/IGS2026/RogueFirefight/Content/Modern_Insurgent_7/Textures/PantsMilitary_Textures/T_PantsMilitary_AO_MT_R.uasset" 4101
"../../../../../../Users/rscroggin/Documents/Unreal Projects/IGS2026/RogueFirefight/Content/Modern_Insurgent_7/Textures/PantsMilitary_Textures/T_PantsMilitary_BC.uasset" 4102
"../../../../../../Users/rscroggin/Documents/Unreal Projects/IGS2026/RogueFirefight/Content/Modern_Insurgent_7/Textures/PantsMilitary_Textures/T_PantsMilitary_N.uasset" 4103
"../../../../../../Users/rscroggin/Documents/Unreal Projects/IGS2026/RogueFirefight/Content/Modern_Insurgent_7/Textures/Shoes_Textures/T_Shoes_AO_MT_R.uasset" 4104
"../../../../../../Users/rscroggin/Documents/Unreal Projects/IGS2026/RogueFirefight/Content/Modern_Insurgent_7/Textures/Shoes_Textures/T_Shoes_N.uasset" 4105
"../../../../../../Users/rscroggin/Documents/Unreal Projects/IGS2026/RogueFirefight/Content/Modern_Insurgent_7/Textures/Shoes_Textures/T_Shoes_Tan_BC.uasset" 4106
"../../../../../../Users/rscroggin/Documents/Unreal Projects/IGS2026/RogueFirefight/Content/Blueprints/NewEnemies/NewShotgunEnemy/Logic/NSGE_PlayerContext.uasset" 4107
"../../../../../../Users/rscroggin/Documents/Unreal Projects/IGS2026/RogueFirefight/Content/Blueprints/NewEnemies/NewSniperEnemy/Logic/NSE_PlayerContext.uasset" 4108
"../../../Engine/Content/Functions/Engine_MaterialFunctions03/Math/RemapValueRange.uasset" 4109
"../../Plugins/Interchange/Assets/Content/Functions/MF_Iridescence.uasset" 4110
"../../Plugins/Interchange/Assets/Content/gltf/MaterialFunctions/MF_BaseColor.uasset" 4111
"../../Plugins/Interchange/Assets/Content/gltf/MaterialFunctions/MF_Emissive.uasset" 4112
"../../Plugins/Interchange/Assets/Content/gltf/MaterialFunctions/MF_IOR.uasset" 4113
"../../Plugins/Interchange/Assets/Content/gltf/MaterialFunctions/MF_Iridescence.uasset" 4114
"../../Plugins/Interchange/Assets/Content/gltf/MaterialFunctions/MF_MetallicRoughness.uasset" 4115
"../../Plugins/Interchange/Assets/Content/gltf/MaterialFunctions/MF_Normals.uasset" 4116
"../../Plugins/Interchange/Assets/Content/gltf/MaterialFunctions/MF_Occlusion.uasset" 4117
"../../Plugins/Interchange/Assets/Content/gltf/MaterialFunctions/MF_RotateNormals_TS.uasset" 4118
"../../Plugins/Interchange/Assets/Content/gltf/MaterialFunctions/MF_RotateV2.uasset" 4119
"../../Plugins/Interchange/Assets/Content/gltf/MaterialFunctions/MF_ScaleNormal.uasset" 4120
"../../Plugins/Interchange/Assets/Content/gltf/MaterialFunctions/MF_Specular.uasset" 4121
"../../Plugins/Interchange/Assets/Content/gltf/MaterialFunctions/MF_SpecularAnisotropy.uasset" 4122
"../../Plugins/Interchange/Assets/Content/gltf/MaterialFunctions/MF_TransformUVs.uasset" 4123
"../../Plugins/Interchange/Assets/Content/gltf/Textures/T_Anisotropy_Direction_Linear.uasset" 4124
"../../Plugins/Interchange/Assets/Content/gltf/Textures/T_Generic_N.uasset" 4125
"../../Plugins/Interchange/Assets/Content/gltf/Textures/T_White_Linear.uasset" 4126
"../../Plugins/Interchange/Assets/Content/gltf/Textures/T_White_srgb.uasset" 4127
"../../Plugins/Interchange/Assets/Content/Utilities/New_LUT.uasset" 4128
"../../Plugins/Interchange/Assets/Content/Functions/MF_IridescenceNoLUT.uasset" 4129
"C:/Users/rscroggin/Documents/Unreal Projects/IGS2026/RogueFirefight/Content/_GENERATED/rnewberr1/SM_Prickly_Pears_Proper2_Submesh_6EAC46B1.uasset" 4130
"C:/Users/rscroggin/Documents/Unreal Projects/IGS2026/RogueFirefight/Content/_GENERATED/rnewberr1/SM_Cactus_Proper_Submesh_A472DAEE.uasset" 4131
"C:/Users/rscroggin/Documents/Unreal Projects/IGS2026/RogueFirefight/Content/_GENERATED/rnewberr1/SM_Cactus_Proper_Submesh_E5D27436.uasset" 4132
"C:/Users/rscroggin/Documents/Unreal Projects/IGS2026/RogueFirefight/Content/UI/UI_SettingsMainMenuStuff/SettingsMainMenuGM.uasset" 4133
"C:/Users/rscroggin/Documents/Unreal Projects/IGS2026/RogueFirefight/Content/Levels/SettingsMenu.umap" 4134
"C:/Users/rscroggin/Documents/Unreal Projects/IGS2026/RogueFirefight/Content/_GENERATED/rnewberr1/SM_Cactus_Proper_Submesh_B802F24B.uasset" 4135
"C:/Users/rscroggin/Documents/Unreal Projects/IGS2026/RogueFirefight/Content/_GENERATED/rnewberr1/SM_Cactus_Proper_Submesh_E46AFE4D.uasset" 4136
"C:/Users/rscroggin/Documents/Unreal Projects/IGS2026/RogueFirefight/Content/_GENERATED/rnewberr1/SM_Cactus_Proper_Submesh_7375E88B.uasset" 4137
"C:/Users/rscroggin/Documents/Unreal Projects/IGS2026/RogueFirefight/Content/_GENERATED/rnewberr1/SM_Cactus_Proper_Submesh_E1BE2EC9.uasset" 4138
"C:/Users/rscroggin/Documents/Unreal Projects/IGS2026/RogueFirefight/Content/_GENERATED/rnewberr1/SM_Cactus_Proper_Submesh_63716F5D.uasset" 4139
"C:/Users/rscroggin/Documents/Unreal Projects/IGS2026/RogueFirefight/Content/UI/SettingsMainMenuGM.uasset" 4140
"C:/Users/rscroggin/Documents/Unreal Projects/IGS2026/RogueFirefight/Content/_GENERATED/rnewberr1/SM_Cactus_Proper_Submesh_C8BA5B4F.uasset" 4141
"C:/Users/rscroggin/Documents/Unreal Projects/IGS2026/RogueFirefight/Content/_GENERATED/rnewberr1/SM_Prickly_Pears_Proper2_Submesh_F284BCB0.uasset" 4142
"C:/Users/rscroggin/Documents/Unreal Projects/IGS2026/RogueFirefight/Content/_GENERATED/rnewberr1/SM_Prickly_Pears_Proper2_Submesh_6D60DE97.uasset" 4143
"C:/Users/rscroggin/Documents/Unreal Projects/IGS2026/RogueFirefight/Content/_GENERATED/rnewberr1/SM_Cactus_Proper_Submesh_29B215F2.uasset" 4144
"C:/Users/rscroggin/Documents/Unreal Projects/IGS2026/RogueFirefight/Content/SketchFab/Cacti/prickly_pear_stem_normal.uasset" 4145
"C:/Users/rscroggin/Documents/Unreal Projects/IGS2026/RogueFirefight/Content/_GENERATED/rnewberr1/SM_Cactus_Proper_Submesh_5D893005.uasset" 4146
"C:/Users/rscroggin/Documents/Unreal Projects/IGS2026/RogueFirefight/Content/_GENERATED/rnewberr1/SM_Cactus_Proper_Submesh_58CECF8F.uasset" 4147
"C:/Users/rscroggin/Documents/Unreal Projects/IGS2026/RogueFirefight/Content/_GENERATED/rnewberr1/SM_Cactus_Proper_Submesh_0247F8F2.uasset" 4148
"C:/Users/rscroggin/Documents/Unreal Projects/IGS2026/RogueFirefight/Content/SketchFab/Cacti/Prickly_Pear_Stem_Material.uasset" 4149
"C:/Users/rscroggin/Documents/Unreal Projects/IGS2026/RogueFirefight/Content/SketchFab/Cacti/prickly_pear_stem.uasset" 4150
"C:/Users/rscroggin/Documents/Unreal Projects/IGS2026/RogueFirefight/Content/SketchFab/Cacti/prickly_pear_flower.uasset" 4151
"C:/Users/rscroggin/Documents/Unreal Projects/IGS2026/RogueFirefight/Content/SM_Desert_Tent_Texture_fix.uasset" 4152
"C:/Users/rscroggin/Documents/Unreal Projects/IGS2026/RogueFirefight/Content/SketchFab/Cacti/Prickly_Pear_Blend_Material.uasset" 4153
"C:/Users/rscroggin/Documents/Unreal Projects/IGS2026/RogueFirefight/Content/_GENERATED/rnewberr1/SM_Prickly_Pears_Proper2_Submesh_91FD50C3.uasset" 4154
"C:/Users/rscroggin/Documents/Unreal Projects/IGS2026/RogueFirefight/Content/SketchFab/Cacti/prickly_pear_blend.uasset" 4155
"C:/Users/rscroggin/Documents/Unreal Projects/IGS2026/RogueFirefight/Content/SketchFab/Cacti/prickly_pear_flower_normal.uasset" 4156
"C:/Users/rscroggin/Documents/Unreal Projects/IGS2026/RogueFirefight/Content/SketchFab/Cacti/Prickly_Pear_Flower_Material.uasset" 4157
"C:/Users/rscroggin/Documents/Unreal Projects/IGS2026/RogueFirefight/Content/SketchFab/Cacti/prickly_pear_flower_roughness.uasset" 4158
"C:/Users/rscroggin/Documents/Unreal Projects/IGS2026/RogueFirefight/Content/SketchFab/Cacti/prickly_pear_roughness.uasset" 4159
"C:/Users/rscroggin/Documents/Unreal Projects/IGS2026/RogueFirefight/Content/SketchFab/Cacti/prickly_pear_stem_roughness.uasset" 4160
"C:/Users/rscroggin/Documents/Unreal Projects/IGS2026/RogueFirefight/Content/SketchFab/Cacti/prickly_pear.uasset" 4161
"../../../Engine/Plugins/Interchange/Assets/Shaders/ThinFilmFunctions.usf" 4162
"/Game/UI/UI_SettingsMainMenuStuff/SettingsMainMenuGM" 4163
"/Game/UI/SettingsMainMenuGM" 4164
"/Game/Levels/SettingsMenu" 4165
"../../../../../../Users/rscroggin/Documents/Unreal Projects/IGS2026/RogueFirefight/Content/Levels/SettingsMenu.umap" 4166
"/Game/_GENERATED/rnewberr1/SM_Cactus_Proper_Submesh_E5D27436" 4167
"../../../../../../Users/rscroggin/Documents/Unreal Projects/IGS2026/RogueFirefight/Content/SketchFab/Cacti/Cactus_Blend_Material.uasset" 4168
"../../../../../../Users/rscroggin/Documents/Unreal Projects/IGS2026/RogueFirefight/Content/SketchFab/Cacti/Cactus_Material.uasset" 4169
"../../../../../../Users/rscroggin/Documents/Unreal Projects/IGS2026/RogueFirefight/Content/SketchFab/Cacti/Saguaro_Flower_Material.uasset" 4170
"../../../../../../Users/rscroggin/Documents/Unreal Projects/IGS2026/RogueFirefight/Content/SketchFab/Cacti/Saguaro_Stem_Material.uasset" 4171
"../../../../../../Users/rscroggin/Documents/Unreal Projects/IGS2026/RogueFirefight/Content/SketchFab/Cacti/cactus_blend.uasset" 4172
"../../../../../../Users/rscroggin/Documents/Unreal Projects/IGS2026/RogueFirefight/Content/SketchFab/Cacti/cactus_normal.uasset" 4173
"../../../../../../Users/rscroggin/Documents/Unreal Projects/IGS2026/RogueFirefight/Content/SketchFab/Cacti/cactus_roughness.uasset" 4174
"../../../../../../Users/rscroggin/Documents/Unreal Projects/IGS2026/RogueFirefight/Content/SketchFab/Cacti/cactus.uasset" 4175
"../../../../../../Users/rscroggin/Documents/Unreal Projects/IGS2026/RogueFirefight/Content/SketchFab/Cacti/saguaro_flower.uasset" 4176
"../../../../../../Users/rscroggin/Documents/Unreal Projects/IGS2026/RogueFirefight/Content/SketchFab/Cacti/saguaro_flower_alpha.uasset" 4177
"../../../../../../Users/rscroggin/Documents/Unreal Projects/IGS2026/RogueFirefight/Content/SketchFab/Cacti/saguaro_flower_roughness.uasset" 4178
"../../../../../../Users/rscroggin/Documents/Unreal Projects/IGS2026/RogueFirefight/Content/SketchFab/Cacti/saguaro_stem.uasset" 4179
"../../../../../../Users/rscroggin/Documents/Unreal Projects/IGS2026/RogueFirefight/Content/SketchFab/Cacti/saguaro_stem_normal.uasset" 4180
"../../../../../../Users/rscroggin/Documents/Unreal Projects/IGS2026/RogueFirefight/Content/SketchFab/Cacti/saguaro_stem_roughness.uasset" 4181
"/Game/_GENERATED/rnewberr1/SM_Cactus_Proper_Submesh_E46AFE4D" 4182
"/Game/_GENERATED/rnewberr1/SM_Cactus_Proper_Submesh_E1BE2EC9" 4183
"/Game/_GENERATED/rnewberr1/SM_Cactus_Proper_Submesh_C8BA5B4F" 4184
"/Game/_GENERATED/rnewberr1/SM_Cactus_Proper_Submesh_B802F24B" 4185
"/Game/_GENERATED/rnewberr1/SM_Cactus_Proper_Submesh_A472DAEE" 4186
"../../../../../../Users/rscroggin/Documents/Unreal Projects/IGS2026/RogueFirefight/Content/_GENERATED/rnewberr1/SM_Cactus_Proper_Submesh_E5D27436.uasset" 4187
"../../../../../../Users/rscroggin/Documents/Unreal Projects/IGS2026/RogueFirefight/Content/_GENERATED/rnewberr1/SM_Cactus_Proper_Submesh_E46AFE4D.uasset" 4188
"../../../../../../Users/rscroggin/Documents/Unreal Projects/IGS2026/RogueFirefight/Content/_GENERATED/rnewberr1/SM_Cactus_Proper_Submesh_E1BE2EC9.uasset" 4189
"../../../../../../Users/rscroggin/Documents/Unreal Projects/IGS2026/RogueFirefight/Content/_GENERATED/rnewberr1/SM_Cactus_Proper_Submesh_C8BA5B4F.uasset" 4190
"../../../../../../Users/rscroggin/Documents/Unreal Projects/IGS2026/RogueFirefight/Content/_GENERATED/rnewberr1/SM_Cactus_Proper_Submesh_B802F24B.uasset" 4191
"../../../../../../Users/rscroggin/Documents/Unreal Projects/IGS2026/RogueFirefight/Content/_GENERATED/rnewberr1/SM_Cactus_Proper_Submesh_A472DAEE.uasset" 4192
"/Game/_GENERATED/rnewberr1/SM_Cactus_Proper_Submesh_7375E88B" 4193
"/Game/_GENERATED/rnewberr1/SM_Cactus_Proper_Submesh_63716F5D" 4194
"/Game/_GENERATED/rnewberr1/SM_Cactus_Proper_Submesh_5D893005" 4195
"/Game/_GENERATED/rnewberr1/SM_Cactus_Proper_Submesh_58CECF8F" 4196
"/Game/_GENERATED/rnewberr1/SM_Cactus_Proper_Submesh_29B215F2" 4197
"/Game/_GENERATED/rnewberr1/SM_Cactus_Proper_Submesh_0247F8F2" 4198
"/Game/SM_Desert_Tent_Texture_fix" 4199
"../../../../../../Users/rscroggin/Documents/Unreal Projects/IGS2026/RogueFirefight/Content/Fab/Camp_Props/Camp_props/Materials/Tent_1.uasset" 4200
"../../../../../../Users/rscroggin/Documents/Unreal Projects/IGS2026/RogueFirefight/Content/Fab/Camp_Props/Camp_props/Materials/Tent_poles.uasset" 4201
"../../../../../../Users/rscroggin/Documents/Unreal Projects/IGS2026/RogueFirefight/Content/Fab/Camp_Props/Camp_props/Textures/Props_1_Tent_1_Albedo.uasset" 4202
"../../../../../../Users/rscroggin/Documents/Unreal Projects/IGS2026/RogueFirefight/Content/Fab/Camp_Props/Camp_props/Textures/Props_1_Tent_1_Metalness-Props_1_Tent_1_Roughness.uasset" 4203
"../../../../../../Users/rscroggin/Documents/Unreal Projects/IGS2026/RogueFirefight/Content/Fab/Camp_Props/Camp_props/Textures/Props_1_Tent_1_Normal.uasset" 4204
"../../../../../../Users/rscroggin/Documents/Unreal Projects/IGS2026/RogueFirefight/Content/Fab/Camp_Props/Camp_props/Textures/Props_2_Tent_poles_Albedo.uasset" 4205
"../../../../../../Users/rscroggin/Documents/Unreal Projects/IGS2026/RogueFirefight/Content/Fab/Camp_Props/Camp_props/Textures/Props_2_Tent_poles_Metalness_png-Props_2_Tent_poles_Roughness_png.uasset" 4206
"../../../../../../Users/rscroggin/Documents/Unreal Projects/IGS2026/RogueFirefight/Content/Fab/Camp_Props/Camp_props/Textures/Props_2_Tent_poles_Normal.uasset" 4207
"/Game/SketchFab/Cacti/prickly_pear_stem_roughness" 4208
"/Game/SketchFab/Cacti/prickly_pear_stem_normal" 4209
"../../../../../../Users/rscroggin/Documents/Unreal Projects/IGS2026/RogueFirefight/Content/_GENERATED/rnewberr1/SM_Cactus_Proper_Submesh_7375E88B.uasset" 4210
"/Game/SketchFab/Cacti/prickly_pear_stem" 4211
"/Game/SketchFab/Cacti/Prickly_Pear_Stem_Material" 4212
"/Game/SketchFab/Cacti/prickly_pear_flower_roughness" 4213
"/Game/SketchFab/Cacti/prickly_pear_flower" 4214
"/Game/SketchFab/Cacti/Prickly_Pear_Flower_Material" 4215
"/Game/SketchFab/Cacti/prickly_pear_blend" 4216
"/Game/SketchFab/Cacti/Prickly_Pear_Blend_Material" 4217
"/Game/SketchFab/Cacti/prickly_pear" 4218
"C:/Users/rscroggin/Documents/Unreal Projects/IGS2026/RogueFirefight/Content/SketchFab/Crates_and_Barrels/Crate_Base_Color.uasset" 4219
"C:/Users/rscroggin/Documents/Unreal Projects/IGS2026/RogueFirefight/Content/SketchFab/Crates_and_Barrels/Crate_Base_Color_Mat.uasset" 4220
"C:/Users/rscroggin/Documents/Unreal Projects/IGS2026/RogueFirefight/Content/SketchFab/Cacti/Prickly_Pear_Material.uasset" 4221
"C:/Users/rscroggin/Documents/Unreal Projects/IGS2026/RogueFirefight/Content/SketchFab/Crates_and_Barrels/Barrel_Base_Color_Mat.uasset" 4222
"C:/Users/rscroggin/Documents/Unreal Projects/IGS2026/RogueFirefight/Content/SketchFab/Crates_and_Barrels/Crate_002.uasset" 4223
"C:/Users/rscroggin/Documents/Unreal Projects/IGS2026/RogueFirefight/Content/SketchFab/Crates_and_Barrels/Crate1.uasset" 4224
"C:/Users/rscroggin/Documents/Unreal Projects/IGS2026/RogueFirefight/Content/SketchFab/Cacti/SM_Cactus_Proper.uasset" 4225
"C:/Users/rscroggin/Documents/Unreal Projects/IGS2026/RogueFirefight/Content/SketchFab/Crates_and_Barrels/Crate_001.uasset" 4226
"C:/Users/rscroggin/Documents/Unreal Projects/IGS2026/RogueFirefight/Content/Substance_Materials_Vol1_Wood/Textures/T_Submat_V1_Wood04_Height.uasset" 4227
"C:/Users/rscroggin/Documents/Unreal Projects/IGS2026/RogueFirefight/Content/Substance_Materials_Vol1_Wood/Substance_Textures/ST_Submat_V1_Wood04_roughness.uasset" 4228
"C:/Users/rscroggin/Documents/Unreal Projects/IGS2026/RogueFirefight/Content/SketchFab/Cacti/SM_Prickly_Pears_Proper.uasset" 4229
"C:/Users/rscroggin/Documents/Unreal Projects/IGS2026/RogueFirefight/Content/Substance_Materials_Vol1_Wood/Textures/T_Submat_V1_Wood04_Base_Color.uasset" 4230
"C:/Users/rscroggin/Documents/Unreal Projects/IGS2026/RogueFirefight/Content/SketchFab/Crates_and_Barrels/Barrel1.uasset" 4231
"C:/Users/rscroggin/Documents/Unreal Projects/IGS2026/RogueFirefight/Content/Substance_Materials_Vol1_Wood/Textures/T_Submat_V1_Wood04_Normal.uasset" 4232
"C:/Users/rscroggin/Documents/Unreal Projects/IGS2026/RogueFirefight/Content/Substance_Materials_Vol1_Wood/Substance_Textures/ST_Submat_V1_Wood01_roughness.uasset" 4233
"C:/Users/rscroggin/Documents/Unreal Projects/IGS2026/RogueFirefight/Content/SketchFab/Crates_and_Barrels/Barrel_Base_Color.uasset" 4234
"C:/Users/rscroggin/Documents/Unreal Projects/IGS2026/RogueFirefight/Content/Substance_Materials_Vol1_Wood/Substance_Textures/ST_Submat_V1_Wood01_normal.uasset" 4235
"C:/Users/rscroggin/Documents/Unreal Projects/IGS2026/RogueFirefight/Content/Substance_Materials_Vol1_Wood/Textures/T_Submat_V1_Wood04_OcclusionRoughnessHeight.uasset" 4236
"C:/Users/rscroggin/Documents/Unreal Projects/IGS2026/RogueFirefight/Content/Substance_Materials_Vol1_Wood/Substance_Textures/ST_Submat_V1_Wood01_height.uasset" 4237
"C:/Users/rscroggin/Documents/Unreal Projects/IGS2026/RogueFirefight/Content/Substance_Materials_Vol1_Wood/Textures/T_Submat_V1_Wood04_Ambient_Occlusion.uasset" 4238
"C:/Users/rscroggin/Documents/Unreal Projects/IGS2026/RogueFirefight/Content/Substance_Materials_Vol1_Wood/Substance_Textures/ST_Submat_V1_Wood01_ambientocclusion.uasset" 4239
"C:/Users/rscroggin/Documents/Unreal Projects/IGS2026/RogueFirefight/Content/Substance_Materials_Vol1_Wood/Substance_Textures/ST_Submat_V1_Wood01_mask.uasset" 4240
"C:/Users/rscroggin/Documents/Unreal Projects/IGS2026/RogueFirefight/Content/Substance_Materials_Vol1_Wood/Substance_Textures/ST_Submat_V1_Wood01_basecolor.uasset" 4241
"../../../Engine/Content/EngineVolumetrics/Fogsheet/Materials/T_EV_BlankWhite_01.uasset" 4242
"../../../Engine/Content/Functions/Engine_MaterialFunctions01/Texturing/ParallaxOcclusionMapping.uasset" 4243
"../../../Engine/Content/Functions/Engine_MaterialFunctions02/Math/TransformToZVector.uasset" 4244
"../../../Engine/Content/Functions/Engine_MaterialFunctions02/Math/InverseTransformMatrix.uasset" 4245
"C:/Users/rscroggin/Documents/Unreal Projects/IGS2026/RogueFirefight/Content/Substance_Materials_Vol1_Wood/Materials/Master_Submat_V1_Wood.uasset" 4246
"../../../../../../Users/rscroggin/Documents/Unreal Projects/IGS2026/RogueFirefight/Content/_GENERATED/rnewberr1/SM_Cactus_Proper_Submesh_63716F5D.uasset" 4247
"../../../../../../Users/rscroggin/Documents/Unreal Projects/IGS2026/RogueFirefight/Content/_GENERATED/rnewberr1/SM_Cactus_Proper_Submesh_5D893005.uasset" 4248
"../../../../../../Users/rscroggin/Documents/Unreal Projects/IGS2026/RogueFirefight/Content/_GENERATED/rnewberr1/SM_Cactus_Proper_Submesh_58CECF8F.uasset" 4249
"../../../../../../Users/rscroggin/Documents/Unreal Projects/IGS2026/RogueFirefight/Content/_GENERATED/rnewberr1/SM_Cactus_Proper_Submesh_29B215F2.uasset" 4250
"../../../../../../Users/rscroggin/Documents/Unreal Projects/IGS2026/RogueFirefight/Content/_GENERATED/rnewberr1/SM_Cactus_Proper_Submesh_0247F8F2.uasset" 4251
"../../../../../../Users/rscroggin/Documents/Unreal Projects/IGS2026/RogueFirefight/Content/SM_Desert_Tent_Texture_fix.uasset" 4252
"/Game/Substance_Materials_Vol1_Wood/Materials/Master_Submat_V1_Wood" 4253
"../../../Engine/Content/Functions/Engine_MaterialFunctions02/Math/CreateThirdOrthogonalVector.uasset" 4254
"../../../Engine/Content/Functions/Engine_MaterialFunctions02/Texturing/ScreenAlignedPixelToPixelUVs.uasset" 4255
"../../../Engine/Content/Functions/Engine_MaterialFunctions02/Utility/DitherTemporalAA.uasset" 4256
"/Game/Substance_Materials_Vol1_Wood/Textures/T_Submat_V1_Wood04_Ambient_Occlusion" 4257
"/Game/Substance_Materials_Vol1_Wood/Textures/T_Submat_V1_Wood04_Base_Color" 4258
"/Game/Substance_Materials_Vol1_Wood/Textures/T_Submat_V1_Wood04_Normal" 4259
"/Game/Substance_Materials_Vol1_Wood/Textures/T_Submat_V1_Wood04_OcclusionRoughnessHeight" 4260
"/Game/Substance_Materials_Vol1_Wood/Substance_Textures/ST_Submat_V1_Wood04_roughness" 4261
"/Game/Substance_Materials_Vol1_Wood/Textures/T_Submat_V1_Wood04_Height" 4262
"/Game/_GENERATED/rnewberr1/SM_Prickly_Pears_Proper2_Submesh_F284BCB0" 4263
"/Game/_GENERATED/rnewberr1/SM_Prickly_Pears_Proper2_Submesh_91FD50C3" 4264
"../../../../../../Users/rscroggin/Documents/Unreal Projects/IGS2026/RogueFirefight/Content/_GENERATED/rnewberr1/SM_Prickly_Pears_Proper2_Submesh_F284BCB0.uasset" 4265
"../../../../../../Users/rscroggin/Documents/Unreal Projects/IGS2026/RogueFirefight/Content/_GENERATED/rnewberr1/SM_Prickly_Pears_Proper2_Submesh_91FD50C3.uasset" 4266
"/Game/_GENERATED/rnewberr1/SM_Prickly_Pears_Proper2_Submesh_6EAC46B1" 4267
"/Game/_GENERATED/rnewberr1/SM_Prickly_Pears_Proper2_Submesh_6D60DE97" 4268
"/Game/SketchFab/Crates_and_Barrels/Barrel1" 4269
"/Game/SketchFab/Crates_and_Barrels/Crate1" 4270
"/Game/SketchFab/Crates_and_Barrels/Crate_001" 4271
"/Game/SketchFab/Crates_and_Barrels/Crate_002" 4272
"/Game/SketchFab/Cacti/SM_Cactus_Proper" 4273
"/Game/SketchFab/Cacti/SM_Prickly_Pears_Proper" 4274
"C:/Users/rscroggin/Documents/Unreal Projects/IGS2026/RogueFirefight/Content/_GENERATED/rnewberr1/Box_D02EC65B.uasset" 4275
"C:/Users/rscroggin/Documents/Unreal Projects/IGS2026/RogueFirefight/Content/_GENERATED/rnewberr1/Box_412C837B.uasset" 4276
"C:/Users/rscroggin/Documents/Unreal Projects/IGS2026/RogueFirefight/Content/Blueprints/Environment/Climbable/BP_Tall_Ladder.uasset" 4277
"C:/Users/rscroggin/Documents/Unreal Projects/IGS2026/RogueFirefight/Content/Blueprints/Spawners/TripleSpawner.uasset" 4278
"C:/Users/rscroggin/Documents/Unreal Projects/IGS2026/RogueFirefight/Content/_GENERATED/rnewberr1/Box_104FB4BE.uasset" 4279
"C:/Users/rscroggin/Documents/Unreal Projects/IGS2026/RogueFirefight/Content/Substance_Materials_Vol1_Wood/Materials/MI_Submat_V1_Wood_04.uasset" 4280
"C:/Users/rscroggin/Documents/Unreal Projects/IGS2026/RogueFirefight/Content/LevelPrototyping/Materials/MI_PrototypeGrid_Gray.uasset" 4281
"C:/Users/rscroggin/Documents/Unreal Projects/IGS2026/RogueFirefight/Content/Fab/Megascans/3D/Military_Trenches_Barrier_Sandbag_Canvas_01_yd0laif/High/SM_yd0laif_tier_1/Textures/T_yd0laif_4k_ORM.uasset" 4282
"C:/Users/rscroggin/Documents/Unreal Projects/IGS2026/RogueFirefight/Content/SM_Ladder.uasset" 4283
"C:/Users/rscroggin/Documents/Unreal Projects/IGS2026/RogueFirefight/Content/Fab/Megascans/3D/Military_Trenches_Barrier_Sandbag_Canvas_01_yd0laif/High/SM_yd0laif_tier_1/Textures/T_yd0laif_4k_H.uasset" 4284
"C:/Users/rscroggin/Documents/Unreal Projects/IGS2026/RogueFirefight/Content/Blueprints/Spawners/DoubleSpawner.uasset" 4285
"C:/Users/rscroggin/Documents/Unreal Projects/IGS2026/RogueFirefight/Content/Fab/Megascans/3D/Military_Trenches_Barrier_Sandbag_Canvas_01_yd0laif/High/SM_yd0laif_tier_1/Textures/T_yd0laif_4k_B_Mat.uasset" 4286
"C:/Users/rscroggin/Documents/Unreal Projects/IGS2026/RogueFirefight/Content/Fab/Megascans/3D/Military_Trenches_Barrier_Sandbag_Canvas_01_yd0laif/High/SM_yd0laif_tier_1/Textures/T_yd0laif_4k_N.uasset" 4287
"C:/Users/rscroggin/Documents/Unreal Projects/IGS2026/RogueFirefight/Content/Fab/Megascans/3D/Military_Trenches_Barrier_Sandbag_Canvas_01_yd0laif/High/SM_yd0laif_tier_1/Textures/T_yd0laif_4k_B.uasset" 4288
"../../../Engine/Plugins/Fab/Content/Textures/VT/T_DefaultDisplacement_VT.uasset" 4289
"../../../Engine/Plugins/Fab/Content/Textures/VT/T_DefaultMasks_VT.uasset" 4290
"../../../Engine/Plugins/Fab/Content/MaterialFunctions/QMF_RoughnessAdjustments.uasset" 4291
"../../../Engine/Plugins/Fab/Content/Textures/VT/T_DefaultColor_VT.uasset" 4292
"../../../Engine/Plugins/Fab/Content/MaterialFunctions/QMF_AOAdjustments.uasset" 4293
"../../../Engine/Plugins/Fab/Content/MaterialFunctions/QMF_NormalAdjustments.uasset" 4294
"../../../Engine/Plugins/Fab/Content/MaterialFunctions/QMF_BaseColorAdjustments.uasset" 4295
"../../../Engine/Plugins/Fab/Content/Textures/VT/T_DefaultNormal_VT.uasset" 4296
"../../../Engine/Plugins/Fab/Content/Materials/VT/M_MS_Base_VT.uasset" 4297
"../../../Engine/Content/EngineMaterials/DefaultNormal_Uncompressed.uasset" 4298
"C:/Users/rscroggin/Documents/Unreal Projects/IGS2026/RogueFirefight/Content/Fab/Megascans/3D/Military_Trenches_Barrier_Sandbag_Canvas_01_yd0laif/High/SM_yd0laif_tier_1/Materials/MI_yd0laif.uasset" 4299
"../../../Engine/Content/Functions/Engine_MaterialFunctions01/Texturing/WorldAlignedTexture.uasset" 4300
"C:/Users/rscroggin/Documents/Unreal Projects/IGS2026/RogueFirefight/Content/Fab/Megascans/3D/Military_Trenches_Barrier_Sandbag_Canvas_01_yd0laif/High/SM_yd0laif_tier_1/StaticMeshes/SM_yd0laif_tier_1.uasset" 4301
"../../../Engine/Content/Functions/Engine_MaterialFunctions01/Texturing/WorldAlignedNormal.uasset" 4302
"../../../Engine/Content/Functions/Engine_MaterialFunctions02/WorldAlignedNormals_HighQuality.uasset" 4303
"C:/Users/rscroggin/Documents/Unreal Projects/IGS2026/RogueFirefight/Content/Material/BasicMaterial/Desert_Mound_Material.uasset" 4304
"C:/Users/rscroggin/Documents/Unreal Projects/IGS2026/RogueFirefight/Content/Fab/Kasur_pendek__Bed_/kasur_pendek_bed/Textures/kasur_pendek_bed_texture_1.uasset" 4305
"C:/Users/rscroggin/Documents/Unreal Projects/IGS2026/RogueFirefight/Content/Fab/Kasur_pendek__Bed_/kasur_pendek_bed/Textures/kasur_pendek_bed_texture_2.uasset" 4306
"../../../../../../Users/rscroggin/Documents/Unreal Projects/IGS2026/RogueFirefight/Content/_GENERATED/rnewberr1/SM_Prickly_Pears_Proper2_Submesh_6EAC46B1.uasset" 4307
"../../../../../../Users/rscroggin/Documents/Unreal Projects/IGS2026/RogueFirefight/Content/_GENERATED/rnewberr1/SM_Prickly_Pears_Proper2_Submesh_6D60DE97.uasset" 4308
"../../../../../../Users/rscroggin/Documents/Unreal Projects/IGS2026/RogueFirefight/Content/SketchFab/Crates_and_Barrels/Barrel1.uasset" 4309
"../../../../../../Users/rscroggin/Documents/Unreal Projects/IGS2026/RogueFirefight/Content/SketchFab/Crates_and_Barrels/Crate1.uasset" 4310
"../../../../../../Users/rscroggin/Documents/Unreal Projects/IGS2026/RogueFirefight/Content/SketchFab/Crates_and_Barrels/Crate_001.uasset" 4311
"../../../../../../Users/rscroggin/Documents/Unreal Projects/IGS2026/RogueFirefight/Content/SketchFab/Crates_and_Barrels/Crate_002.uasset" 4312
"../../../../../../Users/rscroggin/Documents/Unreal Projects/IGS2026/RogueFirefight/Content/SketchFab/Cacti/SM_Cactus_Proper.uasset" 4313
"../../../../../../Users/rscroggin/Documents/Unreal Projects/IGS2026/RogueFirefight/Content/SketchFab/Cacti/SM_Prickly_Pears_Proper.uasset" 4314
"/Game/Fab/Kasur_pendek__Bed_/kasur_pendek_bed/Textures/kasur_pendek_bed_texture_2" 4315
"/Game/Material/BasicMaterial/Desert_Mound_Material" 4316
"../../../Engine/Content/Functions/Engine_MaterialFunctions01/Gradient/LinearGradient.uasset" 4317
"../../../Engine/Content/Functions/Engine_MaterialFunctions01/ImageAdjustment/CheapContrast.uasset" 4318
"../../../../../../Users/rscroggin/Documents/Unreal Projects/IGS2026/RogueFirefight/Content/MWLandscapeAutoMaterial/Textures/Ground/TEX_MWAM_SandA_col.uasset" 4319
"../../../../../../Users/rscroggin/Documents/Unreal Projects/IGS2026/RogueFirefight/Content/MWLandscapeAutoMaterial/Textures/Ground/TEX_MWAM_SandA_nrm.uasset" 4320
"/Game/Fab/Megascans/3D/Military_Trenches_Barrier_Sandbag_Canvas_01_yd0laif/High/SM_yd0laif_tier_1/StaticMeshes/SM_yd0laif_tier_1" 4321
"/Game/_GENERATED/rnewberr1/Box_104FB4BE" 4322
"/Game/_GENERATED/rnewberr1/Box_412C837B" 4323
"/Game/_GENERATED/rnewberr1/Box_D02EC65B" 4324
"/Game/Fab/Megascans/3D/Military_Trenches_Barrier_Sandbag_Canvas_01_yd0laif/High/SM_yd0laif_tier_1/Textures/T_yd0laif_4k_B_Mat" 4325
"/Game/Blueprints/Spawners/DoubleSpawner" 4326
"/Game/Blueprints/Spawners/TripleSpawner" 4327
"../../../../../../Users/rscroggin/Documents/Unreal Projects/IGS2026/RogueFirefight/Content/Fab/Megascans/3D/Military_Trenches_Barrier_Sandbag_Canvas_01_yd0laif/High/SM_yd0laif_tier_1/StaticMeshes/SM_yd0laif_tier_1.uasset" 4328
"/Game/Blueprints/Environment/Climbable/BP_Tall_Ladder" 4329
"../../../../../../Users/rscroggin/Documents/Unreal Projects/IGS2026/RogueFirefight/Content/LevelPrototyping/Materials/M_PrototypeGrid.uasset" 4330
"../../../../../../Users/rscroggin/Documents/Unreal Projects/IGS2026/RogueFirefight/Content/LevelPrototyping/Materials/MF_ProcGrid.uasset" 4331
"../../../../../../Users/rscroggin/Documents/Unreal Projects/IGS2026/RogueFirefight/Content/LevelPrototyping/Textures/T_GridChecker_A.uasset" 4332
"../../../../../../Users/rscroggin/Documents/Unreal Projects/IGS2026/RogueFirefight/Content/_GENERATED/rnewberr1/Box_104FB4BE.uasset" 4333
"../../../../../../Users/rscroggin/Documents/Unreal Projects/IGS2026/RogueFirefight/Content/_GENERATED/rnewberr1/Box_412C837B.uasset" 4334
"../../../../../../Users/rscroggin/Documents/Unreal Projects/IGS2026/RogueFirefight/Content/_GENERATED/rnewberr1/Box_D02EC65B.uasset" 4335
"/Game/Fab/Kasur_pendek__Bed_/kasur_pendek_bed/Textures/kasur_pendek_bed_texture_1" 4336
"C:/Users/rscroggin/Documents/Unreal Projects/IGS2026/RogueFirefight/Content/_GENERATED/jlulgjura/Box_3D17B749.uasset" 4337
"C:/Users/rscroggin/Documents/Unreal Projects/IGS2026/RogueFirefight/Content/_GENERATED/jlulgjura/Box_B06321A3.uasset" 4338
"C:/Users/rscroggin/Documents/Unreal Projects/IGS2026/RogueFirefight/Content/_GENERATED/jlulgjura/Box_9F05D427.uasset" 4339
"C:/Users/rscroggin/Documents/Unreal Projects/IGS2026/RogueFirefight/Content/_GENERATED/jlulgjura/Box_912DAEE8.uasset" 4340
"C:/Users/rscroggin/Documents/Unreal Projects/IGS2026/RogueFirefight/Content/MWLandscapeAutoMaterial/Textures/Ground/TEX_MWAM_Stones_nrm.uasset" 4341
"C:/Users/rscroggin/Documents/Unreal Projects/IGS2026/RogueFirefight/Content/MWLandscapeAutoMaterial/Textures/Ground/TEX_MWAM_SandC_nrm.uasset" 4342
"C:/Users/rscroggin/Documents/Unreal Projects/IGS2026/RogueFirefight/Content/_GENERATED/jlulgjura/Box_CC3C7A2D.uasset" 4343
"C:/Users/rscroggin/Documents/Unreal Projects/IGS2026/RogueFirefight/Content/Fab/Kasur_pendek__Bed_/kasur_pendek_bed/StaticMeshes/kasur_pendek_bed.uasset" 4344
"C:/Users/rscroggin/Documents/Unreal Projects/IGS2026/RogueFirefight/Content/MWLandscapeAutoMaterial/Materials/MASTER/Func/MF_MWAM_WaterMask.uasset" 4345
"C:/Users/rscroggin/Documents/Unreal Projects/IGS2026/RogueFirefight/Content/MWLandscapeAutoMaterial/Materials/MASTER/Func/MW_MWAM_Water.uasset" 4346
"C:/Users/rscroggin/Documents/Unreal Projects/IGS2026/RogueFirefight/Content/MWLandscapeAutoMaterial/Textures/FX/TEX_MW_WaterA_nrm.uasset" 4347
"../../../Engine/Content/Functions/Engine_MaterialFunctions01/Texturing/SlopeMask.uasset" 4348
"C:/Users/rscroggin/Documents/Unreal Projects/IGS2026/RogueFirefight/Content/_GENERATED/jlulgjura/Box_10A829ED.uasset" 4349
"C:/Users/rscroggin/Documents/Unreal Projects/IGS2026/RogueFirefight/Content/Fab/Kasur_pendek__Bed_/kasur_pendek_bed/Textures/kasur_pendek_bed_texture_0.uasset" 4350
"C:/Users/rscroggin/Documents/Unreal Projects/IGS2026/RogueFirefight/Content/MWLandscapeAutoMaterial/Materials/MASTER/Func/MF_MWAM_LandscapeUVs.uasset" 4351
"C:/Users/rscroggin/Documents/Unreal Projects/IGS2026/RogueFirefight/Content/MWLandscapeAutoMaterial/Materials/MASTER/Func/MF_MWAM_SlopeMask.uasset" 4352
"C:/Users/rscroggin/Documents/Unreal Projects/IGS2026/RogueFirefight/Content/MWLandscapeAutoMaterial/Textures/Ground/TEX_MWAM_SandC_col.uasset" 4353
"C:/Users/rscroggin/Documents/Unreal Projects/IGS2026/RogueFirefight/Content/MWLandscapeAutoMaterial/Materials/MASTER/Func/MF_MWAM_DefaultLayer.uasset" 4354
"C:/Users/rscroggin/Documents/Unreal Projects/IGS2026/RogueFirefight/Content/MWLandscapeAutoMaterial/Materials/MASTER/Func/MF_MWAM_Snow.uasset" 4355
"C:/Users/rscroggin/Documents/Unreal Projects/IGS2026/RogueFirefight/Content/MWLandscapeAutoMaterial/Textures/Ground/TEX_MWAM_Stones_col.uasset" 4356
"C:/Users/rscroggin/Documents/Unreal Projects/IGS2026/RogueFirefight/Content/MWLandscapeAutoMaterial/Textures/Extra/TEX_MWAM_Variation_nrm.uasset" 4357
"C:/Users/rscroggin/Documents/Unreal Projects/IGS2026/RogueFirefight/Content/MWLandscapeAutoMaterial/Materials/MASTER/Func/MF_MWAM_SnowMask.uasset" 4358
"C:/Users/rscroggin/Documents/Unreal Projects/IGS2026/RogueFirefight/Content/MWLandscapeAutoMaterial/Materials/MASTER/Func/MF_MWAM_DepthFade.uasset" 4359
"C:/Users/rscroggin/Documents/Unreal Projects/IGS2026/RogueFirefight/Content/MWLandscapeAutoMaterial/Textures/FX/TEX_MW_Noise_msk.uasset" 4360
"C:/Users/rscroggin/Documents/Unreal Projects/IGS2026/RogueFirefight/Content/MWLandscapeAutoMaterial/Textures/Extra/TEX_MWAM_Variation_msk.uasset" 4361
"C:/Users/rscroggin/Documents/Unreal Projects/IGS2026/RogueFirefight/Content/MWLandscapeAutoMaterial/Materials/MASTER/PhyMat/PM_MW_Stones.uasset" 4362
"C:/Users/rscroggin/Documents/Unreal Projects/IGS2026/RogueFirefight/Content/MWLandscapeAutoMaterial/Materials/MASTER/PhyMat/PM_MW_Snow.uasset" 4363
"C:/Users/rscroggin/Documents/Unreal Projects/IGS2026/RogueFirefight/Content/Fab/Kasur_pendek__Bed_/kasur_pendek_bed/Materials/PRPT_T_Kasur_MAT.uasset" 4364
"C:/Users/rscroggin/Documents/Unreal Projects/IGS2026/RogueFirefight/Content/MWLandscapeAutoMaterial/Materials/MASTER/Func/MF_MWAM_CombineNormalSimple.uasset" 4365
"C:/Users/rscroggin/Documents/Unreal Projects/IGS2026/RogueFirefight/Content/MWLandscapeAutoMaterial/Materials/MASTER/Func/MF_MWAM_LayerBlend.uasset" 4366
"C:/Users/rscroggin/Documents/Unreal Projects/IGS2026/RogueFirefight/Content/MWLandscapeAutoMaterial/Materials/MASTER/Func/MF_MWAM_CombineNormal.uasset" 4367
"C:/Users/rscroggin/Documents/Unreal Projects/IGS2026/RogueFirefight/Content/MWLandscapeAutoMaterial/Materials/MASTER/PhyMat/PM_MW_Water.uasset" 4368
"../../../../../../Users/rscroggin/Documents/Unreal Projects/IGS2026/RogueFirefight/Content/SM_Ladder.uasset" 4369
"/Game/MWLandscapeAutoMaterial/Materials/MASTER/PhyMat/PM_MW_Snow" 4370
"/Game/MWLandscapeAutoMaterial/Materials/MASTER/PhyMat/PM_MW_Stones" 4371
"/Game/MWLandscapeAutoMaterial/Materials/MASTER/PhyMat/PM_MW_Water" 4372
"/Game/MWLandscapeAutoMaterial/Textures/Extra/TEX_MWAM_Variation_msk" 4373
"/Game/MWLandscapeAutoMaterial/Textures/FX/TEX_MW_Noise_msk" 4374
"/Game/MWLandscapeAutoMaterial/Textures/Extra/TEX_MWAM_Variation_nrm" 4375
"/Game/MWLandscapeAutoMaterial/Materials/MASTER/Func/MF_MWAM_CombineNormal" 4376
"/Game/MWLandscapeAutoMaterial/Materials/MASTER/Func/MF_MWAM_CombineNormalSimple" 4377
"/Game/MWLandscapeAutoMaterial/Materials/MASTER/Func/MF_MWAM_DefaultLayer" 4378
"../../../../../../Users/rscroggin/Documents/Unreal Projects/IGS2026/RogueFirefight/Content/MWLandscapeAutoMaterial/Textures/TEX_MW_Temp_col.uasset" 4379
"../../../../../../Users/rscroggin/Documents/Unreal Projects/IGS2026/RogueFirefight/Content/MWLandscapeAutoMaterial/Textures/TEX_MW_Temp_nrm.uasset" 4380
"/Game/MWLandscapeAutoMaterial/Materials/MASTER/Func/MF_MWAM_DepthFade" 4381
"/Game/MWLandscapeAutoMaterial/Materials/MASTER/Func/MF_MWAM_LandscapeUVs" 4382
"/Game/MWLandscapeAutoMaterial/Materials/MASTER/Func/MF_MWAM_LayerBlend" 4383
"/Game/MWLandscapeAutoMaterial/Materials/MASTER/Func/MF_MWAM_SlopeMask" 4384
"/Game/MWLandscapeAutoMaterial/Materials/MASTER/Func/MF_MWAM_Snow" 4385
"/Game/MWLandscapeAutoMaterial/Materials/MASTER/Func/MF_MWAM_SnowMask" 4386
"/Game/MWLandscapeAutoMaterial/Materials/MASTER/Func/MF_MWAM_WaterMask" 4387
"/Game/MWLandscapeAutoMaterial/Materials/MASTER/Func/MW_MWAM_Water" 4388
"/Game/MWLandscapeAutoMaterial/Textures/Ground/TEX_MWAM_SandC_col" 4389
"/Game/MWLandscapeAutoMaterial/Textures/Ground/TEX_MWAM_SandC_nrm" 4390
"/Game/MWLandscapeAutoMaterial/Textures/Ground/TEX_MWAM_Stones_col" 4391
"/Game/MWLandscapeAutoMaterial/Textures/Ground/TEX_MWAM_Stones_nrm" 4392
"/Game/_GENERATED/jlulgjura/Box_10A829ED" 4393
"/Game/_GENERATED/jlulgjura/Box_3D17B749" 4394
"/Game/_GENERATED/jlulgjura/Box_912DAEE8" 4395
"/Game/_GENERATED/jlulgjura/Box_9F05D427" 4396
"/Game/_GENERATED/jlulgjura/Box_B06321A3" 4397
"/Game/_GENERATED/jlulgjura/Box_CC3C7A2D" 4398
"/Game/Fab/Kasur_pendek__Bed_/kasur_pendek_bed/StaticMeshes/kasur_pendek_bed" 4399
"C:/Users/rscroggin/Documents/Unreal Projects/IGS2026/RogueFirefight/Content/MWLandscapeAutoMaterial/Meshes/Cover/SM_MWAM_SnowC.uasset" 4400
"C:/Users/rscroggin/Documents/Unreal Projects/IGS2026/RogueFirefight/Content/MWLandscapeAutoMaterial/Meshes/Cover/SM_MWAM_SnowD.uasset" 4401
"C:/Users/rscroggin/Documents/Unreal Projects/IGS2026/RogueFirefight/Content/MWLandscapeAutoMaterial/Materials/MASTER/PhyMat/PM_MW_Dirt.uasset" 4402
"C:/Users/rscroggin/Documents/Unreal Projects/IGS2026/RogueFirefight/Content/MWLandscapeAutoMaterial/Meshes/Cover/SM_MWAM_Snow.uasset" 4403
"C:/Users/rscroggin/Documents/Unreal Projects/IGS2026/RogueFirefight/Content/MWLandscapeAutoMaterial/Materials/Cover/MTL_MWAM_CoverSnow.uasset" 4404
"C:/Users/rscroggin/Documents/Unreal Projects/IGS2026/RogueFirefight/Content/MWLandscapeAutoMaterial/Meshes/Cover/SM_MWAM_SnowB.uasset" 4405
"C:/Users/rscroggin/Documents/Unreal Projects/IGS2026/RogueFirefight/Content/MWLandscapeAutoMaterial/Materials/MASTER/PhyMat/PM_MW_Rocks.uasset" 4406
"C:/Users/rscroggin/Documents/Unreal Projects/IGS2026/RogueFirefight/Content/MWLandscapeAutoMaterial/Materials/MASTER/PhyMat/PM_MW_Grass.uasset" 4407
"C:/Users/rscroggin/Documents/Unreal Projects/IGS2026/RogueFirefight/Content/MWLandscapeAutoMaterial/Procedurals/LGT_MWAM_Snow.uasset" 4408
"C:/Users/rscroggin/Documents/Unreal Projects/IGS2026/RogueFirefight/Content/MWLandscapeAutoMaterial/Meshes/Plants/SM_MWAM_GrassD.uasset" 4409
"C:/Users/rscroggin/Documents/Unreal Projects/IGS2026/RogueFirefight/Content/MWLandscapeAutoMaterial/Meshes/Plants/SM_MWAM_GrassB.uasset" 4410
"C:/Users/rscroggin/Documents/Unreal Projects/IGS2026/RogueFirefight/Content/MWLandscapeAutoMaterial/Textures/Plants/TEX_MWAM_Grass_nrm.uasset" 4411
"C:/Users/rscroggin/Documents/Unreal Projects/IGS2026/RogueFirefight/Content/MWLandscapeAutoMaterial/Meshes/Plants/SM_MWAM_GrassC.uasset" 4412
"C:/Users/rscroggin/Documents/Unreal Projects/IGS2026/RogueFirefight/Content/MWLandscapeAutoMaterial/Materials/Plants/MTL_MWAM_PlantsGrass.uasset" 4413
"C:/Users/rscroggin/Documents/Unreal Projects/IGS2026/RogueFirefight/Content/MWLandscapeAutoMaterial/Textures/Plants/TEX_MWAM_Grass_col.uasset" 4414
"C:/Users/rscroggin/Documents/Unreal Projects/IGS2026/RogueFirefight/Content/MWLandscapeAutoMaterial/Meshes/Cover/SM_MWAM_StoneC.uasset" 4415
"C:/Users/rscroggin/Documents/Unreal Projects/IGS2026/RogueFirefight/Content/MWLandscapeAutoMaterial/Meshes/Cover/SM_MWAM_StoneD.uasset" 4416
"C:/Users/rscroggin/Documents/Unreal Projects/IGS2026/RogueFirefight/Content/MWLandscapeAutoMaterial/Meshes/Cover/SM_MWAM_StoneB.uasset" 4417
"C:/Users/rscroggin/Documents/Unreal Projects/IGS2026/RogueFirefight/Content/MWLandscapeAutoMaterial/Meshes/Plants/SM_MWAM_GrassA.uasset" 4418
"C:/Users/rscroggin/Documents/Unreal Projects/IGS2026/RogueFirefight/Content/MWLandscapeAutoMaterial/Textures/Cover/TEX_MWAM_CoverRocks_col.uasset" 4419
"C:/Users/rscroggin/Documents/Unreal Projects/IGS2026/RogueFirefight/Content/MWLandscapeAutoMaterial/Materials/MASTER/Func/MF_MWAM_SubSurface.uasset" 4420
"C:/Users/rscroggin/Documents/Unreal Projects/IGS2026/RogueFirefight/Content/MWLandscapeAutoMaterial/Textures/Cover/TEX_MWAM_CoverRocks_nrm.uasset" 4421
"C:/Users/rscroggin/Documents/Unreal Projects/IGS2026/RogueFirefight/Content/MWLandscapeAutoMaterial/Procedurals/LGT_MWAM_Grass.uasset" 4422
"../../../Engine/Content/Functions/Engine_MaterialFunctions02/WorldPositionOffset/ObjectPivotPoint.uasset" 4423
"C:/Users/rscroggin/Documents/Unreal Projects/IGS2026/RogueFirefight/Content/MWLandscapeAutoMaterial/Materials/MASTER/Func/MF_MWAM_PivotMask.uasset" 4424
"C:/Users/rscroggin/Documents/Unreal Projects/IGS2026/RogueFirefight/Content/MWLandscapeAutoMaterial/Materials/MASTER/Func/MF_MWAM_Opacity.uasset" 4425
"C:/Users/rscroggin/Documents/Unreal Projects/IGS2026/RogueFirefight/Content/MWLandscapeAutoMaterial/Textures/TEX_MW_Temp_msk.uasset" 4426
"../../../../../../Users/rscroggin/Documents/Unreal Projects/IGS2026/RogueFirefight/Content/_GENERATED/jlulgjura/Box_10A829ED.uasset" 4427
"../../../Engine/Content/Functions/Engine_MaterialFunctions01/SpeedTree/SpeedTreeBillboardNormals.uasset" 4428
"C:/Users/rscroggin/Documents/Unreal Projects/IGS2026/RogueFirefight/Content/MWLandscapeAutoMaterial/Materials/MASTER/Func/MF_MWAM_Roughness.uasset" 4429
"C:/Users/rscroggin/Documents/Unreal Projects/IGS2026/RogueFirefight/Content/MWLandscapeAutoMaterial/Materials/MASTER/MTL_MWAM_CoverFoliage_MASTER.uasset" 4430
"C:/Users/rscroggin/Documents/Unreal Projects/IGS2026/RogueFirefight/Content/MWLandscapeAutoMaterial/Materials/Cover/MTL_MWAM_CoverRocks.uasset" 4431
"../../../Engine/Content/Functions/Engine_MaterialFunctions01/WorldPositionOffset/SimpleGrassWind.uasset" 4432
"/Game/MWLandscapeAutoMaterial/Textures/TEX_MW_Temp_msk" 4433
"/Engine/Functions/Engine_MaterialFunctions01/SpeedTree/SpeedTreeBillboardNormals" 4434
"/Game/MWLandscapeAutoMaterial/Materials/MASTER/Func/MF_MWAM_Roughness" 4435
"/Game/MWLandscapeAutoMaterial/Materials/MASTER/Func/MF_MWAM_Opacity" 4436
"../../../../../../Users/rscroggin/Documents/Unreal Projects/IGS2026/RogueFirefight/Content/_GENERATED/jlulgjura/Box_3D17B749.uasset" 4437
"/Game/MWLandscapeAutoMaterial/Materials/MASTER/Func/MF_MWAM_PivotMask" 4438
"/Game/MWLandscapeAutoMaterial/Materials/MASTER/Func/MF_MWAM_SubSurface" 4439
"/Game/MWLandscapeAutoMaterial/Textures/Cover/TEX_MWAM_CoverRocks_col" 4440
"/Game/MWLandscapeAutoMaterial/Textures/Cover/TEX_MWAM_CoverRocks_nrm" 4441
"/Game/MWLandscapeAutoMaterial/Meshes/Cover/SM_MWAM_StoneB" 4442
"../../../../../../Users/rscroggin/Documents/Unreal Projects/IGS2026/RogueFirefight/Content/_GENERATED/jlulgjura/Box_912DAEE8.uasset" 4443
"../../../../../../Users/rscroggin/Documents/Unreal Projects/IGS2026/RogueFirefight/Content/_GENERATED/jlulgjura/Box_9F05D427.uasset" 4444
"../../../../../../Users/rscroggin/Documents/Unreal Projects/IGS2026/RogueFirefight/Content/_GENERATED/jlulgjura/Box_B06321A3.uasset" 4445
"../../../../../../Users/rscroggin/Documents/Unreal Projects/IGS2026/RogueFirefight/Content/_GENERATED/jlulgjura/Box_CC3C7A2D.uasset" 4446
"../../../../../../Users/rscroggin/Documents/Unreal Projects/IGS2026/RogueFirefight/Content/Fab/Kasur_pendek__Bed_/kasur_pendek_bed/StaticMeshes/kasur_pendek_bed.uasset" 4447
"/Game/MWLandscapeAutoMaterial/Meshes/Cover/SM_MWAM_StoneC" 4448
"../../../../../../Users/rscroggin/Documents/Unreal Projects/IGS2026/RogueFirefight/Content/MWLandscapeAutoMaterial/Meshes/Cover/SM_MWAM_StoneB.uasset" 4449
"/Game/MWLandscapeAutoMaterial/Meshes/Cover/SM_MWAM_StoneD" 4450
"../../../../../../Users/rscroggin/Documents/Unreal Projects/IGS2026/RogueFirefight/Content/MWLandscapeAutoMaterial/Meshes/Cover/SM_MWAM_StoneC.uasset" 4451
"/Game/MWLandscapeAutoMaterial/Procedurals/LGT_MWAM_Grass" 4452
"/Game/MWLandscapeAutoMaterial/Procedurals/LGT_MWAM_Snow" 4453
"../../../../../../Users/rscroggin/Documents/Unreal Projects/IGS2026/RogueFirefight/Content/MWLandscapeAutoMaterial/Meshes/Cover/SM_MWAM_StoneD.uasset" 4454
"../../../../../../Users/rscroggin/Documents/Unreal Projects/IGS2026/RogueFirefight/Content/MWLandscapeAutoMaterial/Meshes/Plants/SM_MWAM_GrassA.uasset" 4455
"../../../../../../Users/rscroggin/Documents/Unreal Projects/IGS2026/RogueFirefight/Content/MWLandscapeAutoMaterial/Meshes/Plants/SM_MWAM_GrassB.uasset" 4456
"../../../../../../Users/rscroggin/Documents/Unreal Projects/IGS2026/RogueFirefight/Content/MWLandscapeAutoMaterial/Meshes/Plants/SM_MWAM_GrassC.uasset" 4457
"../../../../../../Users/rscroggin/Documents/Unreal Projects/IGS2026/RogueFirefight/Content/MWLandscapeAutoMaterial/Meshes/Plants/SM_MWAM_GrassD.uasset" 4458
"../../../../../../Users/rscroggin/Documents/Unreal Projects/IGS2026/RogueFirefight/Content/MWLandscapeAutoMaterial/Meshes/Cover/SM_MWAM_Snow.uasset" 4459
"../../../../../../Users/rscroggin/Documents/Unreal Projects/IGS2026/RogueFirefight/Content/MWLandscapeAutoMaterial/Meshes/Cover/SM_MWAM_SnowB.uasset" 4460
"../../../../../../Users/rscroggin/Documents/Unreal Projects/IGS2026/RogueFirefight/Content/MWLandscapeAutoMaterial/Meshes/Cover/SM_MWAM_SnowC.uasset" 4461
"../../../../../../Users/rscroggin/Documents/Unreal Projects/IGS2026/RogueFirefight/Content/MWLandscapeAutoMaterial/Meshes/Cover/SM_MWAM_SnowD.uasset" 4462
"/Game/MWLandscapeAutoMaterial/Materials/MASTER/PhyMat/PM_MW_Dirt" 4463
"/Game/MWLandscapeAutoMaterial/Materials/MASTER/PhyMat/PM_MW_Grass" 4464
"/Game/MWLandscapeAutoMaterial/Materials/MASTER/PhyMat/PM_MW_Rocks" 4465
"C:/Users/rscroggin/Documents/Unreal Projects/IGS2026/RogueFirefight/Content/MWLandscapeAutoMaterial/Meshes/Cover/SM_MWAM_StoneA.uasset" 4466
"C:/Users/rscroggin/Documents/Unreal Projects/IGS2026/RogueFirefight/Content/MWLandscapeAutoMaterial/Procedurals/LGT_MWAM_Stones.uasset" 4467
"C:/Users/rscroggin/Documents/Unreal Projects/IGS2026/RogueFirefight/Content/MWLandscapeAutoMaterial/Procedurals/LGT_MWAM_Rock.uasset" 4468
"C:/Users/rscroggin/Documents/Unreal Projects/IGS2026/RogueFirefight/Content/MWLandscapeAutoMaterial/Procedurals/LGT_MWAM_Dirt.uasset" 4469
"C:/Users/rscroggin/Documents/Unreal Projects/IGS2026/RogueFirefight/Content/MWLandscapeAutoMaterial/Materials/Landscape/MTL_MWAM_Landscape_DesertExample.uasset" 4470
"../../../Engine/Plugins/Interchange/Assets/Content/Functions/MF_PhongToMetalRoughness.uasset" 4471
"../../../Engine/Content/Functions/Engine_MaterialFunctions03/Procedurals/NormalFromHeightmap.uasset" 4472
"../../../Engine/Content/EngineMaterials/DefaultNormal.uasset" 4473
"../../../Engine/Plugins/Interchange/Assets/Content/Materials/FBXLegacyPhongSurfaceMaterial.uasset" 4474
"C:/Users/rscroggin/Documents/Unreal Projects/IGS2026/RogueFirefight/Content/LevelSM/lambert1.uasset" 4475
"C:/Users/rscroggin/Documents/Unreal Projects/IGS2026/RogueFirefight/Content/LevelSM/Crag2.uasset" 4476
"C:/Users/rscroggin/Documents/Unreal Projects/IGS2026/RogueFirefight/Content/LevelPrototyping/Materials/M_PrototypeGrid_Tent.uasset" 4477
"C:/Users/rscroggin/Documents/Unreal Projects/IGS2026/RogueFirefight/Content/SM_Tent.uasset" 4478
"C:/Users/rscroggin/Documents/Unreal Projects/IGS2026/RogueFirefight/Content/SM_Crag1Desert.uasset" 4479
"../../../Engine/Content/EngineSky/VolumetricClouds/VT_PerlinWorley_Balanced.uasset" 4480
"../../../Engine/Content/EngineSky/VolumetricClouds/T_Profile_08.uasset" 4481
"../../../Engine/Content/EngineSky/VolumetricClouds/T_CloudPattern.uasset" 4482
"../../../Engine/Content/EngineSky/VolumetricClouds/T_CloudMask.uasset" 4483
"../../../Engine/Content/Functions/Engine_MaterialFunctions01/Units/Km-to-Cm.uasset" 4484
"../../../Engine/Content/EngineSky/VolumetricClouds/VT_Lightning.uasset" 4485
"../../../Engine/Content/Functions/Engine_MaterialFunctions02/Utility/MakeFloat4.uasset" 4486
"../../../Engine/Content/EngineSky/VolumetricClouds/m_SimpleVolumetricCloud.uasset" 4487
"../../../Engine/Content/Functions/Engine_MaterialFunctions02/Utility/BreakOutFloat4Components.uasset" 4488
"../../../Engine/Content/EngineSky/T_Sky_Stars.uasset" 4489
"../../../Engine/Content/EngineSky/M_SimpleSkyDome.uasset" 4490
"../../../Engine/Content/EngineSky/VolumetricClouds/m_SimpleVolumetricCloud_Inst.uasset" 4491
"../../../Engine/Content/EngineSky/T_Sky_Blue.uasset" 4492
"../../../Engine/Content/EngineSky/T_Sky_Clouds_M.uasset" 4493
"../../../Engine/Content/EngineSky/M_Sky_Panning_Clouds2.uasset" 4494
"C:/Users/rscroggin/Documents/Unreal Projects/IGS2026/RogueFirefight/Content/DesertRaid.umap" 4495
"../../../Engine/Content/EngineSky/SM_SkySphere.uasset" 4496
"C:/Users/rscroggin/Documents/Unreal Projects/IGS2026/RogueFirefight/Content/MWLandscapeAutoMaterial/Materials/MASTER/MTL_MWAM_AutoMaterial_MASTER.uasset" 4497
"/Game/DesertRaid" 4498
"../../../../../../Users/rscroggin/Documents/Unreal Projects/IGS2026/RogueFirefight/Content/DesertRaid.umap" 4499
"../../../Engine/Content/EngineSounds/Submixes/MasterReverbSubmixDefault.uasset" 4500
"../../../Engine/Content/EngineSounds/Submixes/MasterReverbEffectPreset.uasset" 4501
"../../../Engine/Content/EngineSounds/Submixes/MasterEQSubmixDefault.uasset" 4502
"../../../Engine/Content/EngineSounds/Submixes/MasterSubmixDefault.uasset" 4503
"../../../Engine/Content/EngineSounds/Submixes/MasterEQEffectPreset.uasset" 4504
"../../../Engine/Plugins/Interchange/Assets/Content/gltf/MaterialInstances/MI_ClearCoat_Opaque.uasset" 4505
"../../../Engine/Content/Functions/Engine_MaterialFunctions01/Texturing/FlattenNormal.uasset" 4506
"../../../Engine/Plugins/Interchange/Assets/Content/gltf/M_ClearCoat.uasset" 4507
"../../../Engine/Plugins/Interchange/Assets/Content/gltf/MaterialInstances/MI_ClearCoat_Mask.uasset" 4508
"../../../Engine/Plugins/Interchange/Assets/Content/gltf/MaterialFunctions/MF_Clearcoat.uasset" 4509
"../../../Engine/Plugins/Interchange/Assets/Content/gltf/MaterialInstances/MI_ClearCoat_Opaque_DS.uasset" 4510
"../../../Engine/Plugins/Interchange/Assets/Content/gltf/MaterialInstances/MI_ClearCoat_Blend.uasset" 4511
"../../../Engine/Plugins/Interchange/Assets/Content/gltf/MaterialInstances/MI_ClearCoat_Mask_DS.uasset" 4512
"../../../Engine/Plugins/Interchange/Assets/Content/gltf/MaterialBodies/MF_ClearCoat_Body.uasset" 4513
"../../../Engine/Plugins/Interchange/Assets/Content/gltf/MaterialInstances/MI_ClearCoat_Blend_DS.uasset" 4514
"../../../Engine/Plugins/Interchange/Assets/Content/gltf/MaterialInstances/MI_Default_Mask.uasset" 4515
"../../../Engine/Plugins/Interchange/Assets/Content/gltf/MaterialInstances/MI_Default_Opaque.uasset" 4516
"../../../Engine/Plugins/Interchange/Assets/Content/gltf/MaterialInstances/MI_Default_Blend.uasset" 4517
"../../../Engine/Plugins/Interchange/Assets/Content/gltf/MaterialInstances/MI_Default_Mask_DS.uasset" 4518
"../../../Engine/Plugins/Interchange/Assets/Content/gltf/MaterialBodies/MF_Sheen_Body.uasset" 4519
"../../../Engine/Plugins/Interchange/Assets/Content/gltf/MaterialInstances/MI_Default_Blend_DS.uasset" 4520
"../../../Engine/Plugins/Interchange/Assets/Content/gltf/MaterialFunctions/MF_Sheen.uasset" 4521
"../../../Engine/Plugins/Interchange/Assets/Content/gltf/M_Sheen.uasset" 4522
"../../../Engine/Plugins/Interchange/Assets/Content/gltf/MaterialInstances/MI_Sheen_Mask.uasset" 4523
"../../../Engine/Plugins/Interchange/Assets/Content/gltf/MaterialInstances/MI_Sheen_Opaque_DS.uasset" 4524
"../../../Engine/Plugins/Interchange/Assets/Content/gltf/MaterialInstances/MI_Sheen_Opaque.uasset" 4525
"../../../Engine/Plugins/Interchange/Assets/Content/gltf/MaterialInstances/MI_Sheen_Blend.uasset" 4526
"../../../Engine/Plugins/Interchange/Assets/Content/gltf/MaterialInstances/MI_Sheen_Mask_DS.uasset" 4527
"../../../Engine/Plugins/Interchange/Assets/Content/gltf/MaterialInstances/MI_Sheen_Blend_DS.uasset" 4528
"../../../Engine/Plugins/Interchange/Assets/Content/gltf/MaterialFunctions/MF_Temporal_Blur.uasset" 4529
"../../../Engine/Plugins/Interchange/Assets/Content/gltf/MaterialBodies/MF_Transmission_Body.uasset" 4530
"../../../Engine/Plugins/Interchange/Assets/Content/gltf/MaterialFunctions/MF_Transmission.uasset" 4531
"../../../../../../Users/rscroggin/Documents/Unreal Projects/IGS2026/RogueFirefight/Content/SM_Crag1Desert.uasset" 4532
"../../../../../../Users/rscroggin/Documents/Unreal Projects/IGS2026/RogueFirefight/Content/SM_Tent.uasset" 4533
"../../../../../../Users/rscroggin/Documents/Unreal Projects/IGS2026/RogueFirefight/Content/MWLandscapeAutoMaterial/Meshes/Cover/SM_MWAM_StoneA.uasset" 4534
"../../../../../../Users/rscroggin/Documents/Unreal Projects/IGS2026/RogueFirefight/Content/LevelSM/Crag2.uasset" 4535
"/InterchangeAssets/gltf/MaterialFunctions/MF_Temporal_Blur" 4536
"/InterchangeAssets/gltf/MaterialBodies/MF_Transmission_Body" 4537
"../../Plugins/Interchange/Assets/Content/gltf/MaterialFunctions/MF_Fresnel_DS.uasset" 4538
"/InterchangeAssets/gltf/MaterialInstances/MI_Sheen_Blend_DS" 4539
"/InterchangeAssets/gltf/MaterialInstances/MI_Sheen_Mask_DS" 4540
"/InterchangeAssets/gltf/MaterialInstances/MI_Sheen_Opaque_DS" 4541
"/InterchangeAssets/gltf/MaterialInstances/MI_Sheen_Blend" 4542
"/InterchangeAssets/gltf/MaterialInstances/MI_Sheen_Mask" 4543
"/InterchangeAssets/gltf/MaterialInstances/MI_Sheen_Opaque" 4544
"/InterchangeAssets/gltf/MaterialInstances/MI_Default_Blend_DS" 4545
"/InterchangeAssets/gltf/MaterialInstances/MI_Default_Mask_DS" 4546
"/InterchangeAssets/gltf/MaterialInstances/MI_Default_Blend" 4547
"/InterchangeAssets/gltf/MaterialInstances/MI_Default_Mask" 4548
"/InterchangeAssets/gltf/MaterialInstances/MI_Default_Opaque" 4549
"/InterchangeAssets/gltf/MaterialInstances/MI_ClearCoat_Blend_DS" 4550
"/InterchangeAssets/gltf/MaterialInstances/MI_ClearCoat_Mask_DS" 4551
"/InterchangeAssets/gltf/MaterialInstances/MI_ClearCoat_Opaque_DS" 4552
"/InterchangeAssets/gltf/MaterialInstances/MI_ClearCoat_Blend" 4553
"/InterchangeAssets/gltf/MaterialInstances/MI_ClearCoat_Mask" 4554
"/InterchangeAssets/gltf/MaterialInstances/MI_ClearCoat_Opaque" 4555
"/Engine/EngineSounds/Submixes/MasterReverbSubmixDefault" 4556
"../../../Engine/Plugins/Interchange/Assets/Content/gltf/M_Transmission.uasset" 4557
"../../../Engine/Plugins/Interchange/Assets/Content/gltf/MaterialInstances/MI_Transmission_DS.uasset" 4558
"../../../Engine/Plugins/Interchange/Assets/Content/gltf/MaterialInstances/MI_Transmission.uasset" 4559
"../../../Engine/Content/Functions/Engine_MaterialFunctions02/Math/AddComponents.uasset" 4560
"../../../Engine/Plugins/Interchange/Assets/Content/gltf/MaterialFunctions/MF_PerceivedBrightness.uasset" 4561
"../../../Engine/Plugins/Interchange/Assets/Content/gltf/MaterialFunctions/MF_MaxComponentValue.uasset" 4562
"../../../Engine/Plugins/Interchange/Assets/Content/gltf/MaterialFunctions/MF_SpecGlossToMetalRoughness.uasset" 4563
"../../../Engine/Plugins/Interchange/Assets/Content/gltf/MaterialFunctions/MF_DiffuseSpecGloss.uasset" 4564
"../../../Engine/Plugins/Interchange/Assets/Content/gltf/MaterialBodies/MF_SpecularGlossiness_Body.uasset" 4565
"../../../Engine/Plugins/Interchange/Assets/Content/gltf/M_SpecularGlossiness.uasset" 4566
"../../../Engine/Plugins/Interchange/Assets/Content/gltf/MaterialInstances/MI_SpecularGlossiness_Opaque.uasset" 4567
"../../../Engine/Plugins/Interchange/Assets/Content/gltf/MaterialInstances/MI_SpecularGlossiness_Mask.uasset" 4568
"../../../Engine/Plugins/Interchange/Assets/Content/gltf/MaterialInstances/MI_SpecularGlossiness_Blend.uasset" 4569
"../../../Engine/Plugins/Interchange/Assets/Content/gltf/MaterialInstances/MI_SpecularGlossiness_Mask_DS.uasset" 4570
"../../../Engine/Plugins/Interchange/Assets/Content/gltf/MaterialInstances/MI_SpecularGlossiness_Opaque_DS.uasset" 4571
"../../../Engine/Plugins/Interchange/Assets/Content/gltf/MaterialInstances/MI_SpecularGlossiness_Blend_DS.uasset" 4572
"C:/Users/rscroggin/Documents/Unreal Projects/IGS2026/RogueFirefight/Content/UI/Mission_Failed.uasset" 4573
"C:/Users/rscroggin/Documents/Unreal Projects/IGS2026/RogueFirefight/Content/UI/BlackOpsOne-Regular.uasset" 4574
"C:/Users/rscroggin/Documents/Unreal Projects/IGS2026/RogueFirefight/Content/UI/BlackOpsOne-Regular_Font.uasset" 4575
"C:/Users/rscroggin/Documents/Unreal Projects/IGS2026/RogueFirefight/Content/UI/UI_DeathScreenStuff/DeathScreen.uasset" 4576
"C:/Users/rscroggin/Documents/Unreal Projects/IGS2026/RogueFirefight/Content/UI/DeathScreenGM.uasset" 4577
"C:/Users/rscroggin/Documents/Unreal Projects/IGS2026/RogueFirefight/Content/UI/UI_DeathScreenStuff/DeathScreenGM.uasset" 4578
"C:/Users/rscroggin/Documents/Unreal Projects/IGS2026/RogueFirefight/Content/Levels/DeathScreenMenu.umap" 4579
"C:/Users/rscroggin/Documents/Unreal Projects/IGS2026/RogueFirefight/Content/UI/MWIII-MAPS-ORLOV-MILITARY-BASE-002.uasset" 4580
"C:/Users/rscroggin/Documents/Unreal Projects/IGS2026/RogueFirefight/Content/UI/UI_MainMenuStuff/MainMenu_Widget.uasset" 4581
"C:/Users/rscroggin/Documents/Unreal Projects/IGS2026/RogueFirefight/Content/UI/UI_MainMenuStuff/MainMenuGM.uasset" 4582
"C:/Users/rscroggin/Documents/Unreal Projects/IGS2026/RogueFirefight/Content/Levels/MainMenu.umap" 4583
"C:/Users/rscroggin/Documents/Unreal Projects/IGS2026/RogueFirefight/Content/UI/MainMenuGM.uasset" 4584
"C:/Users/rscroggin/Documents/Unreal Projects/IGS2026/RogueFirefight/Content/UI/Mission_Complete.uasset" 4585
"C:/Users/rscroggin/Documents/Unreal Projects/IGS2026/RogueFirefight/Content/UI/UI_VictoryScreenStuff/Victory_Screen.uasset" 4586
"C:/Users/rscroggin/Documents/Unreal Projects/IGS2026/RogueFirefight/Content/UI/UI_MainMenuStuff/VictoryGM.uasset" 4587
"C:/Users/rscroggin/Documents/Unreal Projects/IGS2026/RogueFirefight/Content/Levels/VictoryScreen.umap" 4588
"/Engine/EditorResources/EmptyActor" 4589
"../../../Engine/Content/EditorResources/EmptyActor.uasset" 4590
"/Game/SM_Tent" 4591
"/Game/LevelSM/Crag2" 4592
"/Game/UI/UI_MainMenuStuff/VictoryGM" 4593
"/Game/Levels/MainMenu" 4594
"../../../../../../Users/rscroggin/Documents/Unreal Projects/IGS2026/RogueFirefight/Content/Levels/MainMenu.umap" 4595
"/Game/Levels/DeathScreenMenu" 4596
"../../../../../../Users/rscroggin/Documents/Unreal Projects/IGS2026/RogueFirefight/Content/Levels/DeathScreenMenu.umap" 4597
"/InterchangeAssets/gltf/MaterialInstances/MI_SpecularGlossiness_Blend_DS" 4598
"/InterchangeAssets/gltf/MaterialInstances/MI_SpecularGlossiness_Mask_DS" 4599
"/InterchangeAssets/gltf/MaterialInstances/MI_SpecularGlossiness_Opaque_DS" 4600
"/InterchangeAssets/gltf/MaterialInstances/MI_SpecularGlossiness_Blend" 4601
"/InterchangeAssets/gltf/MaterialInstances/MI_SpecularGlossiness_Mask" 4602
"/InterchangeAssets/gltf/MaterialInstances/MI_SpecularGlossiness_Opaque" 4603
"/Game/Levels/VictoryScreen" 4604
"../../../../../../Users/rscroggin/Documents/Unreal Projects/IGS2026/RogueFirefight/Content/Levels/VictoryScreen.umap" 4605
"/InterchangeAssets/gltf/MaterialInstances/MI_Transmission_DS" 4606
"/InterchangeAssets/gltf/MaterialInstances/MI_Transmission" 4607
"../../../Engine/Plugins/Interchange/Assets/Content/gltf/M_Unlit.uasset" 4608
"../../../Engine/Plugins/Interchange/Assets/Content/gltf/MaterialBodies/MF_Unlit_Body.uasset" 4609
"../../../Engine/Plugins/Interchange/Assets/Content/gltf/MaterialInstances/MI_Unlit_Opaque.uasset" 4610
"../../../Engine/Plugins/Interchange/Assets/Content/gltf/MaterialInstances/MI_Unlit_Mask.uasset" 4611
"../../../Engine/Plugins/Interchange/Assets/Content/gltf/MaterialInstances/MI_Unlit_Blend.uasset" 4612
"../../../Engine/Plugins/Interchange/Assets/Content/gltf/MaterialInstances/MI_Unlit_Mask_DS.uasset" 4613
"../../../Engine/Plugins/Interchange/Assets/Content/gltf/MaterialInstances/MI_Unlit_Opaque_DS.uasset" 4614
"../../../Engine/Plugins/Interchange/Assets/Content/gltf/MaterialInstances/MI_Unlit_Blend_DS.uasset" 4615
"../../../Engine/Content/Functions/Engine_MaterialFunctions01/Volumetrics/BeersLaw.uasset" 4616
"../../../Engine/Plugins/Interchange/Assets/Content/Functions/MX_Transmission.uasset" 4617
"../../../Engine/Content/Functions/Substrate/MF_SchlickInternal.uasset" 4618
"../../../Engine/Plugins/Interchange/Assets/Content/Functions/MX_StandardSurface.uasset" 4619
"../../../Engine/Plugins/Interchange/Assets/Content/Functions/MF_OrenNayerView.uasset" 4620
"../../../Engine/Plugins/Interchange/Assets/Content/Functions/MX_TransmissionSurface.uasset" 4621
"../../../Engine/Plugins/Interchange/Assets/Content/Functions/MX_OpenPBR_Translucent.uasset" 4622
"C:/Users/rscroggin/Documents/Unreal Projects/IGS2026/RogueFirefight/Content/Insurgent_2/Mesh/SK_BaseBody.uasset" 4623
"../../../Engine/Plugins/Interchange/Assets/Content/Functions/MX_OpenPBR_Opaque.uasset" 4624
"../../../Engine/Plugins/Animation/ControlRig/Content/Controls/ControlRig_Sphere_solid.uasset" 4625
"../../../Engine/Plugins/Animation/ControlRig/Content/Controls/ControlRig_Arrow2_1mm.uasset" 4626
"../../../Engine/Plugins/Animation/ControlRig/Content/Controls/ControlRig_Arrow2_3mm.uasset" 4627
"../../../Engine/Plugins/Animation/ControlRig/Content/Controls/ControlRig_Arrow2_solid.uasset" 4628
"../../../Engine/Plugins/Animation/ControlRig/Content/Controls/ControlRig_Arrow4_3mm.uasset" 4629
"../../../Engine/Plugins/Animation/ControlRig/Content/Controls/ControlRig_Arrow4_1mm.uasset" 4630
"../../../Engine/Plugins/Animation/ControlRig/Content/Controls/ControlRig_Arrow4_solid.uasset" 4631
"../../../Engine/Plugins/Animation/ControlRig/Content/Controls/ControlRig_Arrow_solid.uasset" 4632
"../../../Engine/Plugins/Animation/ControlRig/Content/Controls/ControlRig_Arrow_3mm.uasset" 4633
"../../../Engine/Plugins/Animation/ControlRig/Content/Controls/ControlRig_Arrow_1mm.uasset" 4634
"../../../Engine/Plugins/Animation/ControlRig/Content/Controls/ControlRig_Box_1mm.uasset" 4635
"../../../Engine/Plugins/Animation/ControlRig/Content/Controls/ControlRig_Box_solid.uasset" 4636
"../../../Engine/Plugins/Animation/ControlRig/Content/Controls/ControlRig_Circle_3mm.uasset" 4637
"../../../Engine/Plugins/Animation/ControlRig/Content/Controls/ControlRig_Circle_1mm.uasset" 4638
"../../../Engine/Plugins/Animation/ControlRig/Content/Controls/ControlRig_Box_3mm.uasset" 4639
"/ControlRig/Controls/ControlRig_Circle_3mm" 4640
"/ControlRig/Controls/ControlRig_Circle_1mm" 4641
"/ControlRig/Controls/ControlRig_Box_solid" 4642
"/ControlRig/Controls/ControlRig_Box_3mm" 4643
"/ControlRig/Controls/ControlRig_Box_1mm" 4644
"/ControlRig/Controls/ControlRig_Arrow_solid" 4645
"/ControlRig/Controls/ControlRig_Arrow_3mm" 4646
"/ControlRig/Controls/ControlRig_Arrow_1mm" 4647
"/ControlRig/Controls/ControlRig_Arrow4_solid" 4648
"../../Plugins/Animation/ControlRig/Content/Controls/ControlRig_Circle_3mm.uasset" 4649
"../../Plugins/Animation/ControlRig/Content/Controls/ControlRig_Circle_1mm.uasset" 4650
"../../Plugins/Animation/ControlRig/Content/Controls/ControlRig_Box_solid.uasset" 4651
"../../Plugins/Animation/ControlRig/Content/Controls/ControlRig_Box_3mm.uasset" 4652
"../../Plugins/Animation/ControlRig/Content/Controls/ControlRig_Box_1mm.uasset" 4653
"../../Plugins/Animation/ControlRig/Content/Controls/ControlRig_Arrow_solid.uasset" 4654
"../../Plugins/Animation/ControlRig/Content/Controls/ControlRig_Arrow_3mm.uasset" 4655
"../../Plugins/Animation/ControlRig/Content/Controls/ControlRig_Arrow_1mm.uasset" 4656
"../../Plugins/Animation/ControlRig/Content/Controls/ControlRig_Arrow4_solid.uasset" 4657
"/ControlRig/Controls/ControlRig_Arrow4_3mm" 4658
"/ControlRig/Controls/ControlRig_Arrow4_1mm" 4659
"/ControlRig/Controls/ControlRig_Arrow2_solid" 4660
"/ControlRig/Controls/ControlRig_Arrow2_3mm" 4661
"/ControlRig/Controls/ControlRig_Arrow2_1mm" 4662
"/ControlRig/Controls/ControlRig_Sphere_solid" 4663
"/InterchangeAssets/Functions/MX_OpenPBR_Opaque" 4664
"../../Plugins/Animation/ControlRig/Content/Controls/ControlRig_Arrow4_3mm.uasset" 4665
"/Game/Insurgent_2/Mesh/SK_BaseBody" 4666
"../../../../../../Users/rscroggin/Documents/Unreal Projects/IGS2026/RogueFirefight/Content/Insurgent_2/Mesh/SK_BaseBody.uasset" 4667
"../../Plugins/Animation/ControlRig/Content/Controls/ControlRig_Arrow4_1mm.uasset" 4668
"../../Plugins/Animation/ControlRig/Content/Controls/ControlRig_Arrow2_solid.uasset" 4669
"../../Plugins/Animation/ControlRig/Content/Controls/ControlRig_Arrow2_3mm.uasset" 4670
"../../Plugins/Animation/ControlRig/Content/Controls/ControlRig_Arrow2_1mm.uasset" 4671
"../../Plugins/Animation/ControlRig/Content/Controls/ControlRig_Sphere_solid.uasset" 4672
"/InterchangeAssets/Functions/MX_OpenPBR_Translucent" 4673
"/InterchangeAssets/gltf/MaterialInstances/MI_Unlit_Blend_DS" 4674
"/InterchangeAssets/gltf/MaterialInstances/MI_Unlit_Mask_DS" 4675
"/InterchangeAssets/gltf/MaterialInstances/MI_Unlit_Opaque_DS" 4676
"/InterchangeAssets/gltf/MaterialInstances/MI_Unlit_Blend" 4677
"/InterchangeAssets/gltf/MaterialInstances/MI_Unlit_Mask" 4678
"/InterchangeAssets/gltf/MaterialInstances/MI_Unlit_Opaque" 4679
"../../../Engine/Plugins/Animation/ControlRig/Content/Controls/ControlRig_Circle_solid.uasset" 4680
"../../../Engine/Plugins/Animation/ControlRig/Content/Controls/ControlRig_Diamond_1mm.uasset" 4681
"../../../Engine/Plugins/Animation/ControlRig/Content/Controls/ControlRig_Diamond_3mm.uasset" 4682
"../../../Engine/Plugins/Animation/ControlRig/Content/Controls/ControlRig_Diamond_solid.uasset" 4683
"../../../Engine/Plugins/Animation/ControlRig/Content/Controls/ControlRig_HalfCircle_3mm.uasset" 4684
"../../../Engine/Plugins/Animation/ControlRig/Content/Controls/ControlRig_HalfCircle_1mm.uasset" 4685
"../../../Engine/Plugins/Animation/ControlRig/Content/Controls/ControlRig_HalfCircle_solid.uasset" 4686
"../../../Engine/Plugins/Animation/ControlRig/Content/Controls/ControlRig_Hexagon_1mm.uasset" 4687
"../../../Engine/Plugins/Animation/ControlRig/Content/Controls/ControlRig_Hexagon_3mm.uasset" 4688
"../../../Engine/Plugins/Animation/ControlRig/Content/Controls/ControlRig_Hexagon_solid.uasset" 4689
"../../../Engine/Plugins/Animation/ControlRig/Content/Controls/ControlRig_Octagon_1mm.uasset" 4690
"../../../Engine/Plugins/Animation/ControlRig/Content/Controls/ControlRig_Octagon_3mm.uasset" 4691
"../../../Engine/Plugins/Animation/ControlRig/Content/Controls/ControlRig_Octagon_solid.uasset" 4692
"../../../Engine/Plugins/Animation/ControlRig/Content/Controls/ControlRig_Pyramid_1mm.uasset" 4693
"../../../Engine/Plugins/Animation/ControlRig/Content/Controls/ControlRig_Pyramid_3mm.uasset" 4694
"../../../Engine/Plugins/Animation/ControlRig/Content/Controls/ControlRig_Pyramid_solid.uasset" 4695
"../../../Engine/Plugins/Animation/ControlRig/Content/Controls/ControlRig_QuarterCircle_1mm.uasset" 4696
"../../../Engine/Plugins/Animation/ControlRig/Content/Controls/ControlRig_QuarterCircle_solid.uasset" 4697
"../../../Engine/Plugins/Animation/ControlRig/Content/Controls/ControlRig_RoundedSquare_1mm.uasset" 4698
"../../../Engine/Plugins/Animation/ControlRig/Content/Controls/ControlRig_RoundedSquare_solid.uasset" 4699
"../../../Engine/Plugins/Animation/ControlRig/Content/Controls/ControlRig_RoundedSquare_3mm.uasset" 4700
"../../../Engine/Plugins/Animation/ControlRig/Content/Controls/ControlRig_QuarterCircle_3mm.uasset" 4701
"../../../Engine/Plugins/Animation/ControlRig/Content/Controls/ControlRig_RoundedTriangle_1mm.uasset" 4702
"../../../Engine/Plugins/Animation/ControlRig/Content/Controls/ControlRig_RoundedTriangle_3mm.uasset" 4703
"../../../Engine/Plugins/Animation/ControlRig/Content/Controls/ControlRig_Sphere_1mm.uasset" 4704
"../../../Engine/Plugins/Animation/ControlRig/Content/Controls/ControlRig_RoundedTriangle_solid.uasset" 4705
"../../../Engine/Plugins/Animation/ControlRig/Content/Controls/ControlRig_Sphere_3mm.uasset" 4706
"../../../Engine/Plugins/Animation/ControlRig/Content/Controls/ControlRig_Square_1mm.uasset" 4707
"../../../Engine/Plugins/Animation/ControlRig/Content/Controls/ControlRig_Square_3mm.uasset" 4708
"../../../Engine/Plugins/Animation/ControlRig/Content/Controls/ControlRig_Square_solid.uasset" 4709
"../../../Engine/Plugins/Animation/ControlRig/Content/Controls/ControlRig_Star4_1mm.uasset" 4710
"../../../Engine/Plugins/Animation/ControlRig/Content/Controls/ControlRig_Star4_3mm.uasset" 4711
"/ControlRig/Controls/ControlRig_Star4_3mm" 4712
"/ControlRig/Controls/ControlRig_Star4_1mm" 4713
"/ControlRig/Controls/ControlRig_Square_solid" 4714
"/ControlRig/Controls/ControlRig_Square_3mm" 4715
"/ControlRig/Controls/ControlRig_Square_1mm" 4716
"/ControlRig/Controls/ControlRig_Sphere_3mm" 4717
"/ControlRig/Controls/ControlRig_Sphere_1mm" 4718
"/ControlRig/Controls/ControlRig_RoundedTriangle_solid" 4719
"/ControlRig/Controls/ControlRig_RoundedTriangle_3mm" 4720
"/ControlRig/Controls/ControlRig_RoundedTriangle_1mm" 4721
"/ControlRig/Controls/ControlRig_RoundedSquare_solid" 4722
"/ControlRig/Controls/ControlRig_RoundedSquare_3mm" 4723
"/ControlRig/Controls/ControlRig_RoundedSquare_1mm" 4724
"/ControlRig/Controls/ControlRig_QuarterCircle_solid" 4725
"/ControlRig/Controls/ControlRig_QuarterCircle_3mm" 4726
"/ControlRig/Controls/ControlRig_QuarterCircle_1mm" 4727
"/ControlRig/Controls/ControlRig_Pyramid_solid" 4728
"/ControlRig/Controls/ControlRig_Pyramid_3mm" 4729
"/ControlRig/Controls/ControlRig_Pyramid_1mm" 4730
"/ControlRig/Controls/ControlRig_Octagon_solid" 4731
"/ControlRig/Controls/ControlRig_Octagon_3mm" 4732
"/ControlRig/Controls/ControlRig_Octagon_1mm" 4733
"/ControlRig/Controls/ControlRig_Hexagon_solid" 4734
"/ControlRig/Controls/ControlRig_Hexagon_3mm" 4735
"/ControlRig/Controls/ControlRig_Hexagon_1mm" 4736
"/ControlRig/Controls/ControlRig_HalfCircle_solid" 4737
"/ControlRig/Controls/ControlRig_HalfCircle_3mm" 4738
"/ControlRig/Controls/ControlRig_HalfCircle_1mm" 4739
"/ControlRig/Controls/ControlRig_Diamond_solid" 4740
"/ControlRig/Controls/ControlRig_Diamond_3mm" 4741
"/ControlRig/Controls/ControlRig_Diamond_1mm" 4742
"/ControlRig/Controls/ControlRig_Circle_solid" 4743
"../../../Engine/Plugins/Animation/ControlRig/Content/Controls/ControlRig_Star4_solid.uasset" 4744
"../../../Engine/Plugins/Animation/ControlRig/Content/Controls/ControlRig_Triangle_1mm.uasset" 4745
"../../../Engine/Plugins/Animation/ControlRig/Content/Controls/ControlRig_Triangle_3mm.uasset" 4746
"../../../Engine/Plugins/Animation/ControlRig/Content/Controls/ControlRig_Triangle_solid.uasset" 4747
"../../../Engine/Plugins/Animation/ControlRig/Content/Controls/ControlRig_Wedge_1mm.uasset" 4748
"../../../Engine/Plugins/Animation/ControlRig/Content/Controls/ControlRig_Wedge_3mm.uasset" 4749
"../../../Engine/Plugins/Animation/ControlRig/Content/Controls/ControlRig_Wedge_solid.uasset" 4750
"../../../Engine/Content/Maps/Entry_BuiltData.uasset" 4751
"../../../Engine/Content/Maps/Entry.umap" 4752
"../../../Engine/Content/EditorMaterials/PreviewShadowIndicator.uasset" 4753
"../../../Engine/Content/EditorMaterials/PreviewShadowIndicatorMaterial.uasset" 4754
"../../../Engine/Content/EngineMaterials/Substrate/GLints/dict_16_192_64_0p5_0p02_0063_0015.uasset" 4755
"../../../Engine/Content/EngineMaterials/Substrate/GLints/dict_16_192_64_0p5_0p02_0063_0014.uasset" 4756
"../../../Engine/Content/EngineMaterials/Substrate/GLints/dict_16_192_64_0p5_0p02_0063_0013.uasset" 4757
"../../../Engine/Content/EngineMaterials/Substrate/GLints/dict_16_192_64_0p5_0p02_0063_0012.uasset" 4758
"../../../Engine/Content/EngineMaterials/Substrate/GLints/dict_16_192_64_0p5_0p02_0063_0011.uasset" 4759
"../../../Engine/Content/EngineMaterials/Substrate/GLints/dict_16_192_64_0p5_0p02_0063_0010.uasset" 4760
"../../../Engine/Content/EngineMaterials/Substrate/GLints/dict_16_192_64_0p5_0p02_0063_0009.uasset" 4761
"../../../Engine/Content/EngineMaterials/Substrate/GLints/dict_16_192_64_0p5_0p02_0063_0008.uasset" 4762
"../../../Engine/Content/EngineMaterials/Substrate/GLints/dict_16_192_64_0p5_0p02_0063_0007.uasset" 4763
"../../../Engine/Content/EngineMaterials/Substrate/GLints/dict_16_192_64_0p5_0p02_0063_0006.uasset" 4764
"../../../Engine/Content/EngineMaterials/Substrate/GLints/dict_16_192_64_0p5_0p02_0063_0004.uasset" 4765
"../../../Engine/Content/EngineMaterials/Substrate/GLints/dict_16_192_64_0p5_0p02_0063_0005.uasset" 4766
"../../../Engine/Content/EngineMaterials/Substrate/GLints/dict_16_192_64_0p5_0p02_0063_0001.uasset" 4767
"../../../Engine/Content/EngineMaterials/Substrate/GLints/dict_16_192_64_0p5_0p02_0063_0003.uasset" 4768
"../../../Engine/Content/EngineMaterials/Substrate/GLints/dict_16_192_64_0p5_0p02_0062_0015.uasset" 4769
"../../../Engine/Content/EngineMaterials/Substrate/GLints/dict_16_192_64_0p5_0p02_0063_0000.uasset" 4770
"../../../Engine/Content/EngineMaterials/Substrate/GLints/dict_16_192_64_0p5_0p02_0063_0002.uasset" 4771
"../../../Engine/Content/EngineMaterials/Substrate/GLints/dict_16_192_64_0p5_0p02_0062_0014.uasset" 4772
"../../../Engine/Content/EngineMaterials/Substrate/GLints/dict_16_192_64_0p5_0p02_0062_0013.uasset" 4773
"../../../Engine/Content/EngineMaterials/Substrate/GLints/dict_16_192_64_0p5_0p02_0062_0011.uasset" 4774
"../../../Engine/Content/EngineMaterials/Substrate/GLints/dict_16_192_64_0p5_0p02_0062_0012.uasset" 4775
"/Engine/Maps/Entry" 4776
"/ControlRig/Controls/ControlRig_Wedge_solid" 4777
"/ControlRig/Controls/ControlRig_Wedge_3mm" 4778
"/ControlRig/Controls/ControlRig_Wedge_1mm" 4779
"/ControlRig/Controls/ControlRig_Triangle_solid" 4780
"/ControlRig/Controls/ControlRig_Triangle_3mm" 4781
"/ControlRig/Controls/ControlRig_Triangle_1mm" 4782
"/ControlRig/Controls/ControlRig_Star4_solid" 4783
"/Engine/EngineMaterials/Substrate/GLints/dict_16_192_64_0p5_0p02_0062_0011" 4784
"/Engine/EngineMaterials/Substrate/GLints/dict_16_192_64_0p5_0p02_0062_0012" 4785
"/Engine/EngineMaterials/Substrate/GLints/dict_16_192_64_0p5_0p02_0062_0013" 4786
"/Engine/EngineMaterials/Substrate/GLints/dict_16_192_64_0p5_0p02_0062_0014" 4787
"/Engine/EngineMaterials/Substrate/GLints/dict_16_192_64_0p5_0p02_0062_0015" 4788
"/Engine/EngineMaterials/Substrate/GLints/dict_16_192_64_0p5_0p02_0063_0000" 4789
"/Engine/EngineMaterials/Substrate/GLints/dict_16_192_64_0p5_0p02_0063_0001" 4790
"/Engine/EngineMaterials/Substrate/GLints/dict_16_192_64_0p5_0p02_0063_0002" 4791
"/Engine/EngineMaterials/Substrate/GLints/dict_16_192_64_0p5_0p02_0063_0003" 4792
"/Engine/EngineMaterials/Substrate/GLints/dict_16_192_64_0p5_0p02_0063_0004" 4793
"/Engine/EngineMaterials/Substrate/GLints/dict_16_192_64_0p5_0p02_0063_0005" 4794
"/Engine/EngineMaterials/Substrate/GLints/dict_16_192_64_0p5_0p02_0063_0006" 4795
"/Engine/EngineMaterials/Substrate/GLints/dict_16_192_64_0p5_0p02_0063_0007" 4796
"/Engine/EngineMaterials/Substrate/GLints/dict_16_192_64_0p5_0p02_0063_0008" 4797
"/Engine/EngineMaterials/Substrate/GLints/dict_16_192_64_0p5_0p02_0063_0009" 4798
"/Engine/EngineMaterials/Substrate/GLints/dict_16_192_64_0p5_0p02_0063_0010" 4799
"/Engine/EngineMaterials/Substrate/GLints/dict_16_192_64_0p5_0p02_0063_0011" 4800
"/Engine/EngineMaterials/Substrate/GLints/dict_16_192_64_0p5_0p02_0063_0012" 4801
"/Engine/EngineMaterials/Substrate/GLints/dict_16_192_64_0p5_0p02_0063_0013" 4802
"/Engine/EngineMaterials/Substrate/GLints/dict_16_192_64_0p5_0p02_0063_0014" 4803
"/Engine/EngineMaterials/Substrate/GLints/dict_16_192_64_0p5_0p02_0063_0015" 4804
"/Engine/EditorMaterials/PreviewShadowIndicatorMaterial" 4805
"../../Plugins/Animation/ControlRig/Content/Controls/ControlRig_Star4_3mm.uasset" 4806
"../../Plugins/Animation/ControlRig/Content/Controls/ControlRig_Star4_1mm.uasset" 4807
"../../Plugins/Animation/ControlRig/Content/Controls/ControlRig_Square_solid.uasset" 4808
"../../Plugins/Animation/ControlRig/Content/Controls/ControlRig_Square_3mm.uasset" 4809
"../../Plugins/Animation/ControlRig/Content/Controls/ControlRig_Square_1mm.uasset" 4810
"../../Plugins/Animation/ControlRig/Content/Controls/ControlRig_Sphere_3mm.uasset" 4811
"../../Plugins/Animation/ControlRig/Content/Controls/ControlRig_Sphere_1mm.uasset" 4812
"../../Plugins/Animation/ControlRig/Content/Controls/ControlRig_RoundedTriangle_solid.uasset" 4813
"../../Plugins/Animation/ControlRig/Content/Controls/ControlRig_RoundedTriangle_3mm.uasset" 4814
"../../Plugins/Animation/ControlRig/Content/Controls/ControlRig_RoundedSquare_solid.uasset" 4815
"../../Plugins/Animation/ControlRig/Content/Controls/ControlRig_RoundedTriangle_1mm.uasset" 4816
"../../Plugins/Animation/ControlRig/Content/Controls/ControlRig_RoundedSquare_3mm.uasset" 4817
"../../Plugins/Animation/ControlRig/Content/Controls/ControlRig_RoundedSquare_1mm.uasset" 4818
"../../Plugins/Animation/ControlRig/Content/Controls/ControlRig_QuarterCircle_solid.uasset" 4819
"../../Plugins/Animation/ControlRig/Content/Controls/ControlRig_QuarterCircle_3mm.uasset" 4820
"../../Plugins/Animation/ControlRig/Content/Controls/ControlRig_QuarterCircle_1mm.uasset" 4821
"../../Plugins/Animation/ControlRig/Content/Controls/ControlRig_Pyramid_solid.uasset" 4822
"../../Plugins/Animation/ControlRig/Content/Controls/ControlRig_Pyramid_3mm.uasset" 4823
"../../Plugins/Animation/ControlRig/Content/Controls/ControlRig_Pyramid_1mm.uasset" 4824
"../../Plugins/Animation/ControlRig/Content/Controls/ControlRig_Octagon_solid.uasset" 4825
"../../Plugins/Animation/ControlRig/Content/Controls/ControlRig_Octagon_3mm.uasset" 4826
"../../Plugins/Animation/ControlRig/Content/Controls/ControlRig_Octagon_1mm.uasset" 4827
"../../Plugins/Animation/ControlRig/Content/Controls/ControlRig_Hexagon_solid.uasset" 4828
"../../../Engine/Content/EngineMaterials/Substrate/GLints/dict_16_192_64_0p5_0p02_0062_0010.uasset" 4829
"../../Plugins/Animation/ControlRig/Content/Controls/ControlRig_Hexagon_3mm.uasset" 4830
"../../../Engine/Content/EngineMaterials/Substrate/GLints/dict_16_192_64_0p5_0p02_0062_0009.uasset" 4831
"../../../Engine/Content/EngineMaterials/Substrate/GLints/dict_16_192_64_0p5_0p02_0062_0008.uasset" 4832
"../../../Engine/Content/EngineMaterials/Substrate/GLints/dict_16_192_64_0p5_0p02_0062_0007.uasset" 4833
"../../../Engine/Content/EngineMaterials/Substrate/GLints/dict_16_192_64_0p5_0p02_0062_0005.uasset" 4834
"../../../Engine/Content/EngineMaterials/Substrate/GLints/dict_16_192_64_0p5_0p02_0062_0006.uasset" 4835
"../../../Engine/Content/EngineMaterials/Substrate/GLints/dict_16_192_64_0p5_0p02_0062_0004.uasset" 4836
"../../../Engine/Content/EngineMaterials/Substrate/GLints/dict_16_192_64_0p5_0p02_0062_0003.uasset" 4837
"../../../Engine/Content/EngineMaterials/Substrate/GLints/dict_16_192_64_0p5_0p02_0062_0002.uasset" 4838
"../../Plugins/Animation/ControlRig/Content/Controls/ControlRig_Hexagon_1mm.uasset" 4839
"../../Plugins/Animation/ControlRig/Content/Controls/ControlRig_HalfCircle_solid.uasset" 4840
"../../Plugins/Animation/ControlRig/Content/Controls/ControlRig_HalfCircle_3mm.uasset" 4841
"../../Plugins/Animation/ControlRig/Content/Controls/ControlRig_HalfCircle_1mm.uasset" 4842
"../../Plugins/Animation/ControlRig/Content/Controls/ControlRig_Diamond_solid.uasset" 4843
"../../Plugins/Animation/ControlRig/Content/Controls/ControlRig_Diamond_3mm.uasset" 4844
"../../Plugins/Animation/ControlRig/Content/Controls/ControlRig_Diamond_1mm.uasset" 4845
"../../Plugins/Animation/ControlRig/Content/Controls/ControlRig_Circle_solid.uasset" 4846
"../../Plugins/Animation/ControlRig/Content/Controls/ControlRig_Wedge_solid.uasset" 4847
"../../Plugins/Animation/ControlRig/Content/Controls/ControlRig_Wedge_3mm.uasset" 4848
"../../Plugins/Animation/ControlRig/Content/Controls/ControlRig_Wedge_1mm.uasset" 4849
"../../Plugins/Animation/ControlRig/Content/Controls/ControlRig_Triangle_solid.uasset" 4850
"../../Plugins/Animation/ControlRig/Content/Controls/ControlRig_Triangle_3mm.uasset" 4851
"../../Plugins/Animation/ControlRig/Content/Controls/ControlRig_Triangle_1mm.uasset" 4852
"../../Plugins/Animation/ControlRig/Content/Controls/ControlRig_Star4_solid.uasset" 4853
"../../../Engine/Content/EngineMaterials/Substrate/GLints/dict_16_192_64_0p5_0p02_0062_0000.uasset" 4854
"../../../Engine/Content/EngineMaterials/Substrate/GLints/dict_16_192_64_0p5_0p02_0062_0001.uasset" 4855
"../../../Engine/Content/EngineMaterials/Substrate/GLints/dict_16_192_64_0p5_0p02_0061_0015.uasset" 4856
"../../../Engine/Content/EngineMaterials/Substrate/GLints/dict_16_192_64_0p5_0p02_0061_0014.uasset" 4857
"../../../Engine/Content/EngineMaterials/Substrate/GLints/dict_16_192_64_0p5_0p02_0061_0012.uasset" 4858
"../../../Engine/Content/EngineMaterials/Substrate/GLints/dict_16_192_64_0p5_0p02_0061_0013.uasset" 4859
"../../../Engine/Content/EngineMaterials/Substrate/GLints/dict_16_192_64_0p5_0p02_0061_0011.uasset" 4860
"../../../Engine/Content/EngineMaterials/Substrate/GLints/dict_16_192_64_0p5_0p02_0061_0010.uasset" 4861
"../../../Engine/Content/EngineMaterials/Substrate/GLints/dict_16_192_64_0p5_0p02_0061_0009.uasset" 4862
"../../../Engine/Content/EngineMaterials/Substrate/GLints/dict_16_192_64_0p5_0p02_0061_0008.uasset" 4863
"../../../Engine/Content/EngineMaterials/Substrate/GLints/dict_16_192_64_0p5_0p02_0061_0006.uasset" 4864
"../../../Engine/Content/EngineMaterials/Substrate/GLints/dict_16_192_64_0p5_0p02_0061_0007.uasset" 4865
"../../../Engine/Content/EngineMaterials/Substrate/GLints/dict_16_192_64_0p5_0p02_0061_0005.uasset" 4866
"../../../Engine/Content/EngineMaterials/Substrate/GLints/dict_16_192_64_0p5_0p02_0061_0004.uasset" 4867
"../../../Engine/Content/EngineMaterials/Substrate/GLints/dict_16_192_64_0p5_0p02_0061_0003.uasset" 4868
"../../../Engine/Content/EngineMaterials/Substrate/GLints/dict_16_192_64_0p5_0p02_0061_0002.uasset" 4869
"../../../Engine/Content/EngineMaterials/Substrate/GLints/dict_16_192_64_0p5_0p02_0061_0001.uasset" 4870
"../../../Engine/Content/EngineMaterials/Substrate/GLints/dict_16_192_64_0p5_0p02_0061_0000.uasset" 4871
"../../../Engine/Content/EngineMaterials/Substrate/GLints/dict_16_192_64_0p5_0p02_0060_0015.uasset" 4872
"../../../Engine/Content/EngineMaterials/Substrate/GLints/dict_16_192_64_0p5_0p02_0060_0013.uasset" 4873
"../../../Engine/Content/EngineMaterials/Substrate/GLints/dict_16_192_64_0p5_0p02_0060_0014.uasset" 4874
"../../../Engine/Content/EngineMaterials/Substrate/GLints/dict_16_192_64_0p5_0p02_0060_0012.uasset" 4875
"../../../Engine/Content/EngineMaterials/Substrate/GLints/dict_16_192_64_0p5_0p02_0060_0011.uasset" 4876
"/Engine/EngineMaterials/Substrate/GLints/dict_16_192_64_0p5_0p02_0062_0002" 4877
"/Engine/EngineMaterials/Substrate/GLints/dict_16_192_64_0p5_0p02_0062_0003" 4878
"/Engine/EngineMaterials/Substrate/GLints/dict_16_192_64_0p5_0p02_0062_0004" 4879
"/Engine/EngineMaterials/Substrate/GLints/dict_16_192_64_0p5_0p02_0062_0005" 4880
"/Engine/EngineMaterials/Substrate/GLints/dict_16_192_64_0p5_0p02_0062_0006" 4881
"/Engine/EngineMaterials/Substrate/GLints/dict_16_192_64_0p5_0p02_0062_0007" 4882
"/Engine/EngineMaterials/Substrate/GLints/dict_16_192_64_0p5_0p02_0062_0008" 4883
"/Engine/EngineMaterials/Substrate/GLints/dict_16_192_64_0p5_0p02_0062_0009" 4884
"/Engine/EngineMaterials/Substrate/GLints/dict_16_192_64_0p5_0p02_0062_0010" 4885
"../../../Engine/Plugins/Animation/DeformerGraph/Shaders/Private/DataInterfaceCustomComputeKernel.ush" 4886
"../../../Engine/Plugins/Animation/DeformerGraph/Shaders/Private/DataInterfaceCloth.ush" 4887
"../../../Engine/Plugins/Animation/DeformerGraph/Shaders/Private/DataInterfaceSkinnedMeshRead.ush" 4888
"../../../Engine/Plugins/Animation/DeformerGraph/Shaders/Private/DataInterfaceSkeleton.ush" 4889
"../../../Engine/Plugins/Animation/DeformerGraph/Shaders/Private/DataInterfaceSkeletonCommon.ush" 4890
"../../../Engine/Plugins/Animation/DeformerGraph/Shaders/Private/DataInterfaceMorphTarget.ush" 4891
"../../../Engine/Plugins/Animation/DeformerGraph/Shaders/Private/DataInterfaceSkinnedMeshWrite.ush" 4892
"../../../Engine/Content/EngineMaterials/Substrate/GLints/dict_16_192_64_0p5_0p02_0060_0010.uasset" 4893
"../../../Engine/Content/EngineMaterials/Substrate/GLints/dict_16_192_64_0p5_0p02_0060_0009.uasset" 4894
"../../../Engine/Content/EngineMaterials/Substrate/GLints/dict_16_192_64_0p5_0p02_0060_0008.uasset" 4895
"../../../Engine/Content/EngineMaterials/Substrate/GLints/dict_16_192_64_0p5_0p02_0060_0007.uasset" 4896
"../../../Engine/Content/EngineMaterials/Substrate/GLints/dict_16_192_64_0p5_0p02_0060_0006.uasset" 4897
"../../../Engine/Content/EngineMaterials/Substrate/GLints/dict_16_192_64_0p5_0p02_0060_0005.uasset" 4898
"../../../Engine/Content/EngineMaterials/Substrate/GLints/dict_16_192_64_0p5_0p02_0060_0004.uasset" 4899
"../../../Engine/Content/EngineMaterials/Substrate/GLints/dict_16_192_64_0p5_0p02_0060_0003.uasset" 4900
"../../../Engine/Content/EngineMaterials/Substrate/GLints/dict_16_192_64_0p5_0p02_0060_0002.uasset" 4901
"../../../Engine/Plugins/Animation/DeformerGraph/Shaders/Private/DataInterfaceRawBuffer.ush" 4902
"../../../Engine/Plugins/Runtime/ComputeFramework/Shaders/Private/BufferAlias.ush" 4903
"../../../Engine/Plugins/Animation/DeformerGraph/Shaders/Private/DataInterfaceSkinnedMesh.ush" 4904
"../../../Engine/Plugins/Animation/DeformerGraph/Shaders/Private/DataInterfaceHalfEdge.ush" 4905
"/Engine/EngineMaterials/Substrate/GLints/dict_16_192_64_0p5_0p02_0060_0011" 4906
"/Engine/EngineMaterials/Substrate/GLints/dict_16_192_64_0p5_0p02_0060_0012" 4907
"/Engine/EngineMaterials/Substrate/GLints/dict_16_192_64_0p5_0p02_0060_0013" 4908
"/Engine/EngineMaterials/Substrate/GLints/dict_16_192_64_0p5_0p02_0060_0014" 4909
"/Engine/EngineMaterials/Substrate/GLints/dict_16_192_64_0p5_0p02_0060_0015" 4910
"/Engine/EngineMaterials/Substrate/GLints/dict_16_192_64_0p5_0p02_0061_0000" 4911
"/Engine/EngineMaterials/Substrate/GLints/dict_16_192_64_0p5_0p02_0061_0001" 4912
"/Engine/EngineMaterials/Substrate/GLints/dict_16_192_64_0p5_0p02_0061_0002" 4913
"/Engine/EngineMaterials/Substrate/GLints/dict_16_192_64_0p5_0p02_0061_0003" 4914
"/Engine/EngineMaterials/Substrate/GLints/dict_16_192_64_0p5_0p02_0061_0004" 4915
"/Engine/EngineMaterials/Substrate/GLints/dict_16_192_64_0p5_0p02_0061_0005" 4916
"/Engine/EngineMaterials/Substrate/GLints/dict_16_192_64_0p5_0p02_0061_0006" 4917
"/Engine/EngineMaterials/Substrate/GLints/dict_16_192_64_0p5_0p02_0061_0007" 4918
"/Engine/EngineMaterials/Substrate/GLints/dict_16_192_64_0p5_0p02_0061_0008" 4919
"/Engine/EngineMaterials/Substrate/GLints/dict_16_192_64_0p5_0p02_0061_0009" 4920
"/Engine/EngineMaterials/Substrate/GLints/dict_16_192_64_0p5_0p02_0061_0010" 4921
"/Engine/EngineMaterials/Substrate/GLints/dict_16_192_64_0p5_0p02_0061_0011" 4922
"/Engine/EngineMaterials/Substrate/GLints/dict_16_192_64_0p5_0p02_0061_0012" 4923
"/Engine/EngineMaterials/Substrate/GLints/dict_16_192_64_0p5_0p02_0061_0013" 4924
"/Engine/EngineMaterials/Substrate/GLints/dict_16_192_64_0p5_0p02_0061_0014" 4925
"/Engine/EngineMaterials/Substrate/GLints/dict_16_192_64_0p5_0p02_0061_0015" 4926
"/Engine/EngineMaterials/Substrate/GLints/dict_16_192_64_0p5_0p02_0062_0000" 4927
"/Engine/EngineMaterials/Substrate/GLints/dict_16_192_64_0p5_0p02_0062_0001" 4928
"/Engine/EngineMaterials/Substrate/GLints/dict_16_192_64_0p5_0p02_0060_0002" 4929
"/Engine/EngineMaterials/Substrate/GLints/dict_16_192_64_0p5_0p02_0060_0003" 4930
"/Engine/EngineMaterials/Substrate/GLints/dict_16_192_64_0p5_0p02_0060_0004" 4931
"/Engine/EngineMaterials/Substrate/GLints/dict_16_192_64_0p5_0p02_0060_0005" 4932
"/Engine/EngineMaterials/Substrate/GLints/dict_16_192_64_0p5_0p02_0060_0006" 4933
"/Engine/EngineMaterials/Substrate/GLints/dict_16_192_64_0p5_0p02_0060_0007" 4934
"/Engine/EngineMaterials/Substrate/GLints/dict_16_192_64_0p5_0p02_0060_0008" 4935
"/Engine/EngineMaterials/Substrate/GLints/dict_16_192_64_0p5_0p02_0060_0009" 4936
"/Engine/EngineMaterials/Substrate/GLints/dict_16_192_64_0p5_0p02_0060_0010" 4937
"../../../Engine/Content/EngineMaterials/Substrate/GLints/dict_16_192_64_0p5_0p02_0060_0001.uasset" 4938
"../../../Engine/Content/EngineMaterials/Substrate/GLints/dict_16_192_64_0p5_0p02_0060_0000.uasset" 4939
"../../../Engine/Content/EngineMaterials/Substrate/GLints/dict_16_192_64_0p5_0p02_0059_0015.uasset" 4940
"../../../Engine/Content/EngineMaterials/Substrate/GLints/dict_16_192_64_0p5_0p02_0059_0014.uasset" 4941
"../../../Engine/Content/EngineMaterials/Substrate/GLints/dict_16_192_64_0p5_0p02_0059_0013.uasset" 4942
"../../../Engine/Content/EngineMaterials/Substrate/GLints/dict_16_192_64_0p5_0p02_0059_0012.uasset" 4943
"../../../Engine/Content/EngineMaterials/Substrate/GLints/dict_16_192_64_0p5_0p02_0059_0010.uasset" 4944
"../../../Engine/Content/EngineMaterials/Substrate/GLints/dict_16_192_64_0p5_0p02_0059_0009.uasset" 4945
"../../../Engine/Content/EngineMaterials/Substrate/GLints/dict_16_192_64_0p5_0p02_0059_0008.uasset" 4946
"../../../Engine/Content/EngineMaterials/Substrate/GLints/dict_16_192_64_0p5_0p02_0059_0011.uasset" 4947
"../../../Engine/Content/EngineMaterials/Substrate/GLints/dict_16_192_64_0p5_0p02_0059_0007.uasset" 4948
"../../../Engine/Content/EngineMaterials/Substrate/GLints/dict_16_192_64_0p5_0p02_0059_0006.uasset" 4949
"../../../Engine/Content/EngineMaterials/Substrate/GLints/dict_16_192_64_0p5_0p02_0059_0005.uasset" 4950
"../../../Engine/Content/EngineMaterials/Substrate/GLints/dict_16_192_64_0p5_0p02_0059_0004.uasset" 4951
"../../../Engine/Content/EngineMaterials/Substrate/GLints/dict_16_192_64_0p5_0p02_0059_0003.uasset" 4952
"../../../Engine/Content/EngineMaterials/Substrate/GLints/dict_16_192_64_0p5_0p02_0059_0002.uasset" 4953
"../../../Engine/Content/EngineMaterials/Substrate/GLints/dict_16_192_64_0p5_0p02_0059_0001.uasset" 4954
"../../../Engine/Content/EngineMaterials/Substrate/GLints/dict_16_192_64_0p5_0p02_0059_0000.uasset" 4955
"../../../Engine/Content/EngineMaterials/Substrate/GLints/dict_16_192_64_0p5_0p02_0058_0014.uasset" 4956
"../../../Engine/Content/EngineMaterials/Substrate/GLints/dict_16_192_64_0p5_0p02_0058_0015.uasset" 4957
"../../../Engine/Content/EngineMaterials/Substrate/GLints/dict_16_192_64_0p5_0p02_0058_0013.uasset" 4958
"../../../Engine/Content/EngineMaterials/Substrate/GLints/dict_16_192_64_0p5_0p02_0058_0012.uasset" 4959
"../../../Engine/Content/EngineMaterials/Substrate/GLints/dict_16_192_64_0p5_0p02_0058_0011.uasset" 4960
"../../../Engine/Content/EngineMaterials/Substrate/GLints/dict_16_192_64_0p5_0p02_0058_0010.uasset" 4961
"../../../Engine/Content/EngineMaterials/Substrate/GLints/dict_16_192_64_0p5_0p02_0058_0009.uasset" 4962
"../../../Engine/Content/EngineMaterials/Substrate/GLints/dict_16_192_64_0p5_0p02_0058_0008.uasset" 4963
"../../../Engine/Content/EngineMaterials/Substrate/GLints/dict_16_192_64_0p5_0p02_0058_0007.uasset" 4964
"../../../Engine/Content/EngineMaterials/Substrate/GLints/dict_16_192_64_0p5_0p02_0058_0006.uasset" 4965
"../../../Engine/Content/EngineMaterials/Substrate/GLints/dict_16_192_64_0p5_0p02_0058_0005.uasset" 4966
"../../../Engine/Content/EngineMaterials/Substrate/GLints/dict_16_192_64_0p5_0p02_0058_0003.uasset" 4967
"../../../Engine/Content/EngineMaterials/Substrate/GLints/dict_16_192_64_0p5_0p02_0058_0002.uasset" 4968
"../../../Engine/Content/EngineMaterials/Substrate/GLints/dict_16_192_64_0p5_0p02_0058_0004.uasset" 4969
"/Engine/EngineMaterials/Substrate/GLints/dict_16_192_64_0p5_0p02_0058_0011" 4970
"/Engine/EngineMaterials/Substrate/GLints/dict_16_192_64_0p5_0p02_0058_0013" 4971
"/Engine/EngineMaterials/Substrate/GLints/dict_16_192_64_0p5_0p02_0058_0015" 4972
"/Engine/EngineMaterials/Substrate/GLints/dict_16_192_64_0p5_0p02_0059_0000" 4973
"/Engine/EngineMaterials/Substrate/GLints/dict_16_192_64_0p5_0p02_0059_0001" 4974
"/Engine/EngineMaterials/Substrate/GLints/dict_16_192_64_0p5_0p02_0059_0002" 4975
"/Engine/EngineMaterials/Substrate/GLints/dict_16_192_64_0p5_0p02_0059_0004" 4976
"/Engine/EngineMaterials/Substrate/GLints/dict_16_192_64_0p5_0p02_0059_0005" 4977
"/Engine/EngineMaterials/Substrate/GLints/dict_16_192_64_0p5_0p02_0059_0006" 4978
"/Engine/EngineMaterials/Substrate/GLints/dict_16_192_64_0p5_0p02_0059_0007" 4979
"/Engine/EngineMaterials/Substrate/GLints/dict_16_192_64_0p5_0p02_0059_0008" 4980
"/Engine/EngineMaterials/Substrate/GLints/dict_16_192_64_0p5_0p02_0059_0009" 4981
"/Engine/EngineMaterials/Substrate/GLints/dict_16_192_64_0p5_0p02_0059_0010" 4982
"/Engine/EngineMaterials/Substrate/GLints/dict_16_192_64_0p5_0p02_0059_0011" 4983
"/Engine/EngineMaterials/Substrate/GLints/dict_16_192_64_0p5_0p02_0059_0012" 4984
"/Engine/EngineMaterials/Substrate/GLints/dict_16_192_64_0p5_0p02_0059_0013" 4985
"/Engine/EngineMaterials/Substrate/GLints/dict_16_192_64_0p5_0p02_0059_0014" 4986
"/Engine/EngineMaterials/Substrate/GLints/dict_16_192_64_0p5_0p02_0059_0015" 4987
"/Engine/EngineMaterials/Substrate/GLints/dict_16_192_64_0p5_0p02_0060_0000" 4988
"/Engine/EngineMaterials/Substrate/GLints/dict_16_192_64_0p5_0p02_0060_0001" 4989
"/Engine/EngineMaterials/Substrate/GLints/dict_16_192_64_0p5_0p02_0058_0008" 4990
"/Engine/EngineMaterials/Substrate/GLints/dict_16_192_64_0p5_0p02_0058_0009" 4991
"/Engine/EngineMaterials/Substrate/GLints/dict_16_192_64_0p5_0p02_0058_0010" 4992
"../../../Engine/Content/EngineMaterials/Substrate/GLints/dict_16_192_64_0p5_0p02_0058_0001.uasset" 4993
"../../../Engine/Content/EngineMaterials/Substrate/GLints/dict_16_192_64_0p5_0p02_0058_0000.uasset" 4994
"../../../Engine/Content/EngineMaterials/Substrate/GLints/dict_16_192_64_0p5_0p02_0057_0015.uasset" 4995
"../../../Engine/Content/EngineMaterials/Substrate/GLints/dict_16_192_64_0p5_0p02_0057_0014.uasset" 4996
"../../../Engine/Content/EngineMaterials/Substrate/GLints/dict_16_192_64_0p5_0p02_0057_0013.uasset" 4997
"../../../Engine/Content/EngineMaterials/Substrate/GLints/dict_16_192_64_0p5_0p02_0057_0011.uasset" 4998
"../../../Engine/Content/EngineMaterials/Substrate/GLints/dict_16_192_64_0p5_0p02_0057_0010.uasset" 4999
"../../../Engine/Content/EngineMaterials/Substrate/GLints/dict_16_192_64_0p5_0p02_0057_0012.uasset" 5000
"../../../Engine/Content/EngineMaterials/Substrate/GLints/dict_16_192_64_0p5_0p02_0057_0009.uasset" 5001
"../../../Engine/Content/EngineMaterials/Substrate/GLints/dict_16_192_64_0p5_0p02_0057_0008.uasset" 5002
"../../../Engine/Content/EngineMaterials/Substrate/GLints/dict_16_192_64_0p5_0p02_0057_0006.uasset" 5003
"../../../Engine/Content/EngineMaterials/Substrate/GLints/dict_16_192_64_0p5_0p02_0057_0007.uasset" 5004
"../../../Engine/Content/EngineMaterials/Substrate/GLints/dict_16_192_64_0p5_0p02_0057_0005.uasset" 5005
"../../../Engine/Content/EngineMaterials/Substrate/GLints/dict_16_192_64_0p5_0p02_0057_0003.uasset" 5006
"../../../Engine/Content/EngineMaterials/Substrate/GLints/dict_16_192_64_0p5_0p02_0057_0004.uasset" 5007
"../../../Engine/Content/EngineMaterials/Substrate/GLints/dict_16_192_64_0p5_0p02_0057_0002.uasset" 5008
"../../../Engine/Content/EngineMaterials/Substrate/GLints/dict_16_192_64_0p5_0p02_0057_0001.uasset" 5009
"../../../Engine/Content/EngineMaterials/Substrate/GLints/dict_16_192_64_0p5_0p02_0057_0000.uasset" 5010
"../../../Engine/Content/EngineMaterials/Substrate/GLints/dict_16_192_64_0p5_0p02_0056_0015.uasset" 5011
"../../../Engine/Content/EngineMaterials/Substrate/GLints/dict_16_192_64_0p5_0p02_0056_0013.uasset" 5012
"../../../Engine/Content/EngineMaterials/Substrate/GLints/dict_16_192_64_0p5_0p02_0056_0014.uasset" 5013
"../../../Engine/Content/EngineMaterials/Substrate/GLints/dict_16_192_64_0p5_0p02_0056_0012.uasset" 5014
"../../../Engine/Content/EngineMaterials/Substrate/GLints/dict_16_192_64_0p5_0p02_0056_0011.uasset" 5015
"C:/Users/rscroggin/Documents/Unreal Projects/IGS2026/RogueFirefight/DerivedDataCache/VT/TEXTURE_7C16439390E24F1F9468894FB4D4BC55_VTCHUNKC0393DE8C5B4673D99D1BECB92AA8C1F72FEB491" 5016
"C:/Users/rscroggin/Documents/Unreal Projects/IGS2026/RogueFirefight/DerivedDataCache/VT/TEXTURE_7C16439390E24F1F9468894FB4D4BC55_VTCHUNKE081B47E58E5632407BD4CD26B798894700E51DB" 5017
"C:/Users/rscroggin/Documents/Unreal Projects/IGS2026/RogueFirefight/DerivedDataCache/VT/TEXTURE_7C16439390E24F1F9468894FB4D4BC55_VTCHUNKA822EC01D3D61B83A28F063A4AA6CAF11E59828E" 5018
"/Engine/EngineMaterials/Substrate/GLints/dict_16_192_64_0p5_0p02_0058_0012" 5019
"/Engine/EngineMaterials/Substrate/GLints/dict_16_192_64_0p5_0p02_0058_0014" 5020
"/Engine/EngineMaterials/Substrate/GLints/dict_16_192_64_0p5_0p02_0059_0003" 5021
"/Engine/EngineMaterials/Substrate/GLints/dict_16_192_64_0p5_0p02_0058_0002" 5022
"/Engine/EngineMaterials/Substrate/GLints/dict_16_192_64_0p5_0p02_0058_0003" 5023
"/Engine/EngineMaterials/Substrate/GLints/dict_16_192_64_0p5_0p02_0058_0004" 5024
"/Engine/EngineMaterials/Substrate/GLints/dict_16_192_64_0p5_0p02_0058_0005" 5025
"/Engine/EngineMaterials/Substrate/GLints/dict_16_192_64_0p5_0p02_0058_0006" 5026
"/Engine/EngineMaterials/Substrate/GLints/dict_16_192_64_0p5_0p02_0058_0007" 5027
"/Engine/EngineMaterials/Substrate/GLints/dict_16_192_64_0p5_0p02_0056_0011" 5028
"../../../Engine/Content/EngineMaterials/Substrate/GLints/dict_16_192_64_0p5_0p02_0056_0010.uasset" 5029
"../../../Engine/Content/EngineMaterials/Substrate/GLints/dict_16_192_64_0p5_0p02_0056_0009.uasset" 5030
"/Engine/EngineMaterials/Substrate/GLints/dict_16_192_64_0p5_0p02_0056_0012" 5031
"/Engine/EngineMaterials/Substrate/GLints/dict_16_192_64_0p5_0p02_0056_0013" 5032
"../../../Engine/Content/EngineMaterials/Substrate/GLints/dict_16_192_64_0p5_0p02_0056_0007.uasset" 5033
"../../../Engine/Content/EngineMaterials/Substrate/GLints/dict_16_192_64_0p5_0p02_0056_0008.uasset" 5034
"../../../Engine/Content/EngineMaterials/Substrate/GLints/dict_16_192_64_0p5_0p02_0056_0006.uasset" 5035
"/Engine/EngineMaterials/Substrate/GLints/dict_16_192_64_0p5_0p02_0056_0014" 5036
"../../../Engine/Content/EngineMaterials/Substrate/GLints/dict_16_192_64_0p5_0p02_0056_0005.uasset" 5037
"../../../Engine/Content/EngineMaterials/Substrate/GLints/dict_16_192_64_0p5_0p02_0056_0004.uasset" 5038
"../../../Engine/Content/EngineMaterials/Substrate/GLints/dict_16_192_64_0p5_0p02_0056_0003.uasset" 5039
"/Engine/EngineMaterials/Substrate/GLints/dict_16_192_64_0p5_0p02_0056_0015" 5040
"../../../Engine/Content/EngineMaterials/Substrate/GLints/dict_16_192_64_0p5_0p02_0056_0002.uasset" 5041
"/Engine/EngineMaterials/Substrate/GLints/dict_16_192_64_0p5_0p02_0057_0000" 5042
"/Engine/EngineMaterials/Substrate/GLints/dict_16_192_64_0p5_0p02_0057_0001" 5043
"/Engine/EngineMaterials/Substrate/GLints/dict_16_192_64_0p5_0p02_0057_0002" 5044
"/Engine/EngineMaterials/Substrate/GLints/dict_16_192_64_0p5_0p02_0057_0003" 5045
"/Engine/EngineMaterials/Substrate/GLints/dict_16_192_64_0p5_0p02_0057_0004" 5046
"/Engine/EngineMaterials/Substrate/GLints/dict_16_192_64_0p5_0p02_0057_0005" 5047
"/Engine/EngineMaterials/Substrate/GLints/dict_16_192_64_0p5_0p02_0057_0006" 5048
"/Engine/EngineMaterials/Substrate/GLints/dict_16_192_64_0p5_0p02_0057_0007" 5049
"/Engine/EngineMaterials/Substrate/GLints/dict_16_192_64_0p5_0p02_0057_0008" 5050
"/Engine/EngineMaterials/Substrate/GLints/dict_16_192_64_0p5_0p02_0057_0009" 5051
"/Engine/EngineMaterials/Substrate/GLints/dict_16_192_64_0p5_0p02_0057_0010" 5052
"/Engine/EngineMaterials/Substrate/GLints/dict_16_192_64_0p5_0p02_0057_0011" 5053
"/Engine/EngineMaterials/Substrate/GLints/dict_16_192_64_0p5_0p02_0057_0012" 5054
"/Engine/EngineMaterials/Substrate/GLints/dict_16_192_64_0p5_0p02_0057_0013" 5055
"/Engine/EngineMaterials/Substrate/GLints/dict_16_192_64_0p5_0p02_0057_0014" 5056
"/Engine/EngineMaterials/Substrate/GLints/dict_16_192_64_0p5_0p02_0057_0015" 5057
"/Engine/EngineMaterials/Substrate/GLints/dict_16_192_64_0p5_0p02_0058_0000" 5058
"/Engine/EngineMaterials/Substrate/GLints/dict_16_192_64_0p5_0p02_0058_0001" 5059
"/Engine/EngineMaterials/Substrate/GLints/dict_16_192_64_0p5_0p02_0056_0002" 5060
"../../../Engine/Content/EngineMaterials/Substrate/GLints/dict_16_192_64_0p5_0p02_0056_0000.uasset" 5061
"../../../Engine/Content/EngineMaterials/Substrate/GLints/dict_16_192_64_0p5_0p02_0056_0001.uasset" 5062
"/Engine/EngineMaterials/Substrate/GLints/dict_16_192_64_0p5_0p02_0056_0003" 5063
"../../../Engine/Content/EngineMaterials/Substrate/GLints/dict_16_192_64_0p5_0p02_0055_0015.uasset" 5064
"/Engine/EngineMaterials/Substrate/GLints/dict_16_192_64_0p5_0p02_0056_0004" 5065
"/Engine/EngineMaterials/Substrate/GLints/dict_16_192_64_0p5_0p02_0056_0005" 5066
"../../../Engine/Content/EngineMaterials/Substrate/GLints/dict_16_192_64_0p5_0p02_0055_0014.uasset" 5067
"../../../Engine/Content/EngineMaterials/Substrate/GLints/dict_16_192_64_0p5_0p02_0055_0013.uasset" 5068
"../../../Engine/Content/EngineMaterials/Substrate/GLints/dict_16_192_64_0p5_0p02_0055_0012.uasset" 5069
"/Engine/EngineMaterials/Substrate/GLints/dict_16_192_64_0p5_0p02_0056_0006" 5070
"/Engine/EngineMaterials/Substrate/GLints/dict_16_192_64_0p5_0p02_0056_0007" 5071
"../../../Engine/Content/EngineMaterials/Substrate/GLints/dict_16_192_64_0p5_0p02_0055_0011.uasset" 5072
"../../../Engine/Content/EngineMaterials/Substrate/GLints/dict_16_192_64_0p5_0p02_0055_0010.uasset" 5073
"/Engine/EngineMaterials/Substrate/GLints/dict_16_192_64_0p5_0p02_0056_0008" 5074
"../../../Engine/Content/EngineMaterials/Substrate/GLints/dict_16_192_64_0p5_0p02_0055_0008.uasset" 5075
"../../../Engine/Content/EngineMaterials/Substrate/GLints/dict_16_192_64_0p5_0p02_0055_0009.uasset" 5076
"../../../Engine/Content/EngineMaterials/Substrate/GLints/dict_16_192_64_0p5_0p02_0055_0007.uasset" 5077
"../../../Engine/Content/EngineMaterials/Substrate/GLints/dict_16_192_64_0p5_0p02_0055_0006.uasset" 5078
"/Engine/EngineMaterials/Substrate/GLints/dict_16_192_64_0p5_0p02_0056_0009" 5079
"../../../Engine/Content/EngineMaterials/Substrate/GLints/dict_16_192_64_0p5_0p02_0055_0004.uasset" 5080
"../../../Engine/Content/EngineMaterials/Substrate/GLints/dict_16_192_64_0p5_0p02_0055_0005.uasset" 5081
"../../../Engine/Content/EngineMaterials/Substrate/GLints/dict_16_192_64_0p5_0p02_0055_0002.uasset" 5082
"../../../Engine/Content/EngineMaterials/Substrate/GLints/dict_16_192_64_0p5_0p02_0055_0003.uasset" 5083
"/Engine/EngineMaterials/Substrate/GLints/dict_16_192_64_0p5_0p02_0056_0010" 5084
"../../../Engine/Content/EngineMaterials/Substrate/GLints/dict_16_192_64_0p5_0p02_0055_0001.uasset" 5085
"../../../Engine/Content/EngineMaterials/Substrate/GLints/dict_16_192_64_0p5_0p02_0055_0000.uasset" 5086
"../../../Engine/Content/EngineMaterials/Substrate/GLints/dict_16_192_64_0p5_0p02_0054_0015.uasset" 5087
"/Engine/EngineMaterials/Substrate/GLints/dict_16_192_64_0p5_0p02_0055_0002" 5088
"../../../Engine/Content/EngineMaterials/Substrate/GLints/dict_16_192_64_0p5_0p02_0054_0014.uasset" 5089
"../../../Engine/Content/EngineMaterials/Substrate/GLints/dict_16_192_64_0p5_0p02_0054_0013.uasset" 5090
"../../../Engine/Content/EngineMaterials/Substrate/GLints/dict_16_192_64_0p5_0p02_0054_0012.uasset" 5091
"/Engine/EngineMaterials/Substrate/GLints/dict_16_192_64_0p5_0p02_0055_0003" 5092
"../../../Engine/Content/EngineMaterials/Substrate/GLints/dict_16_192_64_0p5_0p02_0054_0011.uasset" 5093
"../../../Engine/Content/EngineMaterials/Substrate/GLints/dict_16_192_64_0p5_0p02_0054_0010.uasset" 5094
"/Engine/EngineMaterials/Substrate/GLints/dict_16_192_64_0p5_0p02_0055_0004" 5095
"../../../Engine/Content/EngineMaterials/Substrate/GLints/dict_16_192_64_0p5_0p02_0054_0009.uasset" 5096
"../../../Engine/Content/EngineMaterials/Substrate/GLints/dict_16_192_64_0p5_0p02_0054_0008.uasset" 5097
"../../../Engine/Content/EngineMaterials/Substrate/GLints/dict_16_192_64_0p5_0p02_0054_0007.uasset" 5098
"/Engine/EngineMaterials/Substrate/GLints/dict_16_192_64_0p5_0p02_0055_0005" 5099
"../../../Engine/Content/EngineMaterials/Substrate/GLints/dict_16_192_64_0p5_0p02_0054_0006.uasset" 5100
"../../../Engine/Content/EngineMaterials/Substrate/GLints/dict_16_192_64_0p5_0p02_0054_0005.uasset" 5101
"../../../Engine/Content/EngineMaterials/Substrate/GLints/dict_16_192_64_0p5_0p02_0054_0004.uasset" 5102
"/Engine/EngineMaterials/Substrate/GLints/dict_16_192_64_0p5_0p02_0055_0006" 5103
"/Engine/EngineMaterials/Substrate/GLints/dict_16_192_64_0p5_0p02_0055_0007" 5104
"../../../Engine/Content/EngineMaterials/Substrate/GLints/dict_16_192_64_0p5_0p02_0054_0003.uasset" 5105
"../../../Engine/Content/EngineMaterials/Substrate/GLints/dict_16_192_64_0p5_0p02_0054_0002.uasset" 5106
"/Engine/EngineMaterials/Substrate/GLints/dict_16_192_64_0p5_0p02_0055_0008" 5107
"/Engine/EngineMaterials/Substrate/GLints/dict_16_192_64_0p5_0p02_0055_0009" 5108
"/Engine/EngineMaterials/Substrate/GLints/dict_16_192_64_0p5_0p02_0055_0010" 5109
"/Engine/EngineMaterials/Substrate/GLints/dict_16_192_64_0p5_0p02_0055_0011" 5110
"/Engine/EngineMaterials/Substrate/GLints/dict_16_192_64_0p5_0p02_0055_0012" 5111
"/Engine/EngineMaterials/Substrate/GLints/dict_16_192_64_0p5_0p02_0055_0013" 5112
"/Engine/EngineMaterials/Substrate/GLints/dict_16_192_64_0p5_0p02_0055_0014" 5113
"/Engine/EngineMaterials/Substrate/GLints/dict_16_192_64_0p5_0p02_0055_0015" 5114
"/Engine/EngineMaterials/Substrate/GLints/dict_16_192_64_0p5_0p02_0056_0000" 5115
"/Engine/EngineMaterials/Substrate/GLints/dict_16_192_64_0p5_0p02_0056_0001" 5116
"/Engine/EngineMaterials/Substrate/GLints/dict_16_192_64_0p5_0p02_0054_0011" 5117
"../../../Engine/Content/EngineMaterials/Substrate/GLints/dict_16_192_64_0p5_0p02_0054_0000.uasset" 5118
"../../../Engine/Content/EngineMaterials/Substrate/GLints/dict_16_192_64_0p5_0p02_0054_0001.uasset" 5119
"/Engine/EngineMaterials/Substrate/GLints/dict_16_192_64_0p5_0p02_0054_0002" 5120
"/Engine/EngineMaterials/Substrate/GLints/dict_16_192_64_0p5_0p02_0054_0012" 5121
"../../../Engine/Content/EngineMaterials/Substrate/GLints/dict_16_192_64_0p5_0p02_0053_0014.uasset" 5122
"/Engine/EngineMaterials/Substrate/GLints/dict_16_192_64_0p5_0p02_0054_0003" 5123
"../../../Engine/Content/EngineMaterials/Substrate/GLints/dict_16_192_64_0p5_0p02_0053_0015.uasset" 5124
"/Engine/EngineMaterials/Substrate/GLints/dict_16_192_64_0p5_0p02_0054_0013" 5125
"../../../Engine/Content/EngineMaterials/Substrate/GLints/dict_16_192_64_0p5_0p02_0053_0012.uasset" 5126
"../../../Engine/Content/EngineMaterials/Substrate/GLints/dict_16_192_64_0p5_0p02_0053_0013.uasset" 5127
"/Engine/EngineMaterials/Substrate/GLints/dict_16_192_64_0p5_0p02_0054_0014" 5128
"../../../Engine/Content/EngineMaterials/Substrate/GLints/dict_16_192_64_0p5_0p02_0053_0011.uasset" 5129
"/Engine/EngineMaterials/Substrate/GLints/dict_16_192_64_0p5_0p02_0054_0015" 5130
"../../../Engine/Content/EngineMaterials/Substrate/GLints/dict_16_192_64_0p5_0p02_0053_0010.uasset" 5131
"../../../Engine/Content/EngineMaterials/Substrate/GLints/dict_16_192_64_0p5_0p02_0053_0009.uasset" 5132
"../../../Engine/Content/EngineMaterials/Substrate/GLints/dict_16_192_64_0p5_0p02_0053_0008.uasset" 5133
"/Engine/EngineMaterials/Substrate/GLints/dict_16_192_64_0p5_0p02_0055_0000" 5134
"/Engine/EngineMaterials/Substrate/GLints/dict_16_192_64_0p5_0p02_0054_0004" 5135
"../../../Engine/Content/EngineMaterials/Substrate/GLints/dict_16_192_64_0p5_0p02_0053_0007.uasset" 5136
"../../../Engine/Content/EngineMaterials/Substrate/GLints/dict_16_192_64_0p5_0p02_0053_0006.uasset" 5137
"../../../Engine/Content/EngineMaterials/Substrate/GLints/dict_16_192_64_0p5_0p02_0053_0005.uasset" 5138
"/Engine/EngineMaterials/Substrate/GLints/dict_16_192_64_0p5_0p02_0055_0001" 5139
"../../../Engine/Content/EngineMaterials/Substrate/GLints/dict_16_192_64_0p5_0p02_0053_0004.uasset" 5140
"/Engine/EngineMaterials/Substrate/GLints/dict_16_192_64_0p5_0p02_0054_0005" 5141
"../../../Engine/Content/EngineMaterials/Substrate/GLints/dict_16_192_64_0p5_0p02_0053_0002.uasset" 5142
"../../../Engine/Content/EngineMaterials/Substrate/GLints/dict_16_192_64_0p5_0p02_0053_0003.uasset" 5143
"/Engine/EngineMaterials/Substrate/GLints/dict_16_192_64_0p5_0p02_0054_0006" 5144
"/Engine/EngineMaterials/Substrate/GLints/dict_16_192_64_0p5_0p02_0054_0007" 5145
"/Engine/EngineMaterials/Substrate/GLints/dict_16_192_64_0p5_0p02_0054_0008" 5146
"/Engine/EngineMaterials/Substrate/GLints/dict_16_192_64_0p5_0p02_0054_0009" 5147
"/Engine/EngineMaterials/Substrate/GLints/dict_16_192_64_0p5_0p02_0054_0010" 5148
"/Engine/EngineMaterials/Substrate/GLints/dict_16_192_64_0p5_0p02_0053_0002" 5149
"../../../Engine/Content/EngineMaterials/Substrate/GLints/dict_16_192_64_0p5_0p02_0053_0001.uasset" 5150
"../../../Engine/Content/EngineMaterials/Substrate/GLints/dict_16_192_64_0p5_0p02_0053_0000.uasset" 5151
"/Engine/EngineMaterials/Substrate/GLints/dict_16_192_64_0p5_0p02_0053_0003" 5152
"../../../Engine/Content/EngineMaterials/Substrate/GLints/dict_16_192_64_0p5_0p02_0052_0015.uasset" 5153
"/Engine/EngineMaterials/Substrate/GLints/dict_16_192_64_0p5_0p02_0053_0004" 5154
"../../../Engine/Content/EngineMaterials/Substrate/GLints/dict_16_192_64_0p5_0p02_0052_0014.uasset" 5155
"/Engine/EngineMaterials/Substrate/GLints/dict_16_192_64_0p5_0p02_0053_0005" 5156
"../../../Engine/Content/EngineMaterials/Substrate/GLints/dict_16_192_64_0p5_0p02_0052_0013.uasset" 5157
"../../../Engine/Content/EngineMaterials/Substrate/GLints/dict_16_192_64_0p5_0p02_0052_0012.uasset" 5158
"/Engine/EngineMaterials/Substrate/GLints/dict_16_192_64_0p5_0p02_0053_0006" 5159
"../../../Engine/Content/EngineMaterials/Substrate/GLints/dict_16_192_64_0p5_0p02_0052_0011.uasset" 5160
"/Engine/EngineMaterials/Substrate/GLints/dict_16_192_64_0p5_0p02_0053_0007" 5161
"../../../Engine/Content/EngineMaterials/Substrate/GLints/dict_16_192_64_0p5_0p02_0052_0010.uasset" 5162
"../../../Engine/Content/EngineMaterials/Substrate/GLints/dict_16_192_64_0p5_0p02_0052_0009.uasset" 5163
"/Engine/EngineMaterials/Substrate/GLints/dict_16_192_64_0p5_0p02_0053_0008" 5164
"/Engine/EngineMaterials/Substrate/GLints/dict_16_192_64_0p5_0p02_0053_0009" 5165
"../../../Engine/Content/EngineMaterials/Substrate/GLints/dict_16_192_64_0p5_0p02_0052_0008.uasset" 5166
"/Engine/EngineMaterials/Substrate/GLints/dict_16_192_64_0p5_0p02_0053_0010" 5167
"/Engine/EngineMaterials/Substrate/GLints/dict_16_192_64_0p5_0p02_0053_0011" 5168
"../../../Engine/Content/EngineMaterials/Substrate/GLints/dict_16_192_64_0p5_0p02_0052_0007.uasset" 5169
"../../../Engine/Content/EngineMaterials/Substrate/GLints/dict_16_192_64_0p5_0p02_0052_0006.uasset" 5170
"../../../Engine/Content/EngineMaterials/Substrate/GLints/dict_16_192_64_0p5_0p02_0052_0005.uasset" 5171
"/Engine/EngineMaterials/Substrate/GLints/dict_16_192_64_0p5_0p02_0053_0012" 5172
"../../../Engine/Content/EngineMaterials/Substrate/GLints/dict_16_192_64_0p5_0p02_0052_0004.uasset" 5173
"/Engine/EngineMaterials/Substrate/GLints/dict_16_192_64_0p5_0p02_0053_0013" 5174
"../../../Engine/Content/EngineMaterials/Substrate/GLints/dict_16_192_64_0p5_0p02_0052_0003.uasset" 5175
"../../../Engine/Content/EngineMaterials/Substrate/GLints/dict_16_192_64_0p5_0p02_0052_0002.uasset" 5176
"/Engine/EngineMaterials/Substrate/GLints/dict_16_192_64_0p5_0p02_0053_0014" 5177
"/Engine/EngineMaterials/Substrate/GLints/dict_16_192_64_0p5_0p02_0053_0015" 5178
"/Engine/EngineMaterials/Substrate/GLints/dict_16_192_64_0p5_0p02_0054_0000" 5179
"/Engine/EngineMaterials/Substrate/GLints/dict_16_192_64_0p5_0p02_0054_0001" 5180
"/Engine/EngineMaterials/Substrate/GLints/dict_16_192_64_0p5_0p02_0052_0002" 5181
"../../../Engine/Content/EngineMaterials/Substrate/GLints/dict_16_192_64_0p5_0p02_0052_0000.uasset" 5182
"../../../Engine/Content/EngineMaterials/Substrate/GLints/dict_16_192_64_0p5_0p02_0052_0001.uasset" 5183
"/Engine/EngineMaterials/Substrate/GLints/dict_16_192_64_0p5_0p02_0052_0003" 5184
"/Engine/EngineMaterials/Substrate/GLints/dict_16_192_64_0p5_0p02_0052_0004" 5185
"../../../Engine/Content/EngineMaterials/Substrate/GLints/dict_16_192_64_0p5_0p02_0051_0015.uasset" 5186
"/Engine/EngineMaterials/Substrate/GLints/dict_16_192_64_0p5_0p02_0052_0005" 5187
"../../../Engine/Content/EngineMaterials/Substrate/GLints/dict_16_192_64_0p5_0p02_0051_0014.uasset" 5188
"../../../Engine/Content/EngineMaterials/Substrate/GLints/dict_16_192_64_0p5_0p02_0051_0013.uasset" 5189
"/Engine/EngineMaterials/Substrate/GLints/dict_16_192_64_0p5_0p02_0052_0006" 5190
"../../../Engine/Content/EngineMaterials/Substrate/GLints/dict_16_192_64_0p5_0p02_0051_0012.uasset" 5191
"../../../Engine/Content/EngineMaterials/Substrate/GLints/dict_16_192_64_0p5_0p02_0051_0011.uasset" 5192
"/Engine/EngineMaterials/Substrate/GLints/dict_16_192_64_0p5_0p02_0052_0007" 5193
"../../../Engine/Content/EngineMaterials/Substrate/GLints/dict_16_192_64_0p5_0p02_0051_0010.uasset" 5194
"../../../Engine/Content/EngineMaterials/Substrate/GLints/dict_16_192_64_0p5_0p02_0051_0009.uasset" 5195
"/Engine/EngineMaterials/Substrate/GLints/dict_16_192_64_0p5_0p02_0052_0008" 5196
"../../../Engine/Content/EngineMaterials/Substrate/GLints/dict_16_192_64_0p5_0p02_0051_0008.uasset" 5197
"../../../Engine/Content/EngineMaterials/Substrate/GLints/dict_16_192_64_0p5_0p02_0051_0007.uasset" 5198
"../../../Engine/Content/EngineMaterials/Substrate/GLints/dict_16_192_64_0p5_0p02_0051_0006.uasset" 5199
"../../../Engine/Content/EngineMaterials/Substrate/GLints/dict_16_192_64_0p5_0p02_0051_0005.uasset" 5200
"/Engine/EngineMaterials/Substrate/GLints/dict_16_192_64_0p5_0p02_0052_0009" 5201
"../../../Engine/Content/EngineMaterials/Substrate/GLints/dict_16_192_64_0p5_0p02_0051_0004.uasset" 5202
"../../../Engine/Content/EngineMaterials/Substrate/GLints/dict_16_192_64_0p5_0p02_0051_0003.uasset" 5203
"../../../Engine/Content/EngineMaterials/Substrate/GLints/dict_16_192_64_0p5_0p02_0051_0002.uasset" 5204
"/Engine/EngineMaterials/Substrate/GLints/dict_16_192_64_0p5_0p02_0052_0010" 5205
"/Engine/EngineMaterials/Substrate/GLints/dict_16_192_64_0p5_0p02_0052_0011" 5206
"/Engine/EngineMaterials/Substrate/GLints/dict_16_192_64_0p5_0p02_0052_0012" 5207
"/Engine/EngineMaterials/Substrate/GLints/dict_16_192_64_0p5_0p02_0052_0013" 5208
"/Engine/EngineMaterials/Substrate/GLints/dict_16_192_64_0p5_0p02_0052_0014" 5209
"/Engine/EngineMaterials/Substrate/GLints/dict_16_192_64_0p5_0p02_0052_0015" 5210
"/Engine/EngineMaterials/Substrate/GLints/dict_16_192_64_0p5_0p02_0053_0000" 5211
"/Engine/EngineMaterials/Substrate/GLints/dict_16_192_64_0p5_0p02_0053_0001" 5212
"/Engine/EngineMaterials/Substrate/GLints/dict_16_192_64_0p5_0p02_0051_0002" 5213
"../../../Engine/Content/EngineMaterials/Substrate/GLints/dict_16_192_64_0p5_0p02_0051_0000.uasset" 5214
"../../../Engine/Content/EngineMaterials/Substrate/GLints/dict_16_192_64_0p5_0p02_0051_0001.uasset" 5215
"/Engine/EngineMaterials/Substrate/GLints/dict_16_192_64_0p5_0p02_0051_0003" 5216
"/Engine/EngineMaterials/Substrate/GLints/dict_16_192_64_0p5_0p02_0051_0004" 5217
"../../../Engine/Content/EngineMaterials/Substrate/GLints/dict_16_192_64_0p5_0p02_0050_0015.uasset" 5218
"../../../Engine/Content/EngineMaterials/Substrate/GLints/dict_16_192_64_0p5_0p02_0050_0014.uasset" 5219
"/Engine/EngineMaterials/Substrate/GLints/dict_16_192_64_0p5_0p02_0051_0005" 5220
"/Engine/EngineMaterials/Substrate/GLints/dict_16_192_64_0p5_0p02_0051_0006" 5221
"../../../Engine/Content/EngineMaterials/Substrate/GLints/dict_16_192_64_0p5_0p02_0050_0013.uasset" 5222
"../../../Engine/Content/EngineMaterials/Substrate/GLints/dict_16_192_64_0p5_0p02_0050_0012.uasset" 5223
"/Engine/EngineMaterials/Substrate/GLints/dict_16_192_64_0p5_0p02_0051_0007" 5224
"/Engine/EngineMaterials/Substrate/GLints/dict_16_192_64_0p5_0p02_0051_0008" 5225
"../../../Engine/Content/EngineMaterials/Substrate/GLints/dict_16_192_64_0p5_0p02_0050_0011.uasset" 5226
"../../../Engine/Content/EngineMaterials/Substrate/GLints/dict_16_192_64_0p5_0p02_0050_0010.uasset" 5227
"/Engine/EngineMaterials/Substrate/GLints/dict_16_192_64_0p5_0p02_0051_0009" 5228
"/Engine/EngineMaterials/Substrate/GLints/dict_16_192_64_0p5_0p02_0051_0010" 5229
"../../../Engine/Content/EngineMaterials/Substrate/GLints/dict_16_192_64_0p5_0p02_0050_0009.uasset" 5230
"../../../Engine/Content/EngineMaterials/Substrate/GLints/dict_16_192_64_0p5_0p02_0050_0008.uasset" 5231
"/Engine/EngineMaterials/Substrate/GLints/dict_16_192_64_0p5_0p02_0051_0011" 5232
"../../../Engine/Content/EngineMaterials/Substrate/GLints/dict_16_192_64_0p5_0p02_0050_0007.uasset" 5233
"/Engine/EngineMaterials/Substrate/GLints/dict_16_192_64_0p5_0p02_0051_0012" 5234
"../../../Engine/Content/EngineMaterials/Substrate/GLints/dict_16_192_64_0p5_0p02_0050_0006.uasset" 5235
"/Engine/EngineMaterials/Substrate/GLints/dict_16_192_64_0p5_0p02_0051_0013" 5236
"../../../Engine/Content/EngineMaterials/Substrate/GLints/dict_16_192_64_0p5_0p02_0050_0005.uasset" 5237
"/Engine/EngineMaterials/Substrate/GLints/dict_16_192_64_0p5_0p02_0051_0014" 5238
"../../../Engine/Content/EngineMaterials/Substrate/GLints/dict_16_192_64_0p5_0p02_0050_0004.uasset" 5239
"../../../Engine/Content/EngineMaterials/Substrate/GLints/dict_16_192_64_0p5_0p02_0050_0003.uasset" 5240
"/Engine/EngineMaterials/Substrate/GLints/dict_16_192_64_0p5_0p02_0051_0015" 5241
"../../../Engine/Content/EngineMaterials/Substrate/GLints/dict_16_192_64_0p5_0p02_0050_0002.uasset" 5242
"/Engine/EngineMaterials/Substrate/GLints/dict_16_192_64_0p5_0p02_0052_0000" 5243
"/Engine/EngineMaterials/Substrate/GLints/dict_16_192_64_0p5_0p02_0052_0001" 5244
"/Engine/EngineMaterials/Substrate/GLints/dict_16_192_64_0p5_0p02_0050_0002" 5245
"../../../Engine/Content/EngineMaterials/Substrate/GLints/dict_16_192_64_0p5_0p02_0050_0001.uasset" 5246
"../../../Engine/Content/EngineMaterials/Substrate/GLints/dict_16_192_64_0p5_0p02_0050_0000.uasset" 5247
"/Engine/EngineMaterials/Substrate/GLints/dict_16_192_64_0p5_0p02_0050_0003" 5248
"/Engine/EngineMaterials/Substrate/GLints/dict_16_192_64_0p5_0p02_0050_0004" 5249
"/Engine/EngineMaterials/Substrate/GLints/dict_16_192_64_0p5_0p02_0050_0005" 5250
"../../../Engine/Content/EngineMaterials/Substrate/GLints/dict_16_192_64_0p5_0p02_0049_0015.uasset" 5251
"../../../Engine/Content/EngineMaterials/Substrate/GLints/dict_16_192_64_0p5_0p02_0049_0014.uasset" 5252
"../../../Engine/Content/EngineMaterials/Substrate/GLints/dict_16_192_64_0p5_0p02_0049_0013.uasset" 5253
"/Engine/EngineMaterials/Substrate/GLints/dict_16_192_64_0p5_0p02_0050_0006" 5254
"../../../Engine/Content/EngineMaterials/Substrate/GLints/dict_16_192_64_0p5_0p02_0049_0012.uasset" 5255
"../../../Engine/Content/EngineMaterials/Substrate/GLints/dict_16_192_64_0p5_0p02_0049_0011.uasset" 5256
"../../../Engine/Content/EngineMaterials/Substrate/GLints/dict_16_192_64_0p5_0p02_0049_0010.uasset" 5257
"/Engine/EngineMaterials/Substrate/GLints/dict_16_192_64_0p5_0p02_0050_0007" 5258
"/Engine/EngineMaterials/Substrate/GLints/dict_16_192_64_0p5_0p02_0050_0008" 5259
"../../../Engine/Content/EngineMaterials/Substrate/GLints/dict_16_192_64_0p5_0p02_0049_0009.uasset" 5260
"../../../Engine/Content/EngineMaterials/Substrate/GLints/dict_16_192_64_0p5_0p02_0049_0008.uasset" 5261
"../../../Engine/Content/EngineMaterials/Substrate/GLints/dict_16_192_64_0p5_0p02_0049_0007.uasset" 5262
"../../../Engine/Content/EngineMaterials/Substrate/GLints/dict_16_192_64_0p5_0p02_0049_0006.uasset" 5263
"/Engine/EngineMaterials/Substrate/GLints/dict_16_192_64_0p5_0p02_0050_0009" 5264
"../../../Engine/Content/EngineMaterials/Substrate/GLints/dict_16_192_64_0p5_0p02_0049_0005.uasset" 5265
"../../../Engine/Content/EngineMaterials/Substrate/GLints/dict_16_192_64_0p5_0p02_0049_0004.uasset" 5266
"/Engine/EngineMaterials/Substrate/GLints/dict_16_192_64_0p5_0p02_0050_0010" 5267
"../../../Engine/Content/EngineMaterials/Substrate/GLints/dict_16_192_64_0p5_0p02_0049_0003.uasset" 5268
"../../../Engine/Content/EngineMaterials/Substrate/GLints/dict_16_192_64_0p5_0p02_0049_0002.uasset" 5269
"/Engine/EngineMaterials/Substrate/GLints/dict_16_192_64_0p5_0p02_0050_0011" 5270
"/Engine/EngineMaterials/Substrate/GLints/dict_16_192_64_0p5_0p02_0050_0012" 5271
"/Engine/EngineMaterials/Substrate/GLints/dict_16_192_64_0p5_0p02_0050_0013" 5272
"/Engine/EngineMaterials/Substrate/GLints/dict_16_192_64_0p5_0p02_0050_0014" 5273
"/Engine/EngineMaterials/Substrate/GLints/dict_16_192_64_0p5_0p02_0050_0015" 5274
"/Engine/EngineMaterials/Substrate/GLints/dict_16_192_64_0p5_0p02_0051_0000" 5275
"/Engine/EngineMaterials/Substrate/GLints/dict_16_192_64_0p5_0p02_0051_0001" 5276
"/Engine/EngineMaterials/Substrate/GLints/dict_16_192_64_0p5_0p02_0049_0002" 5277
"../../../Engine/Content/EngineMaterials/Substrate/GLints/dict_16_192_64_0p5_0p02_0049_0001.uasset" 5278
"/Engine/EngineMaterials/Substrate/GLints/dict_16_192_64_0p5_0p02_0049_0003" 5279
"../../../Engine/Content/EngineMaterials/Substrate/GLints/dict_16_192_64_0p5_0p02_0049_0000.uasset" 5280
"../../../Engine/Content/EngineMaterials/Substrate/GLints/dict_16_192_64_0p5_0p02_0048_0015.uasset" 5281
"/Engine/EngineMaterials/Substrate/GLints/dict_16_192_64_0p5_0p02_0049_0004" 5282
"../../../Engine/Content/EngineMaterials/Substrate/GLints/dict_16_192_64_0p5_0p02_0048_0014.uasset" 5283
"../../../Engine/Content/EngineMaterials/Substrate/GLints/dict_16_192_64_0p5_0p02_0048_0013.uasset" 5284
"../../../Engine/Content/EngineMaterials/Substrate/GLints/dict_16_192_64_0p5_0p02_0048_0012.uasset" 5285
"/Engine/EngineMaterials/Substrate/GLints/dict_16_192_64_0p5_0p02_0049_0005" 5286
"../../../Engine/Content/EngineMaterials/Substrate/GLints/dict_16_192_64_0p5_0p02_0048_0011.uasset" 5287
"../../../Engine/Content/EngineMaterials/Substrate/GLints/dict_16_192_64_0p5_0p02_0048_0009.uasset" 5288
"../../../Engine/Content/EngineMaterials/Substrate/GLints/dict_16_192_64_0p5_0p02_0048_0010.uasset" 5289
"/Engine/EngineMaterials/Substrate/GLints/dict_16_192_64_0p5_0p02_0049_0006" 5290
"../../../Engine/Content/EngineMaterials/Substrate/GLints/dict_16_192_64_0p5_0p02_0048_0008.uasset" 5291
"../../../Engine/Content/EngineMaterials/Substrate/GLints/dict_16_192_64_0p5_0p02_0048_0007.uasset" 5292
"../../../Engine/Content/EngineMaterials/Substrate/GLints/dict_16_192_64_0p5_0p02_0048_0006.uasset" 5293
"/Engine/EngineMaterials/Substrate/GLints/dict_16_192_64_0p5_0p02_0049_0007" 5294
"/Engine/EngineMaterials/Substrate/GLints/dict_16_192_64_0p5_0p02_0049_0008" 5295
"../../../Engine/Content/EngineMaterials/Substrate/GLints/dict_16_192_64_0p5_0p02_0048_0005.uasset" 5296
"../../../Engine/Content/EngineMaterials/Substrate/GLints/dict_16_192_64_0p5_0p02_0048_0004.uasset" 5297
"../../../Engine/Content/EngineMaterials/Substrate/GLints/dict_16_192_64_0p5_0p02_0048_0002.uasset" 5298
"../../../Engine/Content/EngineMaterials/Substrate/GLints/dict_16_192_64_0p5_0p02_0048_0003.uasset" 5299
"/Engine/EngineMaterials/Substrate/GLints/dict_16_192_64_0p5_0p02_0049_0009" 5300
"/Engine/EngineMaterials/Substrate/GLints/dict_16_192_64_0p5_0p02_0049_0010" 5301
"/Engine/EngineMaterials/Substrate/GLints/dict_16_192_64_0p5_0p02_0049_0011" 5302
"/Engine/EngineMaterials/Substrate/GLints/dict_16_192_64_0p5_0p02_0049_0012" 5303
"/Engine/EngineMaterials/Substrate/GLints/dict_16_192_64_0p5_0p02_0049_0013" 5304
"/Engine/EngineMaterials/Substrate/GLints/dict_16_192_64_0p5_0p02_0049_0014" 5305
"/Engine/EngineMaterials/Substrate/GLints/dict_16_192_64_0p5_0p02_0049_0015" 5306
"/Engine/EngineMaterials/Substrate/GLints/dict_16_192_64_0p5_0p02_0050_0000" 5307
"/Engine/EngineMaterials/Substrate/GLints/dict_16_192_64_0p5_0p02_0050_0001" 5308
"/Engine/EngineMaterials/Substrate/GLints/dict_16_192_64_0p5_0p02_0048_0002" 5309
"../../../Engine/Content/EngineMaterials/Substrate/GLints/dict_16_192_64_0p5_0p02_0048_0000.uasset" 5310
"../../../Engine/Content/EngineMaterials/Substrate/GLints/dict_16_192_64_0p5_0p02_0048_0001.uasset" 5311
"/Engine/EngineMaterials/Substrate/GLints/dict_16_192_64_0p5_0p02_0048_0003" 5312
"../../../Engine/Content/EngineMaterials/Substrate/GLints/dict_16_192_64_0p5_0p02_0047_0014.uasset" 5313
"../../../Engine/Content/EngineMaterials/Substrate/GLints/dict_16_192_64_0p5_0p02_0047_0015.uasset" 5314
"../../../Engine/Content/EngineMaterials/Substrate/GLints/dict_16_192_64_0p5_0p02_0047_0013.uasset" 5315
"../../../Engine/Content/EngineMaterials/Substrate/GLints/dict_16_192_64_0p5_0p02_0047_0012.uasset" 5316
"/Engine/EngineMaterials/Substrate/GLints/dict_16_192_64_0p5_0p02_0048_0004" 5317
"../../../Engine/Content/EngineMaterials/Substrate/GLints/dict_16_192_64_0p5_0p02_0047_0011.uasset" 5318
"../../../Engine/Content/EngineMaterials/Substrate/GLints/dict_16_192_64_0p5_0p02_0047_0009.uasset" 5319
"../../../Engine/Content/EngineMaterials/Substrate/GLints/dict_16_192_64_0p5_0p02_0047_0010.uasset" 5320
"../../../Engine/Content/EngineMaterials/Substrate/GLints/dict_16_192_64_0p5_0p02_0047_0008.uasset" 5321
"../../../Engine/Content/EngineMaterials/Substrate/GLints/dict_16_192_64_0p5_0p02_0047_0007.uasset" 5322
"/Engine/EngineMaterials/Substrate/GLints/dict_16_192_64_0p5_0p02_0048_0005" 5323
"../../../Engine/Content/EngineMaterials/Substrate/GLints/dict_16_192_64_0p5_0p02_0047_0005.uasset" 5324
"../../../Engine/Content/EngineMaterials/Substrate/GLints/dict_16_192_64_0p5_0p02_0047_0006.uasset" 5325
"../../../Engine/Content/EngineMaterials/Substrate/GLints/dict_16_192_64_0p5_0p02_0047_0004.uasset" 5326
"../../../Engine/Content/EngineMaterials/Substrate/GLints/dict_16_192_64_0p5_0p02_0047_0003.uasset" 5327
"../../../Engine/Content/EngineMaterials/Substrate/GLints/dict_16_192_64_0p5_0p02_0047_0002.uasset" 5328
"/Engine/EngineMaterials/Substrate/GLints/dict_16_192_64_0p5_0p02_0048_0006" 5329
"/Engine/EngineMaterials/Substrate/GLints/dict_16_192_64_0p5_0p02_0048_0007" 5330
"/Engine/EngineMaterials/Substrate/GLints/dict_16_192_64_0p5_0p02_0048_0008" 5331
"/Engine/EngineMaterials/Substrate/GLints/dict_16_192_64_0p5_0p02_0048_0009" 5332
"/Engine/EngineMaterials/Substrate/GLints/dict_16_192_64_0p5_0p02_0048_0010" 5333
"/Engine/EngineMaterials/Substrate/GLints/dict_16_192_64_0p5_0p02_0048_0011" 5334
"/Engine/EngineMaterials/Substrate/GLints/dict_16_192_64_0p5_0p02_0048_0012" 5335
"/Engine/EngineMaterials/Substrate/GLints/dict_16_192_64_0p5_0p02_0048_0013" 5336
"/Engine/EngineMaterials/Substrate/GLints/dict_16_192_64_0p5_0p02_0048_0014" 5337
"/Engine/EngineMaterials/Substrate/GLints/dict_16_192_64_0p5_0p02_0048_0015" 5338
"/Engine/EngineMaterials/Substrate/GLints/dict_16_192_64_0p5_0p02_0049_0000" 5339
"/Engine/EngineMaterials/Substrate/GLints/dict_16_192_64_0p5_0p02_0049_0001" 5340
"/Engine/EngineMaterials/Substrate/GLints/dict_16_192_64_0p5_0p02_0047_0002" 5341
"../../../Engine/Content/EngineMaterials/Substrate/GLints/dict_16_192_64_0p5_0p02_0047_0001.uasset" 5342
"../../../Engine/Content/EngineMaterials/Substrate/GLints/dict_16_192_64_0p5_0p02_0046_0015.uasset" 5343
"/Engine/EngineMaterials/Substrate/GLints/dict_16_192_64_0p5_0p02_0047_0003" 5344
"../../../Engine/Content/EngineMaterials/Substrate/GLints/dict_16_192_64_0p5_0p02_0046_0014.uasset" 5345
"../../../Engine/Content/EngineMaterials/Substrate/GLints/dict_16_192_64_0p5_0p02_0047_0000.uasset" 5346
"../../../Engine/Content/EngineMaterials/Substrate/GLints/dict_16_192_64_0p5_0p02_0046_0013.uasset" 5347
"../../../Engine/Content/EngineMaterials/Substrate/GLints/dict_16_192_64_0p5_0p02_0046_0012.uasset" 5348
"/Engine/EngineMaterials/Substrate/GLints/dict_16_192_64_0p5_0p02_0047_0004" 5349
"../../../Engine/Content/EngineMaterials/Substrate/GLints/dict_16_192_64_0p5_0p02_0046_0010.uasset" 5350
"../../../Engine/Content/EngineMaterials/Substrate/GLints/dict_16_192_64_0p5_0p02_0046_0008.uasset" 5351
"../../../Engine/Content/EngineMaterials/Substrate/GLints/dict_16_192_64_0p5_0p02_0046_0011.uasset" 5352
"../../../Engine/Content/EngineMaterials/Substrate/GLints/dict_16_192_64_0p5_0p02_0046_0007.uasset" 5353
"../../../Engine/Content/EngineMaterials/Substrate/GLints/dict_16_192_64_0p5_0p02_0046_0006.uasset" 5354
"../../../Engine/Content/EngineMaterials/Substrate/GLints/dict_16_192_64_0p5_0p02_0046_0009.uasset" 5355
"/Engine/EngineMaterials/Substrate/GLints/dict_16_192_64_0p5_0p02_0047_0005" 5356
"../../../Engine/Content/EngineMaterials/Substrate/GLints/dict_16_192_64_0p5_0p02_0046_0005.uasset" 5357
"../../../Engine/Content/EngineMaterials/Substrate/GLints/dict_16_192_64_0p5_0p02_0046_0004.uasset" 5358
"../../../Engine/Content/EngineMaterials/Substrate/GLints/dict_16_192_64_0p5_0p02_0046_0003.uasset" 5359
"../../../Engine/Content/EngineMaterials/Substrate/GLints/dict_16_192_64_0p5_0p02_0046_0002.uasset" 5360
"/Engine/EngineMaterials/Substrate/GLints/dict_16_192_64_0p5_0p02_0047_0006" 5361
"/Engine/EngineMaterials/Substrate/GLints/dict_16_192_64_0p5_0p02_0047_0007" 5362
"/Engine/EngineMaterials/Substrate/GLints/dict_16_192_64_0p5_0p02_0047_0008" 5363
"/Engine/EngineMaterials/Substrate/GLints/dict_16_192_64_0p5_0p02_0047_0009" 5364
"/Engine/EngineMaterials/Substrate/GLints/dict_16_192_64_0p5_0p02_0047_0010" 5365
"/Engine/EngineMaterials/Substrate/GLints/dict_16_192_64_0p5_0p02_0047_0011" 5366
"/Engine/EngineMaterials/Substrate/GLints/dict_16_192_64_0p5_0p02_0047_0012" 5367
"/Engine/EngineMaterials/Substrate/GLints/dict_16_192_64_0p5_0p02_0047_0013" 5368
"/Engine/EngineMaterials/Substrate/GLints/dict_16_192_64_0p5_0p02_0047_0014" 5369
"/Engine/EngineMaterials/Substrate/GLints/dict_16_192_64_0p5_0p02_0047_0015" 5370
"/Engine/EngineMaterials/Substrate/GLints/dict_16_192_64_0p5_0p02_0048_0000" 5371
"/Engine/EngineMaterials/Substrate/GLints/dict_16_192_64_0p5_0p02_0048_0001" 5372
"/Engine/EngineMaterials/Substrate/GLints/dict_16_192_64_0p5_0p02_0046_0002" 5373
"../../../Engine/Content/EngineMaterials/Substrate/GLints/dict_16_192_64_0p5_0p02_0046_0001.uasset" 5374
"../../../Engine/Content/EngineMaterials/Substrate/GLints/dict_16_192_64_0p5_0p02_0046_0000.uasset" 5375
"../../../Engine/Content/EngineMaterials/Substrate/GLints/dict_16_192_64_0p5_0p02_0045_0013.uasset" 5376
"../../../Engine/Content/EngineMaterials/Substrate/GLints/dict_16_192_64_0p5_0p02_0045_0012.uasset" 5377
"../../../Engine/Content/EngineMaterials/Substrate/GLints/dict_16_192_64_0p5_0p02_0045_0011.uasset" 5378
"../../../Engine/Content/EngineMaterials/Substrate/GLints/dict_16_192_64_0p5_0p02_0045_0015.uasset" 5379
"/Engine/EngineMaterials/Substrate/GLints/dict_16_192_64_0p5_0p02_0046_0003" 5380
"../../../Engine/Content/EngineMaterials/Substrate/GLints/dict_16_192_64_0p5_0p02_0045_0010.uasset" 5381
"../../../Engine/Content/EngineMaterials/Substrate/GLints/dict_16_192_64_0p5_0p02_0045_0014.uasset" 5382
"../../../Engine/Content/EngineMaterials/Substrate/GLints/dict_16_192_64_0p5_0p02_0045_0009.uasset" 5383
"../../../Engine/Content/EngineMaterials/Substrate/GLints/dict_16_192_64_0p5_0p02_0045_0007.uasset" 5384
"../../../Engine/Content/EngineMaterials/Substrate/GLints/dict_16_192_64_0p5_0p02_0045_0006.uasset" 5385
"../../../Engine/Content/EngineMaterials/Substrate/GLints/dict_16_192_64_0p5_0p02_0045_0008.uasset" 5386
"../../../Engine/Content/EngineMaterials/Substrate/GLints/dict_16_192_64_0p5_0p02_0045_0005.uasset" 5387
"../../../Engine/Content/EngineMaterials/Substrate/GLints/dict_16_192_64_0p5_0p02_0045_0004.uasset" 5388
"/Engine/EngineMaterials/Substrate/GLints/dict_16_192_64_0p5_0p02_0046_0004" 5389
"../../../Engine/Content/EngineMaterials/Substrate/GLints/dict_16_192_64_0p5_0p02_0045_0003.uasset" 5390
"../../../Engine/Content/EngineMaterials/Substrate/GLints/dict_16_192_64_0p5_0p02_0045_0002.uasset" 5391
"/Engine/EngineMaterials/Substrate/GLints/dict_16_192_64_0p5_0p02_0046_0005" 5392
"/Engine/EngineMaterials/Substrate/GLints/dict_16_192_64_0p5_0p02_0046_0006" 5393
"/Engine/EngineMaterials/Substrate/GLints/dict_16_192_64_0p5_0p02_0046_0007" 5394
"/Engine/EngineMaterials/Substrate/GLints/dict_16_192_64_0p5_0p02_0046_0008" 5395
"/Engine/EngineMaterials/Substrate/GLints/dict_16_192_64_0p5_0p02_0046_0009" 5396
"/Engine/EngineMaterials/Substrate/GLints/dict_16_192_64_0p5_0p02_0046_0010" 5397
"/Engine/EngineMaterials/Substrate/GLints/dict_16_192_64_0p5_0p02_0046_0011" 5398
"/Engine/EngineMaterials/Substrate/GLints/dict_16_192_64_0p5_0p02_0046_0012" 5399
"/Engine/EngineMaterials/Substrate/GLints/dict_16_192_64_0p5_0p02_0046_0013" 5400
"/Engine/EngineMaterials/Substrate/GLints/dict_16_192_64_0p5_0p02_0046_0014" 5401
"/Engine/EngineMaterials/Substrate/GLints/dict_16_192_64_0p5_0p02_0046_0015" 5402
"/Engine/EngineMaterials/Substrate/GLints/dict_16_192_64_0p5_0p02_0047_0000" 5403
"/Engine/EngineMaterials/Substrate/GLints/dict_16_192_64_0p5_0p02_0047_0001" 5404
"/Engine/EngineMaterials/Substrate/GLints/dict_16_192_64_0p5_0p02_0045_0002" 5405
"../../../Engine/Content/EngineMaterials/Substrate/GLints/dict_16_192_64_0p5_0p02_0045_0001.uasset" 5406
"../../../Engine/Content/EngineMaterials/Substrate/GLints/dict_16_192_64_0p5_0p02_0045_0000.uasset" 5407
"/Engine/EngineMaterials/Substrate/GLints/dict_16_192_64_0p5_0p02_0045_0003" 5408
"/Engine/EngineMaterials/Substrate/GLints/dict_16_192_64_0p5_0p02_0045_0004" 5409
"../../../Engine/Content/EngineMaterials/Substrate/GLints/dict_16_192_64_0p5_0p02_0044_0015.uasset" 5410
"../../../Engine/Content/EngineMaterials/Substrate/GLints/dict_16_192_64_0p5_0p02_0044_0014.uasset" 5411
"/Engine/EngineMaterials/Substrate/GLints/dict_16_192_64_0p5_0p02_0045_0005" 5412
"../../../Engine/Content/EngineMaterials/Substrate/GLints/dict_16_192_64_0p5_0p02_0044_0013.uasset" 5413
"../../../Engine/Content/EngineMaterials/Substrate/GLints/dict_16_192_64_0p5_0p02_0044_0012.uasset" 5414
"/Engine/EngineMaterials/Substrate/GLints/dict_16_192_64_0p5_0p02_0045_0006" 5415
"/Engine/EngineMaterials/Substrate/GLints/dict_16_192_64_0p5_0p02_0045_0007" 5416
"../../../Engine/Content/EngineMaterials/Substrate/GLints/dict_16_192_64_0p5_0p02_0044_0010.uasset" 5417
"../../../Engine/Content/EngineMaterials/Substrate/GLints/dict_16_192_64_0p5_0p02_0044_0011.uasset" 5418
"/Engine/EngineMaterials/Substrate/GLints/dict_16_192_64_0p5_0p02_0045_0008" 5419
"../../../Engine/Content/EngineMaterials/Substrate/GLints/dict_16_192_64_0p5_0p02_0044_0009.uasset" 5420
"../../../Engine/Content/EngineMaterials/Substrate/GLints/dict_16_192_64_0p5_0p02_0044_0008.uasset" 5421
"/Engine/EngineMaterials/Substrate/GLints/dict_16_192_64_0p5_0p02_0045_0009" 5422
"/Engine/EngineMaterials/Substrate/GLints/dict_16_192_64_0p5_0p02_0045_0010" 5423
"../../../Engine/Content/EngineMaterials/Substrate/GLints/dict_16_192_64_0p5_0p02_0044_0007.uasset" 5424
"../../../Engine/Content/EngineMaterials/Substrate/GLints/dict_16_192_64_0p5_0p02_0044_0006.uasset" 5425
"/Engine/EngineMaterials/Substrate/GLints/dict_16_192_64_0p5_0p02_0045_0011" 5426
"/Engine/EngineMaterials/Substrate/GLints/dict_16_192_64_0p5_0p02_0045_0012" 5427
"../../../Engine/Content/EngineMaterials/Substrate/GLints/dict_16_192_64_0p5_0p02_0044_0004.uasset" 5428
"../../../Engine/Content/EngineMaterials/Substrate/GLints/dict_16_192_64_0p5_0p02_0044_0005.uasset" 5429
"/Engine/EngineMaterials/Substrate/GLints/dict_16_192_64_0p5_0p02_0045_0013" 5430
"../../../Engine/Content/EngineMaterials/Substrate/GLints/dict_16_192_64_0p5_0p02_0044_0003.uasset" 5431
"../../../Engine/Content/EngineMaterials/Substrate/GLints/dict_16_192_64_0p5_0p02_0044_0002.uasset" 5432
"/Engine/EngineMaterials/Substrate/GLints/dict_16_192_64_0p5_0p02_0045_0014" 5433
"/Engine/EngineMaterials/Substrate/GLints/dict_16_192_64_0p5_0p02_0045_0015" 5434
"/Engine/EngineMaterials/Substrate/GLints/dict_16_192_64_0p5_0p02_0046_0000" 5435
"/Engine/EngineMaterials/Substrate/GLints/dict_16_192_64_0p5_0p02_0046_0001" 5436
"/Engine/EngineMaterials/Substrate/GLints/dict_16_192_64_0p5_0p02_0044_0002" 5437
"../../../Engine/Content/EngineMaterials/Substrate/GLints/dict_16_192_64_0p5_0p02_0044_0001.uasset" 5438
"../../../Engine/Content/EngineMaterials/Substrate/GLints/dict_16_192_64_0p5_0p02_0044_0000.uasset" 5439
"/Engine/EngineMaterials/Substrate/GLints/dict_16_192_64_0p5_0p02_0044_0003" 5440
"/Engine/EngineMaterials/Substrate/GLints/dict_16_192_64_0p5_0p02_0044_0004" 5441
"../../../Engine/Content/EngineMaterials/Substrate/GLints/dict_16_192_64_0p5_0p02_0043_0014.uasset" 5442
"../../../Engine/Content/EngineMaterials/Substrate/GLints/dict_16_192_64_0p5_0p02_0043_0015.uasset" 5443
"/Engine/EngineMaterials/Substrate/GLints/dict_16_192_64_0p5_0p02_0044_0005" 5444
"../../../Engine/Content/EngineMaterials/Substrate/GLints/dict_16_192_64_0p5_0p02_0043_0013.uasset" 5445
"../../../Engine/Content/EngineMaterials/Substrate/GLints/dict_16_192_64_0p5_0p02_0043_0012.uasset" 5446
"/Engine/EngineMaterials/Substrate/GLints/dict_16_192_64_0p5_0p02_0044_0006" 5447
"/Engine/EngineMaterials/Substrate/GLints/dict_16_192_64_0p5_0p02_0044_0007" 5448
"../../../Engine/Content/EngineMaterials/Substrate/GLints/dict_16_192_64_0p5_0p02_0043_0011.uasset" 5449
"../../../Engine/Content/EngineMaterials/Substrate/GLints/dict_16_192_64_0p5_0p02_0043_0010.uasset" 5450
"/Engine/EngineMaterials/Substrate/GLints/dict_16_192_64_0p5_0p02_0044_0008" 5451
"../../../Engine/Content/EngineMaterials/Substrate/GLints/dict_16_192_64_0p5_0p02_0043_0009.uasset" 5452
"/Engine/EngineMaterials/Substrate/GLints/dict_16_192_64_0p5_0p02_0044_0009" 5453
"../../../Engine/Content/EngineMaterials/Substrate/GLints/dict_16_192_64_0p5_0p02_0043_0008.uasset" 5454
"/Engine/EngineMaterials/Substrate/GLints/dict_16_192_64_0p5_0p02_0044_0010" 5455
"../../../Engine/Content/EngineMaterials/Substrate/GLints/dict_16_192_64_0p5_0p02_0043_0006.uasset" 5456
"../../../Engine/Content/EngineMaterials/Substrate/GLints/dict_16_192_64_0p5_0p02_0043_0007.uasset" 5457
"/Engine/EngineMaterials/Substrate/GLints/dict_16_192_64_0p5_0p02_0044_0011" 5458
"/Engine/EngineMaterials/Substrate/GLints/dict_16_192_64_0p5_0p02_0044_0012" 5459
"../../../Engine/Content/EngineMaterials/Substrate/GLints/dict_16_192_64_0p5_0p02_0043_0004.uasset" 5460
"../../../Engine/Content/EngineMaterials/Substrate/GLints/dict_16_192_64_0p5_0p02_0043_0005.uasset" 5461
"/Engine/EngineMaterials/Substrate/GLints/dict_16_192_64_0p5_0p02_0044_0013" 5462
"/Engine/EngineMaterials/Substrate/GLints/dict_16_192_64_0p5_0p02_0044_0014" 5463
"../../../Engine/Content/EngineMaterials/Substrate/GLints/dict_16_192_64_0p5_0p02_0043_0003.uasset" 5464
"../../../Engine/Content/EngineMaterials/Substrate/GLints/dict_16_192_64_0p5_0p02_0043_0002.uasset" 5465
"/Engine/EngineMaterials/Substrate/GLints/dict_16_192_64_0p5_0p02_0044_0015" 5466
"/Engine/EngineMaterials/Substrate/GLints/dict_16_192_64_0p5_0p02_0045_0000" 5467
"/Engine/EngineMaterials/Substrate/GLints/dict_16_192_64_0p5_0p02_0045_0001" 5468
"/Engine/EngineMaterials/Substrate/GLints/dict_16_192_64_0p5_0p02_0043_0002" 5469
"../../../Engine/Content/EngineMaterials/Substrate/GLints/dict_16_192_64_0p5_0p02_0043_0001.uasset" 5470
"../../../Engine/Content/EngineMaterials/Substrate/GLints/dict_16_192_64_0p5_0p02_0043_0000.uasset" 5471
"/Engine/EngineMaterials/Substrate/GLints/dict_16_192_64_0p5_0p02_0043_0003" 5472
"/Engine/EngineMaterials/Substrate/GLints/dict_16_192_64_0p5_0p02_0043_0004" 5473
"../../../Engine/Content/EngineMaterials/Substrate/GLints/dict_16_192_64_0p5_0p02_0042_0015.uasset" 5474
"/Engine/EngineMaterials/Substrate/GLints/dict_16_192_64_0p5_0p02_0043_0005" 5475
"../../../Engine/Content/EngineMaterials/Substrate/GLints/dict_16_192_64_0p5_0p02_0042_0014.uasset" 5476
"/Engine/EngineMaterials/Substrate/GLints/dict_16_192_64_0p5_0p02_0043_0006" 5477
"/Engine/EngineMaterials/Substrate/GLints/dict_16_192_64_0p5_0p02_0043_0007" 5478
"../../../Engine/Content/EngineMaterials/Substrate/GLints/dict_16_192_64_0p5_0p02_0042_0012.uasset" 5479
"../../../Engine/Content/EngineMaterials/Substrate/GLints/dict_16_192_64_0p5_0p02_0042_0013.uasset" 5480
"/Engine/EngineMaterials/Substrate/GLints/dict_16_192_64_0p5_0p02_0043_0008" 5481
"../../../Engine/Content/EngineMaterials/Substrate/GLints/dict_16_192_64_0p5_0p02_0042_0011.uasset" 5482
"/Engine/EngineMaterials/Substrate/GLints/dict_16_192_64_0p5_0p02_0043_0009" 5483
"../../../Engine/Content/EngineMaterials/Substrate/GLints/dict_16_192_64_0p5_0p02_0042_0010.uasset" 5484
"/Engine/EngineMaterials/Substrate/GLints/dict_16_192_64_0p5_0p02_0043_0010" 5485
"../../../Engine/Content/EngineMaterials/Substrate/GLints/dict_16_192_64_0p5_0p02_0042_0009.uasset" 5486
"/Engine/EngineMaterials/Substrate/GLints/dict_16_192_64_0p5_0p02_0043_0011" 5487
"../../../Engine/Content/EngineMaterials/Substrate/GLints/dict_16_192_64_0p5_0p02_0042_0008.uasset" 5488
"/Engine/EngineMaterials/Substrate/GLints/dict_16_192_64_0p5_0p02_0043_0012" 5489
"../../../Engine/Content/EngineMaterials/Substrate/GLints/dict_16_192_64_0p5_0p02_0042_0007.uasset" 5490
"/Engine/EngineMaterials/Substrate/GLints/dict_16_192_64_0p5_0p02_0043_0013" 5491
"../../../Engine/Content/EngineMaterials/Substrate/GLints/dict_16_192_64_0p5_0p02_0042_0006.uasset" 5492
"/Engine/EngineMaterials/Substrate/GLints/dict_16_192_64_0p5_0p02_0043_0014" 5493
"../../../Engine/Content/EngineMaterials/Substrate/GLints/dict_16_192_64_0p5_0p02_0042_0005.uasset" 5494
"/Engine/EngineMaterials/Substrate/GLints/dict_16_192_64_0p5_0p02_0043_0015" 5495
"../../../Engine/Content/EngineMaterials/Substrate/GLints/dict_16_192_64_0p5_0p02_0042_0004.uasset" 5496
"/Engine/EngineMaterials/Substrate/GLints/dict_16_192_64_0p5_0p02_0044_0000" 5497
"../../../Engine/Content/EngineMaterials/Substrate/GLints/dict_16_192_64_0p5_0p02_0042_0003.uasset" 5498
"/Engine/EngineMaterials/Substrate/GLints/dict_16_192_64_0p5_0p02_0044_0001" 5499
"../../../Engine/Content/EngineMaterials/Substrate/GLints/dict_16_192_64_0p5_0p02_0042_0002.uasset" 5500
"/Engine/EngineMaterials/Substrate/GLints/dict_16_192_64_0p5_0p02_0042_0002" 5501
"../../../Engine/Content/EngineMaterials/Substrate/GLints/dict_16_192_64_0p5_0p02_0042_0000.uasset" 5502
"../../../Engine/Content/EngineMaterials/Substrate/GLints/dict_16_192_64_0p5_0p02_0042_0001.uasset" 5503
"/Engine/EngineMaterials/Substrate/GLints/dict_16_192_64_0p5_0p02_0042_0003" 5504
"../../../Engine/Content/EngineMaterials/Substrate/GLints/dict_16_192_64_0p5_0p02_0041_0015.uasset" 5505
"../../../Engine/Content/EngineMaterials/Substrate/GLints/dict_16_192_64_0p5_0p02_0041_0014.uasset" 5506
"/Engine/EngineMaterials/Substrate/GLints/dict_16_192_64_0p5_0p02_0042_0004" 5507
"/Engine/EngineMaterials/Substrate/GLints/dict_16_192_64_0p5_0p02_0042_0005" 5508
"/Engine/EngineMaterials/Substrate/GLints/dict_16_192_64_0p5_0p02_0042_0006" 5509
"../../../Engine/Content/EngineMaterials/Substrate/GLints/dict_16_192_64_0p5_0p02_0041_0013.uasset" 5510
"../../../Engine/Content/EngineMaterials/Substrate/GLints/dict_16_192_64_0p5_0p02_0041_0012.uasset" 5511
"/Engine/EngineMaterials/Substrate/GLints/dict_16_192_64_0p5_0p02_0042_0007" 5512
"/Engine/EngineMaterials/Substrate/GLints/dict_16_192_64_0p5_0p02_0042_0008" 5513
"../../../Engine/Content/EngineMaterials/Substrate/GLints/dict_16_192_64_0p5_0p02_0041_0011.uasset" 5514
"../../../Engine/Content/EngineMaterials/Substrate/GLints/dict_16_192_64_0p5_0p02_0041_0010.uasset" 5515
"/Engine/EngineMaterials/Substrate/GLints/dict_16_192_64_0p5_0p02_0042_0009" 5516
"/Engine/EngineMaterials/Substrate/GLints/dict_16_192_64_0p5_0p02_0042_0010" 5517
"../../../Engine/Content/EngineMaterials/Substrate/GLints/dict_16_192_64_0p5_0p02_0041_0008.uasset" 5518
"../../../Engine/Content/EngineMaterials/Substrate/GLints/dict_16_192_64_0p5_0p02_0041_0009.uasset" 5519
"/Engine/EngineMaterials/Substrate/GLints/dict_16_192_64_0p5_0p02_0042_0011" 5520
"/Engine/EngineMaterials/Substrate/GLints/dict_16_192_64_0p5_0p02_0042_0012" 5521
"../../../Engine/Content/EngineMaterials/Substrate/GLints/dict_16_192_64_0p5_0p02_0041_0006.uasset" 5522
"../../../Engine/Content/EngineMaterials/Substrate/GLints/dict_16_192_64_0p5_0p02_0041_0007.uasset" 5523
"/Engine/EngineMaterials/Substrate/GLints/dict_16_192_64_0p5_0p02_0042_0013" 5524
"../../../Engine/Content/EngineMaterials/Substrate/GLints/dict_16_192_64_0p5_0p02_0041_0004.uasset" 5525
"../../../Engine/Content/EngineMaterials/Substrate/GLints/dict_16_192_64_0p5_0p02_0041_0005.uasset" 5526
"/Engine/EngineMaterials/Substrate/GLints/dict_16_192_64_0p5_0p02_0042_0014" 5527
"/Engine/EngineMaterials/Substrate/GLints/dict_16_192_64_0p5_0p02_0042_0015" 5528
"../../../Engine/Content/EngineMaterials/Substrate/GLints/dict_16_192_64_0p5_0p02_0041_0002.uasset" 5529
"../../../Engine/Content/EngineMaterials/Substrate/GLints/dict_16_192_64_0p5_0p02_0041_0003.uasset" 5530
"/Engine/EngineMaterials/Substrate/GLints/dict_16_192_64_0p5_0p02_0043_0000" 5531
"/Engine/EngineMaterials/Substrate/GLints/dict_16_192_64_0p5_0p02_0043_0001" 5532
"/Engine/EngineMaterials/Substrate/GLints/dict_16_192_64_0p5_0p02_0041_0002" 5533
"../../../Engine/Content/EngineMaterials/Substrate/GLints/dict_16_192_64_0p5_0p02_0041_0001.uasset" 5534
"../../../Engine/Content/EngineMaterials/Substrate/GLints/dict_16_192_64_0p5_0p02_0041_0000.uasset" 5535
"/Engine/EngineMaterials/Substrate/GLints/dict_16_192_64_0p5_0p02_0041_0003" 5536
"../../../Engine/Content/EngineMaterials/Substrate/GLints/dict_16_192_64_0p5_0p02_0040_0015.uasset" 5537
"../../../Engine/Content/EngineMaterials/Substrate/GLints/dict_16_192_64_0p5_0p02_0040_0013.uasset" 5538
"../../../Engine/Content/EngineMaterials/Substrate/GLints/dict_16_192_64_0p5_0p02_0040_0014.uasset" 5539
"/Engine/EngineMaterials/Substrate/GLints/dict_16_192_64_0p5_0p02_0041_0004" 5540
"../../../Engine/Content/EngineMaterials/Substrate/GLints/dict_16_192_64_0p5_0p02_0040_0012.uasset" 5541
"../../../Engine/Content/EngineMaterials/Substrate/GLints/dict_16_192_64_0p5_0p02_0040_0011.uasset" 5542
"../../../Engine/Content/EngineMaterials/Substrate/GLints/dict_16_192_64_0p5_0p02_0040_0010.uasset" 5543
"/Engine/EngineMaterials/Substrate/GLints/dict_16_192_64_0p5_0p02_0041_0005" 5544
"../../../Engine/Content/EngineMaterials/Substrate/GLints/dict_16_192_64_0p5_0p02_0040_0009.uasset" 5545
"/Engine/EngineMaterials/Substrate/GLints/dict_16_192_64_0p5_0p02_0041_0006" 5546
"../../../Engine/Content/EngineMaterials/Substrate/GLints/dict_16_192_64_0p5_0p02_0040_0007.uasset" 5547
"../../../Engine/Content/EngineMaterials/Substrate/GLints/dict_16_192_64_0p5_0p02_0040_0008.uasset" 5548
"../../../Engine/Content/EngineMaterials/Substrate/GLints/dict_16_192_64_0p5_0p02_0040_0006.uasset" 5549
"/Engine/EngineMaterials/Substrate/GLints/dict_16_192_64_0p5_0p02_0041_0007" 5550
"../../../Engine/Content/EngineMaterials/Substrate/GLints/dict_16_192_64_0p5_0p02_0040_0005.uasset" 5551
"../../../Engine/Content/EngineMaterials/Substrate/GLints/dict_16_192_64_0p5_0p02_0040_0004.uasset" 5552
"../../../Engine/Content/EngineMaterials/Substrate/GLints/dict_16_192_64_0p5_0p02_0040_0003.uasset" 5553
"/Engine/EngineMaterials/Substrate/GLints/dict_16_192_64_0p5_0p02_0041_0008" 5554
"../../../Engine/Content/EngineMaterials/Substrate/GLints/dict_16_192_64_0p5_0p02_0040_0002.uasset" 5555
"/Engine/EngineMaterials/Substrate/GLints/dict_16_192_64_0p5_0p02_0041_0009" 5556
"/Engine/EngineMaterials/Substrate/GLints/dict_16_192_64_0p5_0p02_0041_0010" 5557
"/Engine/EngineMaterials/Substrate/GLints/dict_16_192_64_0p5_0p02_0041_0011" 5558
"/Engine/EngineMaterials/Substrate/GLints/dict_16_192_64_0p5_0p02_0041_0012" 5559
"/Engine/EngineMaterials/Substrate/GLints/dict_16_192_64_0p5_0p02_0041_0013" 5560
"/Engine/EngineMaterials/Substrate/GLints/dict_16_192_64_0p5_0p02_0041_0014" 5561
"/Engine/EngineMaterials/Substrate/GLints/dict_16_192_64_0p5_0p02_0041_0015" 5562
"/Engine/EngineMaterials/Substrate/GLints/dict_16_192_64_0p5_0p02_0042_0000" 5563
"/Engine/EngineMaterials/Substrate/GLints/dict_16_192_64_0p5_0p02_0042_0001" 5564
"/Engine/EngineMaterials/Substrate/GLints/dict_16_192_64_0p5_0p02_0040_0002" 5565
"../../../Engine/Content/EngineMaterials/Substrate/GLints/dict_16_192_64_0p5_0p02_0039_0015.uasset" 5566
"/Engine/EngineMaterials/Substrate/GLints/dict_16_192_64_0p5_0p02_0040_0003" 5567
"../../../Engine/Content/EngineMaterials/Substrate/GLints/dict_16_192_64_0p5_0p02_0039_0014.uasset" 5568
"../../../Engine/Content/EngineMaterials/Substrate/GLints/dict_16_192_64_0p5_0p02_0040_0000.uasset" 5569
"../../../Engine/Content/EngineMaterials/Substrate/GLints/dict_16_192_64_0p5_0p02_0040_0001.uasset" 5570
"/Engine/EngineMaterials/Substrate/GLints/dict_16_192_64_0p5_0p02_0040_0004" 5571
"../../../Engine/Content/EngineMaterials/Substrate/GLints/dict_16_192_64_0p5_0p02_0039_0013.uasset" 5572
"../../../Engine/Content/EngineMaterials/Substrate/GLints/dict_16_192_64_0p5_0p02_0039_0012.uasset" 5573
"/Engine/EngineMaterials/Substrate/GLints/dict_16_192_64_0p5_0p02_0040_0005" 5574
"../../../Engine/Content/EngineMaterials/Substrate/GLints/dict_16_192_64_0p5_0p02_0039_0010.uasset" 5575
"../../../Engine/Content/EngineMaterials/Substrate/GLints/dict_16_192_64_0p5_0p02_0039_0011.uasset" 5576
"../../../Engine/Content/EngineMaterials/Substrate/GLints/dict_16_192_64_0p5_0p02_0039_0009.uasset" 5577
"/Engine/EngineMaterials/Substrate/GLints/dict_16_192_64_0p5_0p02_0040_0006" 5578
"../../../Engine/Content/EngineMaterials/Substrate/GLints/dict_16_192_64_0p5_0p02_0039_0008.uasset" 5579
"../../../Engine/Content/EngineMaterials/Substrate/GLints/dict_16_192_64_0p5_0p02_0039_0007.uasset" 5580
"../../../Engine/Content/EngineMaterials/Substrate/GLints/dict_16_192_64_0p5_0p02_0039_0006.uasset" 5581
"/Engine/EngineMaterials/Substrate/GLints/dict_16_192_64_0p5_0p02_0040_0007" 5582
"../../../Engine/Content/EngineMaterials/Substrate/GLints/dict_16_192_64_0p5_0p02_0039_0005.uasset" 5583
"/Engine/EngineMaterials/Substrate/GLints/dict_16_192_64_0p5_0p02_0040_0008" 5584
"../../../Engine/Content/EngineMaterials/Substrate/GLints/dict_16_192_64_0p5_0p02_0039_0003.uasset" 5585
"../../../Engine/Content/EngineMaterials/Substrate/GLints/dict_16_192_64_0p5_0p02_0039_0002.uasset" 5586
"../../../Engine/Content/EngineMaterials/Substrate/GLints/dict_16_192_64_0p5_0p02_0039_0004.uasset" 5587
"/Engine/EngineMaterials/Substrate/GLints/dict_16_192_64_0p5_0p02_0040_0009" 5588
"/Engine/EngineMaterials/Substrate/GLints/dict_16_192_64_0p5_0p02_0040_0010" 5589
"/Engine/EngineMaterials/Substrate/GLints/dict_16_192_64_0p5_0p02_0040_0011" 5590
"/Engine/EngineMaterials/Substrate/GLints/dict_16_192_64_0p5_0p02_0040_0012" 5591
"/Engine/EngineMaterials/Substrate/GLints/dict_16_192_64_0p5_0p02_0040_0013" 5592
"/Engine/EngineMaterials/Substrate/GLints/dict_16_192_64_0p5_0p02_0040_0014" 5593
"/Engine/EngineMaterials/Substrate/GLints/dict_16_192_64_0p5_0p02_0040_0015" 5594
"/Engine/EngineMaterials/Substrate/GLints/dict_16_192_64_0p5_0p02_0041_0000" 5595
"/Engine/EngineMaterials/Substrate/GLints/dict_16_192_64_0p5_0p02_0041_0001" 5596
"/Engine/EngineMaterials/Substrate/GLints/dict_16_192_64_0p5_0p02_0039_0002" 5597
"../../../Engine/Content/EngineMaterials/Substrate/GLints/dict_16_192_64_0p5_0p02_0038_0015.uasset" 5598
"../../../Engine/Content/EngineMaterials/Substrate/GLints/dict_16_192_64_0p5_0p02_0039_0000.uasset" 5599
"../../../Engine/Content/EngineMaterials/Substrate/GLints/dict_16_192_64_0p5_0p02_0038_0014.uasset" 5600
"/Engine/EngineMaterials/Substrate/GLints/dict_16_192_64_0p5_0p02_0039_0003" 5601
"../../../Engine/Content/EngineMaterials/Substrate/GLints/dict_16_192_64_0p5_0p02_0039_0001.uasset" 5602
"../../../Engine/Content/EngineMaterials/Substrate/GLints/dict_16_192_64_0p5_0p02_0038_0013.uasset" 5603
"/Engine/EngineMaterials/Substrate/GLints/dict_16_192_64_0p5_0p02_0039_0004" 5604
"../../../Engine/Content/EngineMaterials/Substrate/GLints/dict_16_192_64_0p5_0p02_0038_0012.uasset" 5605
"../../../Engine/Content/EngineMaterials/Substrate/GLints/dict_16_192_64_0p5_0p02_0038_0011.uasset" 5606
"../../../Engine/Content/EngineMaterials/Substrate/GLints/dict_16_192_64_0p5_0p02_0038_0010.uasset" 5607
"/Engine/EngineMaterials/Substrate/GLints/dict_16_192_64_0p5_0p02_0039_0005" 5608
"../../../Engine/Content/EngineMaterials/Substrate/GLints/dict_16_192_64_0p5_0p02_0038_0008.uasset" 5609
"../../../Engine/Content/EngineMaterials/Substrate/GLints/dict_16_192_64_0p5_0p02_0038_0007.uasset" 5610
"../../../Engine/Content/EngineMaterials/Substrate/GLints/dict_16_192_64_0p5_0p02_0038_0009.uasset" 5611
"../../../Engine/Content/EngineMaterials/Substrate/GLints/dict_16_192_64_0p5_0p02_0038_0006.uasset" 5612
"/Engine/EngineMaterials/Substrate/GLints/dict_16_192_64_0p5_0p02_0039_0006" 5613
"../../../Engine/Content/EngineMaterials/Substrate/GLints/dict_16_192_64_0p5_0p02_0038_0003.uasset" 5614
"/Engine/EngineMaterials/Substrate/GLints/dict_16_192_64_0p5_0p02_0039_0007" 5615
"../../../Engine/Content/EngineMaterials/Substrate/GLints/dict_16_192_64_0p5_0p02_0038_0005.uasset" 5616
"../../../Engine/Content/EngineMaterials/Substrate/GLints/dict_16_192_64_0p5_0p02_0038_0002.uasset" 5617
"../../../Engine/Content/EngineMaterials/Substrate/GLints/dict_16_192_64_0p5_0p02_0038_0004.uasset" 5618
"/Engine/EngineMaterials/Substrate/GLints/dict_16_192_64_0p5_0p02_0039_0008" 5619
"/Engine/EngineMaterials/Substrate/GLints/dict_16_192_64_0p5_0p02_0039_0009" 5620
"/Engine/EngineMaterials/Substrate/GLints/dict_16_192_64_0p5_0p02_0039_0010" 5621
"/Engine/EngineMaterials/Substrate/GLints/dict_16_192_64_0p5_0p02_0039_0011" 5622
"/Engine/EngineMaterials/Substrate/GLints/dict_16_192_64_0p5_0p02_0039_0012" 5623
"/Engine/EngineMaterials/Substrate/GLints/dict_16_192_64_0p5_0p02_0039_0013" 5624
"/Engine/EngineMaterials/Substrate/GLints/dict_16_192_64_0p5_0p02_0039_0014" 5625
"/Engine/EngineMaterials/Substrate/GLints/dict_16_192_64_0p5_0p02_0039_0015" 5626
"/Engine/EngineMaterials/Substrate/GLints/dict_16_192_64_0p5_0p02_0040_0000" 5627
"/Engine/EngineMaterials/Substrate/GLints/dict_16_192_64_0p5_0p02_0040_0001" 5628
"/Engine/EngineMaterials/Substrate/GLints/dict_16_192_64_0p5_0p02_0038_0002" 5629
"../../../Engine/Content/EngineMaterials/Substrate/GLints/dict_16_192_64_0p5_0p02_0037_0015.uasset" 5630
"../../../Engine/Content/EngineMaterials/Substrate/GLints/dict_16_192_64_0p5_0p02_0038_0001.uasset" 5631
"../../../Engine/Content/EngineMaterials/Substrate/GLints/dict_16_192_64_0p5_0p02_0038_0000.uasset" 5632
"/Engine/EngineMaterials/Substrate/GLints/dict_16_192_64_0p5_0p02_0038_0003" 5633
"/Engine/EngineMaterials/Substrate/GLints/dict_16_192_64_0p5_0p02_0038_0004" 5634
"../../../Engine/Content/EngineMaterials/Substrate/GLints/dict_16_192_64_0p5_0p02_0037_0013.uasset" 5635
"/Engine/EngineMaterials/Substrate/GLints/dict_16_192_64_0p5_0p02_0038_0005" 5636
"../../../Engine/Content/EngineMaterials/Substrate/GLints/dict_16_192_64_0p5_0p02_0037_0014.uasset" 5637
"../../../Engine/Content/EngineMaterials/Substrate/GLints/dict_16_192_64_0p5_0p02_0037_0012.uasset" 5638
"/Engine/EngineMaterials/Substrate/GLints/dict_16_192_64_0p5_0p02_0038_0006" 5639
"../../../Engine/Content/EngineMaterials/Substrate/GLints/dict_16_192_64_0p5_0p02_0037_0011.uasset" 5640
"../../../Engine/Content/EngineMaterials/Substrate/GLints/dict_16_192_64_0p5_0p02_0037_0009.uasset" 5641
"/Engine/EngineMaterials/Substrate/GLints/dict_16_192_64_0p5_0p02_0038_0007" 5642
"../../../Engine/Content/EngineMaterials/Substrate/GLints/dict_16_192_64_0p5_0p02_0037_0010.uasset" 5643
"/Engine/EngineMaterials/Substrate/GLints/dict_16_192_64_0p5_0p02_0038_0008" 5644
"../../../Engine/Content/EngineMaterials/Substrate/GLints/dict_16_192_64_0p5_0p02_0037_0005.uasset" 5645
"../../../Engine/Content/EngineMaterials/Substrate/GLints/dict_16_192_64_0p5_0p02_0037_0008.uasset" 5646
"../../../Engine/Content/EngineMaterials/Substrate/GLints/dict_16_192_64_0p5_0p02_0037_0007.uasset" 5647
"../../../Engine/Content/EngineMaterials/Substrate/GLints/dict_16_192_64_0p5_0p02_0037_0006.uasset" 5648
"/Engine/EngineMaterials/Substrate/GLints/dict_16_192_64_0p5_0p02_0038_0009" 5649
"../../../Engine/Content/EngineMaterials/Substrate/GLints/dict_16_192_64_0p5_0p02_0037_0004.uasset" 5650
"../../../Engine/Content/EngineMaterials/Substrate/GLints/dict_16_192_64_0p5_0p02_0037_0003.uasset" 5651
"../../../Engine/Content/EngineMaterials/Substrate/GLints/dict_16_192_64_0p5_0p02_0037_0002.uasset" 5652
"/Engine/EngineMaterials/Substrate/GLints/dict_16_192_64_0p5_0p02_0038_0010" 5653
"/Engine/EngineMaterials/Substrate/GLints/dict_16_192_64_0p5_0p02_0038_0011" 5654
"/Engine/EngineMaterials/Substrate/GLints/dict_16_192_64_0p5_0p02_0038_0012" 5655
"/Engine/EngineMaterials/Substrate/GLints/dict_16_192_64_0p5_0p02_0038_0013" 5656
"/Engine/EngineMaterials/Substrate/GLints/dict_16_192_64_0p5_0p02_0038_0014" 5657
"/Engine/EngineMaterials/Substrate/GLints/dict_16_192_64_0p5_0p02_0038_0015" 5658
"/Engine/EngineMaterials/Substrate/GLints/dict_16_192_64_0p5_0p02_0039_0000" 5659
"/Engine/EngineMaterials/Substrate/GLints/dict_16_192_64_0p5_0p02_0039_0001" 5660
"/Engine/EngineMaterials/Substrate/GLints/dict_16_192_64_0p5_0p02_0037_0002" 5661
"../../../Engine/Content/EngineMaterials/Substrate/GLints/dict_16_192_64_0p5_0p02_0036_0015.uasset" 5662
"../../../Engine/Content/EngineMaterials/Substrate/GLints/dict_16_192_64_0p5_0p02_0037_0000.uasset" 5663
"../../../Engine/Content/EngineMaterials/Substrate/GLints/dict_16_192_64_0p5_0p02_0037_0001.uasset" 5664
"../../../Engine/Content/EngineMaterials/Substrate/GLints/dict_16_192_64_0p5_0p02_0036_0014.uasset" 5665
"/Engine/EngineMaterials/Substrate/GLints/dict_16_192_64_0p5_0p02_0037_0003" 5666
"/Engine/EngineMaterials/Substrate/GLints/dict_16_192_64_0p5_0p02_0037_0004" 5667
"/Engine/EngineMaterials/Substrate/GLints/dict_16_192_64_0p5_0p02_0037_0005" 5668
"../../../Engine/Content/EngineMaterials/Substrate/GLints/dict_16_192_64_0p5_0p02_0036_0010.uasset" 5669
"../../../Engine/Content/EngineMaterials/Substrate/GLints/dict_16_192_64_0p5_0p02_0036_0012.uasset" 5670
"../../../Engine/Content/EngineMaterials/Substrate/GLints/dict_16_192_64_0p5_0p02_0036_0011.uasset" 5671
"../../../Engine/Content/EngineMaterials/Substrate/GLints/dict_16_192_64_0p5_0p02_0036_0013.uasset" 5672
"/Engine/EngineMaterials/Substrate/GLints/dict_16_192_64_0p5_0p02_0037_0006" 5673
"/Engine/EngineMaterials/Substrate/GLints/dict_16_192_64_0p5_0p02_0037_0007" 5674
"../../../Engine/Content/EngineMaterials/Substrate/GLints/dict_16_192_64_0p5_0p02_0036_0009.uasset" 5675
"../../../Engine/Content/EngineMaterials/Substrate/GLints/dict_16_192_64_0p5_0p02_0036_0008.uasset" 5676
"../../../Engine/Content/EngineMaterials/Substrate/GLints/dict_16_192_64_0p5_0p02_0036_0006.uasset" 5677
"../../../Engine/Content/EngineMaterials/Substrate/GLints/dict_16_192_64_0p5_0p02_0036_0007.uasset" 5678
"/Engine/EngineMaterials/Substrate/GLints/dict_16_192_64_0p5_0p02_0037_0008" 5679
"../../../Engine/Content/EngineMaterials/Substrate/GLints/dict_16_192_64_0p5_0p02_0036_0005.uasset" 5680
"../../../Engine/Content/EngineMaterials/Substrate/GLints/dict_16_192_64_0p5_0p02_0036_0004.uasset" 5681
"/Engine/EngineMaterials/Substrate/GLints/dict_16_192_64_0p5_0p02_0037_0009" 5682
"../../../Engine/Content/EngineMaterials/Substrate/GLints/dict_16_192_64_0p5_0p02_0036_0003.uasset" 5683
"../../../Engine/Content/EngineMaterials/Substrate/GLints/dict_16_192_64_0p5_0p02_0036_0002.uasset" 5684
"/Engine/EngineMaterials/Substrate/GLints/dict_16_192_64_0p5_0p02_0037_0010" 5685
"/Engine/EngineMaterials/Substrate/GLints/dict_16_192_64_0p5_0p02_0037_0011" 5686
"/Engine/EngineMaterials/Substrate/GLints/dict_16_192_64_0p5_0p02_0037_0012" 5687
"/Engine/EngineMaterials/Substrate/GLints/dict_16_192_64_0p5_0p02_0037_0013" 5688
"/Engine/EngineMaterials/Substrate/GLints/dict_16_192_64_0p5_0p02_0037_0014" 5689
"/Engine/EngineMaterials/Substrate/GLints/dict_16_192_64_0p5_0p02_0037_0015" 5690
"/Engine/EngineMaterials/Substrate/GLints/dict_16_192_64_0p5_0p02_0038_0000" 5691
"/Engine/EngineMaterials/Substrate/GLints/dict_16_192_64_0p5_0p02_0038_0001" 5692
"/Engine/EngineMaterials/Substrate/GLints/dict_16_192_64_0p5_0p02_0036_0002" 5693
"../../../Engine/Content/EngineMaterials/Substrate/GLints/dict_16_192_64_0p5_0p02_0035_0014.uasset" 5694
"../../../Engine/Content/EngineMaterials/Substrate/GLints/dict_16_192_64_0p5_0p02_0035_0015.uasset" 5695
"/Engine/EngineMaterials/Substrate/GLints/dict_16_192_64_0p5_0p02_0036_0003" 5696
"../../../Engine/Content/EngineMaterials/Substrate/GLints/dict_16_192_64_0p5_0p02_0036_0000.uasset" 5697
"../../../Engine/Content/EngineMaterials/Substrate/GLints/dict_16_192_64_0p5_0p02_0036_0001.uasset" 5698
"/Engine/EngineMaterials/Substrate/GLints/dict_16_192_64_0p5_0p02_0036_0004" 5699
"../../../Engine/Content/EngineMaterials/Substrate/GLints/dict_16_192_64_0p5_0p02_0035_0013.uasset" 5700
"/Engine/EngineMaterials/Substrate/GLints/dict_16_192_64_0p5_0p02_0036_0005" 5701
"../../../Engine/Content/EngineMaterials/Substrate/GLints/dict_16_192_64_0p5_0p02_0035_0012.uasset" 5702
"../../../Engine/Content/EngineMaterials/Substrate/GLints/dict_16_192_64_0p5_0p02_0035_0011.uasset" 5703
"../../../Engine/Content/EngineMaterials/Substrate/GLints/dict_16_192_64_0p5_0p02_0035_0010.uasset" 5704
"../../../Engine/Content/EngineMaterials/Substrate/GLints/dict_16_192_64_0p5_0p02_0035_0009.uasset" 5705
"/Engine/EngineMaterials/Substrate/GLints/dict_16_192_64_0p5_0p02_0036_0006" 5706
"../../../Engine/Content/EngineMaterials/Substrate/GLints/dict_16_192_64_0p5_0p02_0035_0008.uasset" 5707
"../../../Engine/Content/EngineMaterials/Substrate/GLints/dict_16_192_64_0p5_0p02_0035_0006.uasset" 5708
"/Engine/EngineMaterials/Substrate/GLints/dict_16_192_64_0p5_0p02_0036_0007" 5709
"../../../Engine/Content/EngineMaterials/Substrate/GLints/dict_16_192_64_0p5_0p02_0035_0005.uasset" 5710
"../../../Engine/Content/EngineMaterials/Substrate/GLints/dict_16_192_64_0p5_0p02_0035_0007.uasset" 5711
"../../../Engine/Content/EngineMaterials/Substrate/GLints/dict_16_192_64_0p5_0p02_0035_0004.uasset" 5712
"/Engine/EngineMaterials/Substrate/GLints/dict_16_192_64_0p5_0p02_0036_0008" 5713
"../../../Engine/Content/EngineMaterials/Substrate/GLints/dict_16_192_64_0p5_0p02_0035_0003.uasset" 5714
"../../../Engine/Content/EngineMaterials/Substrate/GLints/dict_16_192_64_0p5_0p02_0035_0002.uasset" 5715
"/Engine/EngineMaterials/Substrate/GLints/dict_16_192_64_0p5_0p02_0036_0009" 5716
"/Engine/EngineMaterials/Substrate/GLints/dict_16_192_64_0p5_0p02_0036_0010" 5717
"/Engine/EngineMaterials/Substrate/GLints/dict_16_192_64_0p5_0p02_0036_0011" 5718
"/Engine/EngineMaterials/Substrate/GLints/dict_16_192_64_0p5_0p02_0036_0012" 5719
"/Engine/EngineMaterials/Substrate/GLints/dict_16_192_64_0p5_0p02_0036_0013" 5720
"/Engine/EngineMaterials/Substrate/GLints/dict_16_192_64_0p5_0p02_0036_0014" 5721
"/Engine/EngineMaterials/Substrate/GLints/dict_16_192_64_0p5_0p02_0036_0015" 5722
"/Engine/EngineMaterials/Substrate/GLints/dict_16_192_64_0p5_0p02_0037_0000" 5723
"/Engine/EngineMaterials/Substrate/GLints/dict_16_192_64_0p5_0p02_0037_0001" 5724
"/Engine/EngineMaterials/Substrate/GLints/dict_16_192_64_0p5_0p02_0035_0002" 5725
"../../../Engine/Content/EngineMaterials/Substrate/GLints/dict_16_192_64_0p5_0p02_0034_0013.uasset" 5726
"../../../Engine/Content/EngineMaterials/Substrate/GLints/dict_16_192_64_0p5_0p02_0034_0015.uasset" 5727
"/Engine/EngineMaterials/Substrate/GLints/dict_16_192_64_0p5_0p02_0035_0003" 5728
"../../../Engine/Content/EngineMaterials/Substrate/GLints/dict_16_192_64_0p5_0p02_0035_0000.uasset" 5729
"../../../Engine/Content/EngineMaterials/Substrate/GLints/dict_16_192_64_0p5_0p02_0035_0001.uasset" 5730
"../../../Engine/Content/EngineMaterials/Substrate/GLints/dict_16_192_64_0p5_0p02_0034_0014.uasset" 5731
"/Engine/EngineMaterials/Substrate/GLints/dict_16_192_64_0p5_0p02_0035_0004" 5732
"../../../Engine/Content/EngineMaterials/Substrate/GLints/dict_16_192_64_0p5_0p02_0034_0012.uasset" 5733
"/Engine/EngineMaterials/Substrate/GLints/dict_16_192_64_0p5_0p02_0035_0005" 5734
"../../../Engine/Content/EngineMaterials/Substrate/GLints/dict_16_192_64_0p5_0p02_0034_0011.uasset" 5735
"../../../Engine/Content/EngineMaterials/Substrate/GLints/dict_16_192_64_0p5_0p02_0034_0010.uasset" 5736
"/Engine/EngineMaterials/Substrate/GLints/dict_16_192_64_0p5_0p02_0035_0006" 5737
"../../../Engine/Content/EngineMaterials/Substrate/GLints/dict_16_192_64_0p5_0p02_0034_0008.uasset" 5738
"../../../Engine/Content/EngineMaterials/Substrate/GLints/dict_16_192_64_0p5_0p02_0034_0009.uasset" 5739
"../../../Engine/Content/EngineMaterials/Substrate/GLints/dict_16_192_64_0p5_0p02_0034_0007.uasset" 5740
"/Engine/EngineMaterials/Substrate/GLints/dict_16_192_64_0p5_0p02_0035_0007" 5741
"../../../Engine/Content/EngineMaterials/Substrate/GLints/dict_16_192_64_0p5_0p02_0034_0006.uasset" 5742
"/Engine/EngineMaterials/Substrate/GLints/dict_16_192_64_0p5_0p02_0035_0008" 5743
"../../../Engine/Content/EngineMaterials/Substrate/GLints/dict_16_192_64_0p5_0p02_0034_0004.uasset" 5744
"../../../Engine/Content/EngineMaterials/Substrate/GLints/dict_16_192_64_0p5_0p02_0034_0005.uasset" 5745
"../../../Engine/Content/EngineMaterials/Substrate/GLints/dict_16_192_64_0p5_0p02_0034_0003.uasset" 5746
"/Engine/EngineMaterials/Substrate/GLints/dict_16_192_64_0p5_0p02_0035_0009" 5747
"../../../Engine/Content/EngineMaterials/Substrate/GLints/dict_16_192_64_0p5_0p02_0034_0002.uasset" 5748
"/Engine/EngineMaterials/Substrate/GLints/dict_16_192_64_0p5_0p02_0035_0010" 5749
"/Engine/EngineMaterials/Substrate/GLints/dict_16_192_64_0p5_0p02_0035_0011" 5750
"/Engine/EngineMaterials/Substrate/GLints/dict_16_192_64_0p5_0p02_0035_0012" 5751
"/Engine/EngineMaterials/Substrate/GLints/dict_16_192_64_0p5_0p02_0035_0013" 5752
"/Engine/EngineMaterials/Substrate/GLints/dict_16_192_64_0p5_0p02_0035_0014" 5753
"/Engine/EngineMaterials/Substrate/GLints/dict_16_192_64_0p5_0p02_0035_0015" 5754
"/Engine/EngineMaterials/Substrate/GLints/dict_16_192_64_0p5_0p02_0036_0000" 5755
"/Engine/EngineMaterials/Substrate/GLints/dict_16_192_64_0p5_0p02_0036_0001" 5756
"/Engine/EngineMaterials/Substrate/GLints/dict_16_192_64_0p5_0p02_0034_0002" 5757
"../../../Engine/Content/EngineMaterials/Substrate/GLints/dict_16_192_64_0p5_0p02_0034_0001.uasset" 5758
"../../../Engine/Content/EngineMaterials/Substrate/GLints/dict_16_192_64_0p5_0p02_0034_0000.uasset" 5759
"/Engine/EngineMaterials/Substrate/GLints/dict_16_192_64_0p5_0p02_0034_0003" 5760
"/Engine/EngineMaterials/Substrate/GLints/dict_16_192_64_0p5_0p02_0034_0004" 5761
"../../../Engine/Content/EngineMaterials/Substrate/GLints/dict_16_192_64_0p5_0p02_0033_0015.uasset" 5762
"../../../Engine/Content/EngineMaterials/Substrate/GLints/dict_16_192_64_0p5_0p02_0033_0014.uasset" 5763
"/Engine/EngineMaterials/Substrate/GLints/dict_16_192_64_0p5_0p02_0034_0005" 5764
"/Engine/EngineMaterials/Substrate/GLints/dict_16_192_64_0p5_0p02_0034_0006" 5765
"../../../Engine/Content/EngineMaterials/Substrate/GLints/dict_16_192_64_0p5_0p02_0033_0013.uasset" 5766
"/Engine/EngineMaterials/Substrate/GLints/dict_16_192_64_0p5_0p02_0034_0007" 5767
"../../../Engine/Content/EngineMaterials/Substrate/GLints/dict_16_192_64_0p5_0p02_0033_0012.uasset" 5768
"/Engine/EngineMaterials/Substrate/GLints/dict_16_192_64_0p5_0p02_0034_0008" 5769
"../../../Engine/Content/EngineMaterials/Substrate/GLints/dict_16_192_64_0p5_0p02_0033_0011.uasset" 5770
"/Engine/EngineMaterials/Substrate/GLints/dict_16_192_64_0p5_0p02_0034_0009" 5771
"../../../Engine/Content/EngineMaterials/Substrate/GLints/dict_16_192_64_0p5_0p02_0033_0010.uasset" 5772
"../../../Engine/Content/EngineMaterials/Substrate/GLints/dict_16_192_64_0p5_0p02_0033_0009.uasset" 5773
"/Engine/EngineMaterials/Substrate/GLints/dict_16_192_64_0p5_0p02_0034_0010" 5774
"../../../Engine/Content/EngineMaterials/Substrate/GLints/dict_16_192_64_0p5_0p02_0033_0008.uasset" 5775
"/Engine/EngineMaterials/Substrate/GLints/dict_16_192_64_0p5_0p02_0034_0011" 5776
"../../../Engine/Content/EngineMaterials/Substrate/GLints/dict_16_192_64_0p5_0p02_0033_0007.uasset" 5777
"../../../Engine/Content/EngineMaterials/Substrate/GLints/dict_16_192_64_0p5_0p02_0033_0006.uasset" 5778
"../../../Engine/Content/EngineMaterials/Substrate/GLints/dict_16_192_64_0p5_0p02_0033_0005.uasset" 5779
"/Engine/EngineMaterials/Substrate/GLints/dict_16_192_64_0p5_0p02_0034_0012" 5780
"../../../Engine/Content/EngineMaterials/Substrate/GLints/dict_16_192_64_0p5_0p02_0033_0004.uasset" 5781
"/Engine/EngineMaterials/Substrate/GLints/dict_16_192_64_0p5_0p02_0034_0013" 5782
"../../../Engine/Content/EngineMaterials/Substrate/GLints/dict_16_192_64_0p5_0p02_0033_0003.uasset" 5783
"/Engine/EngineMaterials/Substrate/GLints/dict_16_192_64_0p5_0p02_0034_0014" 5784
"../../../Engine/Content/EngineMaterials/Substrate/GLints/dict_16_192_64_0p5_0p02_0033_0002.uasset" 5785
"/Engine/EngineMaterials/Substrate/GLints/dict_16_192_64_0p5_0p02_0034_0015" 5786
"/Engine/EngineMaterials/Substrate/GLints/dict_16_192_64_0p5_0p02_0035_0000" 5787
"/Engine/EngineMaterials/Substrate/GLints/dict_16_192_64_0p5_0p02_0035_0001" 5788
"/Engine/EngineMaterials/Substrate/GLints/dict_16_192_64_0p5_0p02_0033_0002" 5789
"../../../Engine/Content/EngineMaterials/Substrate/GLints/dict_16_192_64_0p5_0p02_0033_0001.uasset" 5790
"../../../Engine/Content/EngineMaterials/Substrate/GLints/dict_16_192_64_0p5_0p02_0033_0000.uasset" 5791
"/Engine/EngineMaterials/Substrate/GLints/dict_16_192_64_0p5_0p02_0033_0003" 5792
"/Engine/EngineMaterials/Substrate/GLints/dict_16_192_64_0p5_0p02_0033_0004" 5793
"/Engine/EngineMaterials/Substrate/GLints/dict_16_192_64_0p5_0p02_0033_0005" 5794
"../../../Engine/Content/EngineMaterials/Substrate/GLints/dict_16_192_64_0p5_0p02_0032_0014.uasset" 5795
"../../../Engine/Content/EngineMaterials/Substrate/GLints/dict_16_192_64_0p5_0p02_0032_0015.uasset" 5796
"/Engine/EngineMaterials/Substrate/GLints/dict_16_192_64_0p5_0p02_0033_0006" 5797
"/Engine/EngineMaterials/Substrate/GLints/dict_16_192_64_0p5_0p02_0033_0007" 5798
"../../../Engine/Content/EngineMaterials/Substrate/GLints/dict_16_192_64_0p5_0p02_0032_0011.uasset" 5799
"../../../Engine/Content/EngineMaterials/Substrate/GLints/dict_16_192_64_0p5_0p02_0032_0013.uasset" 5800
"../../../Engine/Content/EngineMaterials/Substrate/GLints/dict_16_192_64_0p5_0p02_0032_0012.uasset" 5801
"../../../Engine/Content/EngineMaterials/Substrate/GLints/dict_16_192_64_0p5_0p02_0032_0010.uasset" 5802
"/Engine/EngineMaterials/Substrate/GLints/dict_16_192_64_0p5_0p02_0033_0008" 5803
"/Engine/EngineMaterials/Substrate/GLints/dict_16_192_64_0p5_0p02_0033_0009" 5804
"../../../Engine/Content/EngineMaterials/Substrate/GLints/dict_16_192_64_0p5_0p02_0032_0009.uasset" 5805
"../../../Engine/Content/EngineMaterials/Substrate/GLints/dict_16_192_64_0p5_0p02_0032_0006.uasset" 5806
"../../../Engine/Content/EngineMaterials/Substrate/GLints/dict_16_192_64_0p5_0p02_0032_0008.uasset" 5807
"/Engine/EngineMaterials/Substrate/GLints/dict_16_192_64_0p5_0p02_0033_0010" 5808
"../../../Engine/Content/EngineMaterials/Substrate/GLints/dict_16_192_64_0p5_0p02_0032_0007.uasset" 5809
"/Engine/EngineMaterials/Substrate/GLints/dict_16_192_64_0p5_0p02_0033_0011" 5810
"../../../Engine/Content/EngineMaterials/Substrate/GLints/dict_16_192_64_0p5_0p02_0032_0005.uasset" 5811
"/Engine/EngineMaterials/Substrate/GLints/dict_16_192_64_0p5_0p02_0033_0012" 5812
"../../../Engine/Content/EngineMaterials/Substrate/GLints/dict_16_192_64_0p5_0p02_0032_0004.uasset" 5813
"/Engine/EngineMaterials/Substrate/GLints/dict_16_192_64_0p5_0p02_0033_0013" 5814
"../../../Engine/Content/EngineMaterials/Substrate/GLints/dict_16_192_64_0p5_0p02_0032_0003.uasset" 5815
"../../../Engine/Content/EngineMaterials/Substrate/GLints/dict_16_192_64_0p5_0p02_0032_0002.uasset" 5816
"/Engine/EngineMaterials/Substrate/GLints/dict_16_192_64_0p5_0p02_0033_0014" 5817
"/Engine/EngineMaterials/Substrate/GLints/dict_16_192_64_0p5_0p02_0033_0015" 5818
"/Engine/EngineMaterials/Substrate/GLints/dict_16_192_64_0p5_0p02_0034_0000" 5819
"/Engine/EngineMaterials/Substrate/GLints/dict_16_192_64_0p5_0p02_0034_0001" 5820
"/Engine/EngineMaterials/Substrate/GLints/dict_16_192_64_0p5_0p02_0032_0002" 5821
"../../../Engine/Content/EngineMaterials/Substrate/GLints/dict_16_192_64_0p5_0p02_0031_0013.uasset" 5822
"../../../Engine/Content/EngineMaterials/Substrate/GLints/dict_16_192_64_0p5_0p02_0031_0014.uasset" 5823
"../../../Engine/Content/EngineMaterials/Substrate/GLints/dict_16_192_64_0p5_0p02_0031_0015.uasset" 5824
"../../../Engine/Content/EngineMaterials/Substrate/GLints/dict_16_192_64_0p5_0p02_0032_0000.uasset" 5825
"../../../Engine/Content/EngineMaterials/Substrate/GLints/dict_16_192_64_0p5_0p02_0032_0001.uasset" 5826
"/Engine/EngineMaterials/Substrate/GLints/dict_16_192_64_0p5_0p02_0032_0003" 5827
"../../../Engine/Content/EngineMaterials/Substrate/GLints/dict_16_192_64_0p5_0p02_0031_0012.uasset" 5828
"/Engine/EngineMaterials/Substrate/GLints/dict_16_192_64_0p5_0p02_0032_0004" 5829
"../../../Engine/Content/EngineMaterials/Substrate/GLints/dict_16_192_64_0p5_0p02_0031_0009.uasset" 5830
"../../../Engine/Content/EngineMaterials/Substrate/GLints/dict_16_192_64_0p5_0p02_0031_0011.uasset" 5831
"../../../Engine/Content/EngineMaterials/Substrate/GLints/dict_16_192_64_0p5_0p02_0031_0008.uasset" 5832
"../../../Engine/Content/EngineMaterials/Substrate/GLints/dict_16_192_64_0p5_0p02_0031_0010.uasset" 5833
"../../../Engine/Content/EngineMaterials/Substrate/GLints/dict_16_192_64_0p5_0p02_0031_0007.uasset" 5834
"/Engine/EngineMaterials/Substrate/GLints/dict_16_192_64_0p5_0p02_0032_0005" 5835
"../../../Engine/Content/EngineMaterials/Substrate/GLints/dict_16_192_64_0p5_0p02_0031_0004.uasset" 5836
"../../../Engine/Content/EngineMaterials/Substrate/GLints/dict_16_192_64_0p5_0p02_0031_0005.uasset" 5837
"../../../Engine/Content/EngineMaterials/Substrate/GLints/dict_16_192_64_0p5_0p02_0031_0003.uasset" 5838
"../../../Engine/Content/EngineMaterials/Substrate/GLints/dict_16_192_64_0p5_0p02_0031_0006.uasset" 5839
"../../../Engine/Content/EngineMaterials/Substrate/GLints/dict_16_192_64_0p5_0p02_0031_0002.uasset" 5840
"/Engine/EngineMaterials/Substrate/GLints/dict_16_192_64_0p5_0p02_0032_0006" 5841
"/Engine/EngineMaterials/Substrate/GLints/dict_16_192_64_0p5_0p02_0032_0007" 5842
"/Engine/EngineMaterials/Substrate/GLints/dict_16_192_64_0p5_0p02_0032_0008" 5843
"/Engine/EngineMaterials/Substrate/GLints/dict_16_192_64_0p5_0p02_0032_0009" 5844
"/Engine/EngineMaterials/Substrate/GLints/dict_16_192_64_0p5_0p02_0032_0010" 5845
"/Engine/EngineMaterials/Substrate/GLints/dict_16_192_64_0p5_0p02_0032_0011" 5846
"/Engine/EngineMaterials/Substrate/GLints/dict_16_192_64_0p5_0p02_0032_0012" 5847
"/Engine/EngineMaterials/Substrate/GLints/dict_16_192_64_0p5_0p02_0032_0013" 5848
"/Engine/EngineMaterials/Substrate/GLints/dict_16_192_64_0p5_0p02_0032_0014" 5849
"/Engine/EngineMaterials/Substrate/GLints/dict_16_192_64_0p5_0p02_0032_0015" 5850
"/Engine/EngineMaterials/Substrate/GLints/dict_16_192_64_0p5_0p02_0033_0000" 5851
"/Engine/EngineMaterials/Substrate/GLints/dict_16_192_64_0p5_0p02_0033_0001" 5852
"/Engine/EngineMaterials/Substrate/GLints/dict_16_192_64_0p5_0p02_0031_0002" 5853
"../../../Engine/Content/EngineMaterials/Substrate/GLints/dict_16_192_64_0p5_0p02_0030_0015.uasset" 5854
"../../../Engine/Content/EngineMaterials/Substrate/GLints/dict_16_192_64_0p5_0p02_0031_0000.uasset" 5855
"../../../Engine/Content/EngineMaterials/Substrate/GLints/dict_16_192_64_0p5_0p02_0030_0012.uasset" 5856
"../../../Engine/Content/EngineMaterials/Substrate/GLints/dict_16_192_64_0p5_0p02_0030_0014.uasset" 5857
"../../../Engine/Content/EngineMaterials/Substrate/GLints/dict_16_192_64_0p5_0p02_0030_0013.uasset" 5858
"../../../Engine/Content/EngineMaterials/Substrate/GLints/dict_16_192_64_0p5_0p02_0031_0001.uasset" 5859
"/Engine/EngineMaterials/Substrate/GLints/dict_16_192_64_0p5_0p02_0031_0003" 5860
"/Engine/EngineMaterials/Substrate/GLints/dict_16_192_64_0p5_0p02_0031_0004" 5861
"../../../Engine/Content/EngineMaterials/Substrate/GLints/dict_16_192_64_0p5_0p02_0030_0008.uasset" 5862
"../../../Engine/Content/EngineMaterials/Substrate/GLints/dict_16_192_64_0p5_0p02_0030_0007.uasset" 5863
"../../../Engine/Content/EngineMaterials/Substrate/GLints/dict_16_192_64_0p5_0p02_0030_0011.uasset" 5864
"../../../Engine/Content/EngineMaterials/Substrate/GLints/dict_16_192_64_0p5_0p02_0030_0009.uasset" 5865
"/Engine/EngineMaterials/Substrate/GLints/dict_16_192_64_0p5_0p02_0031_0005" 5866
"../../../Engine/Content/EngineMaterials/Substrate/GLints/dict_16_192_64_0p5_0p02_0030_0006.uasset" 5867
"../../../Engine/Content/EngineMaterials/Substrate/GLints/dict_16_192_64_0p5_0p02_0030_0010.uasset" 5868
"../../../Engine/Content/EngineMaterials/Substrate/GLints/dict_16_192_64_0p5_0p02_0030_0005.uasset" 5869
"../../../Engine/Content/EngineMaterials/Substrate/GLints/dict_16_192_64_0p5_0p02_0030_0004.uasset" 5870
"/Engine/EngineMaterials/Substrate/GLints/dict_16_192_64_0p5_0p02_0031_0006" 5871
"../../../Engine/Content/EngineMaterials/Substrate/GLints/dict_16_192_64_0p5_0p02_0030_0003.uasset" 5872
"../../../Engine/Content/EngineMaterials/Substrate/GLints/dict_16_192_64_0p5_0p02_0030_0002.uasset" 5873
"/Engine/EngineMaterials/Substrate/GLints/dict_16_192_64_0p5_0p02_0031_0007" 5874
"/Engine/EngineMaterials/Substrate/GLints/dict_16_192_64_0p5_0p02_0031_0008" 5875
"/Engine/EngineMaterials/Substrate/GLints/dict_16_192_64_0p5_0p02_0031_0009" 5876
"/Engine/EngineMaterials/Substrate/GLints/dict_16_192_64_0p5_0p02_0031_0010" 5877
"/Engine/EngineMaterials/Substrate/GLints/dict_16_192_64_0p5_0p02_0031_0011" 5878
"/Engine/EngineMaterials/Substrate/GLints/dict_16_192_64_0p5_0p02_0031_0012" 5879
"/Engine/EngineMaterials/Substrate/GLints/dict_16_192_64_0p5_0p02_0031_0013" 5880
"/Engine/EngineMaterials/Substrate/GLints/dict_16_192_64_0p5_0p02_0031_0014" 5881
"/Engine/EngineMaterials/Substrate/GLints/dict_16_192_64_0p5_0p02_0031_0015" 5882
"/Engine/EngineMaterials/Substrate/GLints/dict_16_192_64_0p5_0p02_0032_0000" 5883
"/Engine/EngineMaterials/Substrate/GLints/dict_16_192_64_0p5_0p02_0032_0001" 5884
"/Engine/EngineMaterials/Substrate/GLints/dict_16_192_64_0p5_0p02_0030_0002" 5885
"../../../Engine/Content/EngineMaterials/Substrate/GLints/dict_16_192_64_0p5_0p02_0029_0013.uasset" 5886
"../../../Engine/Content/EngineMaterials/Substrate/GLints/dict_16_192_64_0p5_0p02_0029_0012.uasset" 5887
"../../../Engine/Content/EngineMaterials/Substrate/GLints/dict_16_192_64_0p5_0p02_0029_0015.uasset" 5888
"../../../Engine/Content/EngineMaterials/Substrate/GLints/dict_16_192_64_0p5_0p02_0030_0001.uasset" 5889
"/Engine/EngineMaterials/Substrate/GLints/dict_16_192_64_0p5_0p02_0030_0003" 5890
"../../../Engine/Content/EngineMaterials/Substrate/GLints/dict_16_192_64_0p5_0p02_0029_0014.uasset" 5891
"../../../Engine/Content/EngineMaterials/Substrate/GLints/dict_16_192_64_0p5_0p02_0030_0000.uasset" 5892
"/Engine/EngineMaterials/Substrate/GLints/dict_16_192_64_0p5_0p02_0030_0004" 5893
"../../../Engine/Content/EngineMaterials/Substrate/GLints/dict_16_192_64_0p5_0p02_0029_0011.uasset" 5894
"../../../Engine/Content/EngineMaterials/Substrate/GLints/dict_16_192_64_0p5_0p02_0029_0010.uasset" 5895
"../../../Engine/Content/EngineMaterials/Substrate/GLints/dict_16_192_64_0p5_0p02_0029_0009.uasset" 5896
"/Engine/EngineMaterials/Substrate/GLints/dict_16_192_64_0p5_0p02_0030_0005" 5897
"../../../Engine/Content/EngineMaterials/Substrate/GLints/dict_16_192_64_0p5_0p02_0029_0006.uasset" 5898
"../../../Engine/Content/EngineMaterials/Substrate/GLints/dict_16_192_64_0p5_0p02_0029_0008.uasset" 5899
"../../../Engine/Content/EngineMaterials/Substrate/GLints/dict_16_192_64_0p5_0p02_0029_0007.uasset" 5900
"../../../Engine/Content/EngineMaterials/Substrate/GLints/dict_16_192_64_0p5_0p02_0029_0005.uasset" 5901
"../../../Engine/Content/EngineMaterials/Substrate/GLints/dict_16_192_64_0p5_0p02_0029_0004.uasset" 5902
"../../../Engine/Content/EngineMaterials/Substrate/GLints/dict_16_192_64_0p5_0p02_0029_0003.uasset" 5903
"/Engine/EngineMaterials/Substrate/GLints/dict_16_192_64_0p5_0p02_0030_0006" 5904
"../../../Engine/Content/EngineMaterials/Substrate/GLints/dict_16_192_64_0p5_0p02_0029_0002.uasset" 5905
"/Engine/EngineMaterials/Substrate/GLints/dict_16_192_64_0p5_0p02_0030_0007" 5906
"/Engine/EngineMaterials/Substrate/GLints/dict_16_192_64_0p5_0p02_0030_0008" 5907
"/Engine/EngineMaterials/Substrate/GLints/dict_16_192_64_0p5_0p02_0030_0009" 5908
"/Engine/EngineMaterials/Substrate/GLints/dict_16_192_64_0p5_0p02_0030_0010" 5909
"/Engine/EngineMaterials/Substrate/GLints/dict_16_192_64_0p5_0p02_0030_0011" 5910
"/Engine/EngineMaterials/Substrate/GLints/dict_16_192_64_0p5_0p02_0030_0012" 5911
"/Engine/EngineMaterials/Substrate/GLints/dict_16_192_64_0p5_0p02_0030_0013" 5912
"/Engine/EngineMaterials/Substrate/GLints/dict_16_192_64_0p5_0p02_0030_0014" 5913
"/Engine/EngineMaterials/Substrate/GLints/dict_16_192_64_0p5_0p02_0030_0015" 5914
"/Engine/EngineMaterials/Substrate/GLints/dict_16_192_64_0p5_0p02_0031_0000" 5915
"/Engine/EngineMaterials/Substrate/GLints/dict_16_192_64_0p5_0p02_0031_0001" 5916
"/Engine/EngineMaterials/Substrate/GLints/dict_16_192_64_0p5_0p02_0029_0002" 5917
"../../../Engine/Content/EngineMaterials/Substrate/GLints/dict_16_192_64_0p5_0p02_0028_0014.uasset" 5918
"../../../Engine/Content/EngineMaterials/Substrate/GLints/dict_16_192_64_0p5_0p02_0028_0015.uasset" 5919
"../../../Engine/Content/EngineMaterials/Substrate/GLints/dict_16_192_64_0p5_0p02_0028_0013.uasset" 5920
"../../../Engine/Content/EngineMaterials/Substrate/GLints/dict_16_192_64_0p5_0p02_0028_0012.uasset" 5921
"../../../Engine/Content/EngineMaterials/Substrate/GLints/dict_16_192_64_0p5_0p02_0029_0001.uasset" 5922
"/Engine/EngineMaterials/Substrate/GLints/dict_16_192_64_0p5_0p02_0029_0003" 5923
"../../../Engine/Content/EngineMaterials/Substrate/GLints/dict_16_192_64_0p5_0p02_0029_0000.uasset" 5924
"../../../Engine/Content/EngineMaterials/Substrate/GLints/dict_16_192_64_0p5_0p02_0028_0011.uasset" 5925
"../../../Engine/Content/EngineMaterials/Substrate/GLints/dict_16_192_64_0p5_0p02_0028_0010.uasset" 5926
"../../../Engine/Content/EngineMaterials/Substrate/GLints/dict_16_192_64_0p5_0p02_0028_0009.uasset" 5927
"../../../Engine/Content/EngineMaterials/Substrate/GLints/dict_16_192_64_0p5_0p02_0028_0007.uasset" 5928
"/Engine/EngineMaterials/Substrate/GLints/dict_16_192_64_0p5_0p02_0029_0004" 5929
"../../../Engine/Content/EngineMaterials/Substrate/GLints/dict_16_192_64_0p5_0p02_0028_0008.uasset" 5930
"../../../Engine/Content/EngineMaterials/Substrate/GLints/dict_16_192_64_0p5_0p02_0028_0006.uasset" 5931
"../../../Engine/Content/EngineMaterials/Substrate/GLints/dict_16_192_64_0p5_0p02_0028_0005.uasset" 5932
"/Engine/EngineMaterials/Substrate/GLints/dict_16_192_64_0p5_0p02_0029_0005" 5933
"../../../Engine/Content/EngineMaterials/Substrate/GLints/dict_16_192_64_0p5_0p02_0028_0003.uasset" 5934
"../../../Engine/Content/EngineMaterials/Substrate/GLints/dict_16_192_64_0p5_0p02_0028_0004.uasset" 5935
"../../../Engine/Content/EngineMaterials/Substrate/GLints/dict_16_192_64_0p5_0p02_0028_0002.uasset" 5936
"/Engine/EngineMaterials/Substrate/GLints/dict_16_192_64_0p5_0p02_0029_0006" 5937
"/Engine/EngineMaterials/Substrate/GLints/dict_16_192_64_0p5_0p02_0029_0007" 5938
"/Engine/EngineMaterials/Substrate/GLints/dict_16_192_64_0p5_0p02_0029_0008" 5939
"/Engine/EngineMaterials/Substrate/GLints/dict_16_192_64_0p5_0p02_0029_0009" 5940
"/Engine/EngineMaterials/Substrate/GLints/dict_16_192_64_0p5_0p02_0029_0010" 5941
"/Engine/EngineMaterials/Substrate/GLints/dict_16_192_64_0p5_0p02_0029_0011" 5942
"/Engine/EngineMaterials/Substrate/GLints/dict_16_192_64_0p5_0p02_0029_0012" 5943
"/Engine/EngineMaterials/Substrate/GLints/dict_16_192_64_0p5_0p02_0029_0013" 5944
"/Engine/EngineMaterials/Substrate/GLints/dict_16_192_64_0p5_0p02_0029_0014" 5945
"/Engine/EngineMaterials/Substrate/GLints/dict_16_192_64_0p5_0p02_0029_0015" 5946
"/Engine/EngineMaterials/Substrate/GLints/dict_16_192_64_0p5_0p02_0030_0000" 5947
"/Engine/EngineMaterials/Substrate/GLints/dict_16_192_64_0p5_0p02_0030_0001" 5948
"/Engine/EngineMaterials/Substrate/GLints/dict_16_192_64_0p5_0p02_0028_0002" 5949
"../../../Engine/Content/EngineMaterials/Substrate/GLints/dict_16_192_64_0p5_0p02_0027_0013.uasset" 5950
"../../../Engine/Content/EngineMaterials/Substrate/GLints/dict_16_192_64_0p5_0p02_0028_0000.uasset" 5951
"../../../Engine/Content/EngineMaterials/Substrate/GLints/dict_16_192_64_0p5_0p02_0028_0001.uasset" 5952
"../../../Engine/Content/EngineMaterials/Substrate/GLints/dict_16_192_64_0p5_0p02_0027_0015.uasset" 5953
"../../../Engine/Content/EngineMaterials/Substrate/GLints/dict_16_192_64_0p5_0p02_0027_0014.uasset" 5954
"/Engine/EngineMaterials/Substrate/GLints/dict_16_192_64_0p5_0p02_0028_0003" 5955
"../../../Engine/Content/EngineMaterials/Substrate/GLints/dict_16_192_64_0p5_0p02_0027_0010.uasset" 5956
"/Engine/EngineMaterials/Substrate/GLints/dict_16_192_64_0p5_0p02_0028_0004" 5957
"../../../Engine/Content/EngineMaterials/Substrate/GLints/dict_16_192_64_0p5_0p02_0027_0011.uasset" 5958
"../../../Engine/Content/EngineMaterials/Substrate/GLints/dict_16_192_64_0p5_0p02_0027_0009.uasset" 5959
"../../../Engine/Content/EngineMaterials/Substrate/GLints/dict_16_192_64_0p5_0p02_0027_0012.uasset" 5960
"/Engine/EngineMaterials/Substrate/GLints/dict_16_192_64_0p5_0p02_0028_0005" 5961
"../../../Engine/Content/EngineMaterials/Substrate/GLints/dict_16_192_64_0p5_0p02_0027_0007.uasset" 5962
"../../../Engine/Content/EngineMaterials/Substrate/GLints/dict_16_192_64_0p5_0p02_0027_0005.uasset" 5963
"../../../Engine/Content/EngineMaterials/Substrate/GLints/dict_16_192_64_0p5_0p02_0027_0008.uasset" 5964
"../../../Engine/Content/EngineMaterials/Substrate/GLints/dict_16_192_64_0p5_0p02_0027_0006.uasset" 5965
"/Engine/EngineMaterials/Substrate/GLints/dict_16_192_64_0p5_0p02_0028_0006" 5966
"../../../Engine/Content/EngineMaterials/Substrate/GLints/dict_16_192_64_0p5_0p02_0027_0004.uasset" 5967
"../../../Engine/Content/EngineMaterials/Substrate/GLints/dict_16_192_64_0p5_0p02_0027_0003.uasset" 5968
"/Engine/EngineMaterials/Substrate/GLints/dict_16_192_64_0p5_0p02_0028_0007" 5969
"../../../Engine/Content/EngineMaterials/Substrate/GLints/dict_16_192_64_0p5_0p02_0027_0002.uasset" 5970
"/Engine/EngineMaterials/Substrate/GLints/dict_16_192_64_0p5_0p02_0028_0008" 5971
"/Engine/EngineMaterials/Substrate/GLints/dict_16_192_64_0p5_0p02_0028_0009" 5972
"/Engine/EngineMaterials/Substrate/GLints/dict_16_192_64_0p5_0p02_0028_0010" 5973
"/Engine/EngineMaterials/Substrate/GLints/dict_16_192_64_0p5_0p02_0028_0011" 5974
"/Engine/EngineMaterials/Substrate/GLints/dict_16_192_64_0p5_0p02_0028_0012" 5975
"/Engine/EngineMaterials/Substrate/GLints/dict_16_192_64_0p5_0p02_0028_0013" 5976
"/Engine/EngineMaterials/Substrate/GLints/dict_16_192_64_0p5_0p02_0028_0014" 5977
"/Engine/EngineMaterials/Substrate/GLints/dict_16_192_64_0p5_0p02_0028_0015" 5978
"/Engine/EngineMaterials/Substrate/GLints/dict_16_192_64_0p5_0p02_0029_0000" 5979
"/Engine/EngineMaterials/Substrate/GLints/dict_16_192_64_0p5_0p02_0029_0001" 5980
"/Engine/EngineMaterials/Substrate/GLints/dict_16_192_64_0p5_0p02_0027_0002" 5981
"../../../Engine/Content/EngineMaterials/Substrate/GLints/dict_16_192_64_0p5_0p02_0026_0014.uasset" 5982
"/Engine/EngineMaterials/Substrate/GLints/dict_16_192_64_0p5_0p02_0027_0003" 5983
"../../../Engine/Content/EngineMaterials/Substrate/GLints/dict_16_192_64_0p5_0p02_0026_0013.uasset" 5984
"../../../Engine/Content/EngineMaterials/Substrate/GLints/dict_16_192_64_0p5_0p02_0026_0015.uasset" 5985
"../../../Engine/Content/EngineMaterials/Substrate/GLints/dict_16_192_64_0p5_0p02_0027_0001.uasset" 5986
"../../../Engine/Content/EngineMaterials/Substrate/GLints/dict_16_192_64_0p5_0p02_0027_0000.uasset" 5987
"/Engine/EngineMaterials/Substrate/GLints/dict_16_192_64_0p5_0p02_0027_0004" 5988
"../../../Engine/Content/EngineMaterials/Substrate/GLints/dict_16_192_64_0p5_0p02_0026_0012.uasset" 5989
"../../../Engine/Content/EngineMaterials/Substrate/GLints/dict_16_192_64_0p5_0p02_0026_0010.uasset" 5990
"../../../Engine/Content/EngineMaterials/Substrate/GLints/dict_16_192_64_0p5_0p02_0026_0009.uasset" 5991
"../../../Engine/Content/EngineMaterials/Substrate/GLints/dict_16_192_64_0p5_0p02_0026_0011.uasset" 5992
"/Engine/EngineMaterials/Substrate/GLints/dict_16_192_64_0p5_0p02_0027_0005" 5993
"../../../Engine/Content/EngineMaterials/Substrate/GLints/dict_16_192_64_0p5_0p02_0026_0008.uasset" 5994
"../../../Engine/Content/EngineMaterials/Substrate/GLints/dict_16_192_64_0p5_0p02_0026_0007.uasset" 5995
"../../../Engine/Content/EngineMaterials/Substrate/GLints/dict_16_192_64_0p5_0p02_0026_0005.uasset" 5996
"../../../Engine/Content/EngineMaterials/Substrate/GLints/dict_16_192_64_0p5_0p02_0026_0006.uasset" 5997
"/Engine/EngineMaterials/Substrate/GLints/dict_16_192_64_0p5_0p02_0027_0006" 5998
"../../../Engine/Content/EngineMaterials/Substrate/GLints/dict_16_192_64_0p5_0p02_0026_0004.uasset" 5999
"../../../Engine/Content/EngineMaterials/Substrate/GLints/dict_16_192_64_0p5_0p02_0026_0003.uasset" 6000
"../../../Engine/Content/EngineMaterials/Substrate/GLints/dict_16_192_64_0p5_0p02_0026_0002.uasset" 6001
"/Engine/EngineMaterials/Substrate/GLints/dict_16_192_64_0p5_0p02_0027_0007" 6002
"/Engine/EngineMaterials/Substrate/GLints/dict_16_192_64_0p5_0p02_0027_0008" 6003
"/Engine/EngineMaterials/Substrate/GLints/dict_16_192_64_0p5_0p02_0027_0009" 6004
"/Engine/EngineMaterials/Substrate/GLints/dict_16_192_64_0p5_0p02_0027_0010" 6005
"/Engine/EngineMaterials/Substrate/GLints/dict_16_192_64_0p5_0p02_0027_0011" 6006
"/Engine/EngineMaterials/Substrate/GLints/dict_16_192_64_0p5_0p02_0027_0012" 6007
"/Engine/EngineMaterials/Substrate/GLints/dict_16_192_64_0p5_0p02_0027_0013" 6008
"/Engine/EngineMaterials/Substrate/GLints/dict_16_192_64_0p5_0p02_0027_0014" 6009
"/Engine/EngineMaterials/Substrate/GLints/dict_16_192_64_0p5_0p02_0027_0015" 6010
"/Engine/EngineMaterials/Substrate/GLints/dict_16_192_64_0p5_0p02_0028_0000" 6011
"/Engine/EngineMaterials/Substrate/GLints/dict_16_192_64_0p5_0p02_0028_0001" 6012
"/Engine/EngineMaterials/Substrate/GLints/dict_16_192_64_0p5_0p02_0026_0002" 6013
"../../../Engine/Content/EngineMaterials/Substrate/GLints/dict_16_192_64_0p5_0p02_0026_0001.uasset" 6014
"../../../Engine/Content/EngineMaterials/Substrate/GLints/dict_16_192_64_0p5_0p02_0026_0000.uasset" 6015
"../../../Engine/Content/EngineMaterials/Substrate/GLints/dict_16_192_64_0p5_0p02_0025_0013.uasset" 6016
"../../../Engine/Content/EngineMaterials/Substrate/GLints/dict_16_192_64_0p5_0p02_0025_0012.uasset" 6017
"../../../Engine/Content/EngineMaterials/Substrate/GLints/dict_16_192_64_0p5_0p02_0025_0014.uasset" 6018
"../../../Engine/Content/EngineMaterials/Substrate/GLints/dict_16_192_64_0p5_0p02_0025_0011.uasset" 6019
"../../../Engine/Content/EngineMaterials/Substrate/GLints/dict_16_192_64_0p5_0p02_0025_0015.uasset" 6020
"/Engine/EngineMaterials/Substrate/GLints/dict_16_192_64_0p5_0p02_0026_0003" 6021
"../../../Engine/Content/EngineMaterials/Substrate/GLints/dict_16_192_64_0p5_0p02_0025_0008.uasset" 6022
"../../../Engine/Content/EngineMaterials/Substrate/GLints/dict_16_192_64_0p5_0p02_0025_0009.uasset" 6023
"../../../Engine/Content/EngineMaterials/Substrate/GLints/dict_16_192_64_0p5_0p02_0025_0006.uasset" 6024
"/Engine/EngineMaterials/Substrate/GLints/dict_16_192_64_0p5_0p02_0026_0004" 6025
"../../../Engine/Content/EngineMaterials/Substrate/GLints/dict_16_192_64_0p5_0p02_0025_0007.uasset" 6026
"../../../Engine/Content/EngineMaterials/Substrate/GLints/dict_16_192_64_0p5_0p02_0025_0010.uasset" 6027
"../../../Engine/Content/EngineMaterials/Substrate/GLints/dict_16_192_64_0p5_0p02_0025_0005.uasset" 6028
"/Engine/EngineMaterials/Substrate/GLints/dict_16_192_64_0p5_0p02_0026_0005" 6029
"../../../Engine/Content/EngineMaterials/Substrate/GLints/dict_16_192_64_0p5_0p02_0025_0004.uasset" 6030
"../../../Engine/Content/EngineMaterials/Substrate/GLints/dict_16_192_64_0p5_0p02_0025_0003.uasset" 6031
"/Engine/EngineMaterials/Substrate/GLints/dict_16_192_64_0p5_0p02_0026_0006" 6032
"../../../Engine/Content/EngineMaterials/Substrate/GLints/dict_16_192_64_0p5_0p02_0025_0002.uasset" 6033
"/Engine/EngineMaterials/Substrate/GLints/dict_16_192_64_0p5_0p02_0026_0007" 6034
"/Engine/EngineMaterials/Substrate/GLints/dict_16_192_64_0p5_0p02_0026_0008" 6035
"/Engine/EngineMaterials/Substrate/GLints/dict_16_192_64_0p5_0p02_0026_0009" 6036
"/Engine/EngineMaterials/Substrate/GLints/dict_16_192_64_0p5_0p02_0026_0010" 6037
"/Engine/EngineMaterials/Substrate/GLints/dict_16_192_64_0p5_0p02_0026_0011" 6038
"/Engine/EngineMaterials/Substrate/GLints/dict_16_192_64_0p5_0p02_0026_0012" 6039
"/Engine/EngineMaterials/Substrate/GLints/dict_16_192_64_0p5_0p02_0026_0013" 6040
"/Engine/EngineMaterials/Substrate/GLints/dict_16_192_64_0p5_0p02_0026_0014" 6041
"/Engine/EngineMaterials/Substrate/GLints/dict_16_192_64_0p5_0p02_0026_0015" 6042
"/Engine/EngineMaterials/Substrate/GLints/dict_16_192_64_0p5_0p02_0027_0000" 6043
"/Engine/EngineMaterials/Substrate/GLints/dict_16_192_64_0p5_0p02_0027_0001" 6044
"/Engine/EngineMaterials/Substrate/GLints/dict_16_192_64_0p5_0p02_0025_0002" 6045
"/Engine/EngineMaterials/Substrate/GLints/dict_16_192_64_0p5_0p02_0025_0003" 6046
"../../../Engine/Content/EngineMaterials/Substrate/GLints/dict_16_192_64_0p5_0p02_0024_0012.uasset" 6047
"../../../Engine/Content/EngineMaterials/Substrate/GLints/dict_16_192_64_0p5_0p02_0024_0013.uasset" 6048
"../../../Engine/Content/EngineMaterials/Substrate/GLints/dict_16_192_64_0p5_0p02_0024_0011.uasset" 6049
"../../../Engine/Content/EngineMaterials/Substrate/GLints/dict_16_192_64_0p5_0p02_0024_0014.uasset" 6050
"../../../Engine/Content/EngineMaterials/Substrate/GLints/dict_16_192_64_0p5_0p02_0024_0015.uasset" 6051
"../../../Engine/Content/EngineMaterials/Substrate/GLints/dict_16_192_64_0p5_0p02_0025_0000.uasset" 6052
"../../../Engine/Content/EngineMaterials/Substrate/GLints/dict_16_192_64_0p5_0p02_0025_0001.uasset" 6053
"../../../Engine/Content/EngineMaterials/Substrate/GLints/dict_16_192_64_0p5_0p02_0024_0010.uasset" 6054
"/Engine/EngineMaterials/Substrate/GLints/dict_16_192_64_0p5_0p02_0025_0004" 6055
"/Engine/EngineMaterials/Substrate/GLints/dict_16_192_64_0p5_0p02_0025_0005" 6056
"../../../Engine/Content/EngineMaterials/Substrate/GLints/dict_16_192_64_0p5_0p02_0024_0007.uasset" 6057
"../../../Engine/Content/EngineMaterials/Substrate/GLints/dict_16_192_64_0p5_0p02_0024_0005.uasset" 6058
"../../../Engine/Content/EngineMaterials/Substrate/GLints/dict_16_192_64_0p5_0p02_0024_0006.uasset" 6059
"../../../Engine/Content/EngineMaterials/Substrate/GLints/dict_16_192_64_0p5_0p02_0024_0008.uasset" 6060
"../../../Engine/Content/EngineMaterials/Substrate/GLints/dict_16_192_64_0p5_0p02_0024_0009.uasset" 6061
"../../../Engine/Content/EngineMaterials/Substrate/GLints/dict_16_192_64_0p5_0p02_0024_0004.uasset" 6062
"../../../Engine/Content/EngineMaterials/Substrate/GLints/dict_16_192_64_0p5_0p02_0024_0003.uasset" 6063
"/Engine/EngineMaterials/Substrate/GLints/dict_16_192_64_0p5_0p02_0025_0006" 6064
"../../../Engine/Content/EngineMaterials/Substrate/GLints/dict_16_192_64_0p5_0p02_0024_0002.uasset" 6065
"/Engine/EngineMaterials/Substrate/GLints/dict_16_192_64_0p5_0p02_0025_0007" 6066
"/Engine/EngineMaterials/Substrate/GLints/dict_16_192_64_0p5_0p02_0025_0008" 6067
"/Engine/EngineMaterials/Substrate/GLints/dict_16_192_64_0p5_0p02_0025_0009" 6068
"/Engine/EngineMaterials/Substrate/GLints/dict_16_192_64_0p5_0p02_0025_0010" 6069
"/Engine/EngineMaterials/Substrate/GLints/dict_16_192_64_0p5_0p02_0025_0011" 6070
"/Engine/EngineMaterials/Substrate/GLints/dict_16_192_64_0p5_0p02_0025_0012" 6071
"/Engine/EngineMaterials/Substrate/GLints/dict_16_192_64_0p5_0p02_0025_0013" 6072
"/Engine/EngineMaterials/Substrate/GLints/dict_16_192_64_0p5_0p02_0025_0014" 6073
"/Engine/EngineMaterials/Substrate/GLints/dict_16_192_64_0p5_0p02_0025_0015" 6074
"/Engine/EngineMaterials/Substrate/GLints/dict_16_192_64_0p5_0p02_0026_0000" 6075
"/Engine/EngineMaterials/Substrate/GLints/dict_16_192_64_0p5_0p02_0026_0001" 6076
"/Engine/EngineMaterials/Substrate/GLints/dict_16_192_64_0p5_0p02_0024_0002" 6077
"../../../Engine/Content/EngineMaterials/Substrate/GLints/dict_16_192_64_0p5_0p02_0023_0012.uasset" 6078
"../../../Engine/Content/EngineMaterials/Substrate/GLints/dict_16_192_64_0p5_0p02_0023_0014.uasset" 6079
"../../../Engine/Content/EngineMaterials/Substrate/GLints/dict_16_192_64_0p5_0p02_0023_0010.uasset" 6080
"../../../Engine/Content/EngineMaterials/Substrate/GLints/dict_16_192_64_0p5_0p02_0023_0013.uasset" 6081
"/Engine/EngineMaterials/Substrate/GLints/dict_16_192_64_0p5_0p02_0024_0003" 6082
"../../../Engine/Content/EngineMaterials/Substrate/GLints/dict_16_192_64_0p5_0p02_0023_0011.uasset" 6083
"../../../Engine/Content/EngineMaterials/Substrate/GLints/dict_16_192_64_0p5_0p02_0024_0000.uasset" 6084
"../../../Engine/Content/EngineMaterials/Substrate/GLints/dict_16_192_64_0p5_0p02_0023_0015.uasset" 6085
"../../../Engine/Content/EngineMaterials/Substrate/GLints/dict_16_192_64_0p5_0p02_0024_0001.uasset" 6086
"/Engine/EngineMaterials/Substrate/GLints/dict_16_192_64_0p5_0p02_0024_0004" 6087
"../../../Engine/Content/EngineMaterials/Substrate/GLints/dict_16_192_64_0p5_0p02_0023_0009.uasset" 6088
"../../../Engine/Content/EngineMaterials/Substrate/GLints/dict_16_192_64_0p5_0p02_0023_0006.uasset" 6089
"../../../Engine/Content/EngineMaterials/Substrate/GLints/dict_16_192_64_0p5_0p02_0023_0007.uasset" 6090
"../../../Engine/Content/EngineMaterials/Substrate/GLints/dict_16_192_64_0p5_0p02_0023_0008.uasset" 6091
"../../../Engine/Content/EngineMaterials/Substrate/GLints/dict_16_192_64_0p5_0p02_0023_0005.uasset" 6092
"../../../Engine/Content/EngineMaterials/Substrate/GLints/dict_16_192_64_0p5_0p02_0023_0004.uasset" 6093
"/Engine/EngineMaterials/Substrate/GLints/dict_16_192_64_0p5_0p02_0024_0005" 6094
"../../../Engine/Content/EngineMaterials/Substrate/GLints/dict_16_192_64_0p5_0p02_0023_0003.uasset" 6095
"../../../Engine/Content/EngineMaterials/Substrate/GLints/dict_16_192_64_0p5_0p02_0023_0002.uasset" 6096
"/Engine/EngineMaterials/Substrate/GLints/dict_16_192_64_0p5_0p02_0024_0006" 6097
"/Engine/EngineMaterials/Substrate/GLints/dict_16_192_64_0p5_0p02_0024_0007" 6098
"/Engine/EngineMaterials/Substrate/GLints/dict_16_192_64_0p5_0p02_0024_0008" 6099
"/Engine/EngineMaterials/Substrate/GLints/dict_16_192_64_0p5_0p02_0024_0009" 6100
"/Engine/EngineMaterials/Substrate/GLints/dict_16_192_64_0p5_0p02_0024_0010" 6101
"/Engine/EngineMaterials/Substrate/GLints/dict_16_192_64_0p5_0p02_0024_0011" 6102
"/Engine/EngineMaterials/Substrate/GLints/dict_16_192_64_0p5_0p02_0024_0012" 6103
"/Engine/EngineMaterials/Substrate/GLints/dict_16_192_64_0p5_0p02_0024_0013" 6104
"/Engine/EngineMaterials/Substrate/GLints/dict_16_192_64_0p5_0p02_0024_0014" 6105
"/Engine/EngineMaterials/Substrate/GLints/dict_16_192_64_0p5_0p02_0024_0015" 6106
"/Engine/EngineMaterials/Substrate/GLints/dict_16_192_64_0p5_0p02_0025_0000" 6107
"/Engine/EngineMaterials/Substrate/GLints/dict_16_192_64_0p5_0p02_0025_0001" 6108
"/Engine/EngineMaterials/Substrate/GLints/dict_16_192_64_0p5_0p02_0023_0002" 6109
"../../../Engine/Content/EngineMaterials/Substrate/GLints/dict_16_192_64_0p5_0p02_0022_0013.uasset" 6110
"../../../Engine/Content/EngineMaterials/Substrate/GLints/dict_16_192_64_0p5_0p02_0022_0015.uasset" 6111
"../../../Engine/Content/EngineMaterials/Substrate/GLints/dict_16_192_64_0p5_0p02_0022_0011.uasset" 6112
"../../../Engine/Content/EngineMaterials/Substrate/GLints/dict_16_192_64_0p5_0p02_0023_0001.uasset" 6113
"/Engine/EngineMaterials/Substrate/GLints/dict_16_192_64_0p5_0p02_0023_0003" 6114
"../../../Engine/Content/EngineMaterials/Substrate/GLints/dict_16_192_64_0p5_0p02_0023_0000.uasset" 6115
"../../../Engine/Content/EngineMaterials/Substrate/GLints/dict_16_192_64_0p5_0p02_0022_0014.uasset" 6116
"../../../Engine/Content/EngineMaterials/Substrate/GLints/dict_16_192_64_0p5_0p02_0022_0010.uasset" 6117
"../../../Engine/Content/EngineMaterials/Substrate/GLints/dict_16_192_64_0p5_0p02_0022_0012.uasset" 6118
"../../../Engine/Content/EngineMaterials/Substrate/GLints/dict_16_192_64_0p5_0p02_0022_0009.uasset" 6119
"/Engine/EngineMaterials/Substrate/GLints/dict_16_192_64_0p5_0p02_0023_0004" 6120
"../../../Engine/Content/EngineMaterials/Substrate/GLints/dict_16_192_64_0p5_0p02_0022_0006.uasset" 6121
"../../../Engine/Content/EngineMaterials/Substrate/GLints/dict_16_192_64_0p5_0p02_0022_0005.uasset" 6122
"../../../Engine/Content/EngineMaterials/Substrate/GLints/dict_16_192_64_0p5_0p02_0022_0007.uasset" 6123
"../../../Engine/Content/EngineMaterials/Substrate/GLints/dict_16_192_64_0p5_0p02_0022_0002.uasset" 6124
"/Engine/EngineMaterials/Substrate/GLints/dict_16_192_64_0p5_0p02_0023_0005" 6125
"../../../Engine/Content/EngineMaterials/Substrate/GLints/dict_16_192_64_0p5_0p02_0022_0003.uasset" 6126
"../../../Engine/Content/EngineMaterials/Substrate/GLints/dict_16_192_64_0p5_0p02_0022_0004.uasset" 6127
"../../../Engine/Content/EngineMaterials/Substrate/GLints/dict_16_192_64_0p5_0p02_0022_0008.uasset" 6128
"/Engine/EngineMaterials/Substrate/GLints/dict_16_192_64_0p5_0p02_0023_0006" 6129
"/Engine/EngineMaterials/Substrate/GLints/dict_16_192_64_0p5_0p02_0023_0007" 6130
"/Engine/EngineMaterials/Substrate/GLints/dict_16_192_64_0p5_0p02_0023_0008" 6131
"/Engine/EngineMaterials/Substrate/GLints/dict_16_192_64_0p5_0p02_0023_0009" 6132
"/Engine/EngineMaterials/Substrate/GLints/dict_16_192_64_0p5_0p02_0023_0010" 6133
"/Engine/EngineMaterials/Substrate/GLints/dict_16_192_64_0p5_0p02_0023_0011" 6134
"/Engine/EngineMaterials/Substrate/GLints/dict_16_192_64_0p5_0p02_0023_0012" 6135
"/Engine/EngineMaterials/Substrate/GLints/dict_16_192_64_0p5_0p02_0023_0013" 6136
"/Engine/EngineMaterials/Substrate/GLints/dict_16_192_64_0p5_0p02_0023_0014" 6137
"/Engine/EngineMaterials/Substrate/GLints/dict_16_192_64_0p5_0p02_0023_0015" 6138
"/Engine/EngineMaterials/Substrate/GLints/dict_16_192_64_0p5_0p02_0024_0000" 6139
"/Engine/EngineMaterials/Substrate/GLints/dict_16_192_64_0p5_0p02_0024_0001" 6140
"/Engine/EngineMaterials/Substrate/GLints/dict_16_192_64_0p5_0p02_0022_0002" 6141
"../../../Engine/Content/EngineMaterials/Substrate/GLints/dict_16_192_64_0p5_0p02_0021_0014.uasset" 6142
"../../../Engine/Content/EngineMaterials/Substrate/GLints/dict_16_192_64_0p5_0p02_0021_0011.uasset" 6143
"../../../Engine/Content/EngineMaterials/Substrate/GLints/dict_16_192_64_0p5_0p02_0021_0012.uasset" 6144
"../../../Engine/Content/EngineMaterials/Substrate/GLints/dict_16_192_64_0p5_0p02_0021_0015.uasset" 6145
"/Engine/EngineMaterials/Substrate/GLints/dict_16_192_64_0p5_0p02_0022_0003" 6146
"../../../Engine/Content/EngineMaterials/Substrate/GLints/dict_16_192_64_0p5_0p02_0021_0010.uasset" 6147
"../../../Engine/Content/EngineMaterials/Substrate/GLints/dict_16_192_64_0p5_0p02_0021_0013.uasset" 6148
"../../../Engine/Content/EngineMaterials/Substrate/GLints/dict_16_192_64_0p5_0p02_0022_0000.uasset" 6149
"../../../Engine/Content/EngineMaterials/Substrate/GLints/dict_16_192_64_0p5_0p02_0022_0001.uasset" 6150
"/Engine/EngineMaterials/Substrate/GLints/dict_16_192_64_0p5_0p02_0022_0004" 6151
"../../../Engine/Content/EngineMaterials/Substrate/GLints/dict_16_192_64_0p5_0p02_0021_0005.uasset" 6152
"../../../Engine/Content/EngineMaterials/Substrate/GLints/dict_16_192_64_0p5_0p02_0021_0006.uasset" 6153
"../../../Engine/Content/EngineMaterials/Substrate/GLints/dict_16_192_64_0p5_0p02_0021_0007.uasset" 6154
"../../../Engine/Content/EngineMaterials/Substrate/GLints/dict_16_192_64_0p5_0p02_0021_0004.uasset" 6155
"../../../Engine/Content/EngineMaterials/Substrate/GLints/dict_16_192_64_0p5_0p02_0021_0008.uasset" 6156
"../../../Engine/Content/EngineMaterials/Substrate/GLints/dict_16_192_64_0p5_0p02_0021_0009.uasset" 6157
"/Engine/EngineMaterials/Substrate/GLints/dict_16_192_64_0p5_0p02_0022_0005" 6158
"../../../Engine/Content/EngineMaterials/Substrate/GLints/dict_16_192_64_0p5_0p02_0021_0003.uasset" 6159
"../../../Engine/Content/EngineMaterials/Substrate/GLints/dict_16_192_64_0p5_0p02_0021_0002.uasset" 6160
"/Engine/EngineMaterials/Substrate/GLints/dict_16_192_64_0p5_0p02_0022_0006" 6161
"/Engine/EngineMaterials/Substrate/GLints/dict_16_192_64_0p5_0p02_0022_0007" 6162
"/Engine/EngineMaterials/Substrate/GLints/dict_16_192_64_0p5_0p02_0022_0008" 6163
"/Engine/EngineMaterials/Substrate/GLints/dict_16_192_64_0p5_0p02_0022_0009" 6164
"/Engine/EngineMaterials/Substrate/GLints/dict_16_192_64_0p5_0p02_0022_0010" 6165
"/Engine/EngineMaterials/Substrate/GLints/dict_16_192_64_0p5_0p02_0022_0011" 6166
"/Engine/EngineMaterials/Substrate/GLints/dict_16_192_64_0p5_0p02_0022_0012" 6167
"/Engine/EngineMaterials/Substrate/GLints/dict_16_192_64_0p5_0p02_0022_0013" 6168
"/Engine/EngineMaterials/Substrate/GLints/dict_16_192_64_0p5_0p02_0022_0014" 6169
"/Engine/EngineMaterials/Substrate/GLints/dict_16_192_64_0p5_0p02_0022_0015" 6170
"/Engine/EngineMaterials/Substrate/GLints/dict_16_192_64_0p5_0p02_0023_0000" 6171
"/Engine/EngineMaterials/Substrate/GLints/dict_16_192_64_0p5_0p02_0023_0001" 6172
"/Engine/EngineMaterials/Substrate/GLints/dict_16_192_64_0p5_0p02_0021_0002" 6173
"../../../Engine/Content/EngineMaterials/Substrate/GLints/dict_16_192_64_0p5_0p02_0020_0014.uasset" 6174
"../../../Engine/Content/EngineMaterials/Substrate/GLints/dict_16_192_64_0p5_0p02_0021_0001.uasset" 6175
"../../../Engine/Content/EngineMaterials/Substrate/GLints/dict_16_192_64_0p5_0p02_0020_0012.uasset" 6176
"../../../Engine/Content/EngineMaterials/Substrate/GLints/dict_16_192_64_0p5_0p02_0020_0011.uasset" 6177
"../../../Engine/Content/EngineMaterials/Substrate/GLints/dict_16_192_64_0p5_0p02_0021_0000.uasset" 6178
"../../../Engine/Content/EngineMaterials/Substrate/GLints/dict_16_192_64_0p5_0p02_0020_0013.uasset" 6179
"../../../Engine/Content/EngineMaterials/Substrate/GLints/dict_16_192_64_0p5_0p02_0020_0015.uasset" 6180
"/Engine/EngineMaterials/Substrate/GLints/dict_16_192_64_0p5_0p02_0021_0003" 6181
"../../../Engine/Content/EngineMaterials/Substrate/GLints/dict_16_192_64_0p5_0p02_0020_0010.uasset" 6182
"../../../Engine/Content/EngineMaterials/Substrate/GLints/dict_16_192_64_0p5_0p02_0020_0006.uasset" 6183
"../../../Engine/Content/EngineMaterials/Substrate/GLints/dict_16_192_64_0p5_0p02_0020_0004.uasset" 6184
"../../../Engine/Content/EngineMaterials/Substrate/GLints/dict_16_192_64_0p5_0p02_0020_0009.uasset" 6185
"../../../Engine/Content/EngineMaterials/Substrate/GLints/dict_16_192_64_0p5_0p02_0020_0008.uasset" 6186
"../../../Engine/Content/EngineMaterials/Substrate/GLints/dict_16_192_64_0p5_0p02_0020_0007.uasset" 6187
"../../../Engine/Content/EngineMaterials/Substrate/GLints/dict_16_192_64_0p5_0p02_0020_0005.uasset" 6188
"/Engine/EngineMaterials/Substrate/GLints/dict_16_192_64_0p5_0p02_0021_0004" 6189
"../../../Engine/Content/EngineMaterials/Substrate/GLints/dict_16_192_64_0p5_0p02_0020_0003.uasset" 6190
"../../../Engine/Content/EngineMaterials/Substrate/GLints/dict_16_192_64_0p5_0p02_0020_0002.uasset" 6191
"/Engine/EngineMaterials/Substrate/GLints/dict_16_192_64_0p5_0p02_0021_0005" 6192
"/Engine/EngineMaterials/Substrate/GLints/dict_16_192_64_0p5_0p02_0021_0006" 6193
"/Engine/EngineMaterials/Substrate/GLints/dict_16_192_64_0p5_0p02_0021_0007" 6194
"/Engine/EngineMaterials/Substrate/GLints/dict_16_192_64_0p5_0p02_0021_0008" 6195
"/Engine/EngineMaterials/Substrate/GLints/dict_16_192_64_0p5_0p02_0021_0009" 6196
"/Engine/EngineMaterials/Substrate/GLints/dict_16_192_64_0p5_0p02_0021_0010" 6197
"/Engine/EngineMaterials/Substrate/GLints/dict_16_192_64_0p5_0p02_0021_0011" 6198
"/Engine/EngineMaterials/Substrate/GLints/dict_16_192_64_0p5_0p02_0021_0012" 6199
"/Engine/EngineMaterials/Substrate/GLints/dict_16_192_64_0p5_0p02_0021_0013" 6200
"/Engine/EngineMaterials/Substrate/GLints/dict_16_192_64_0p5_0p02_0021_0014" 6201
"/Engine/EngineMaterials/Substrate/GLints/dict_16_192_64_0p5_0p02_0021_0015" 6202
"/Engine/EngineMaterials/Substrate/GLints/dict_16_192_64_0p5_0p02_0022_0000" 6203
"/Engine/EngineMaterials/Substrate/GLints/dict_16_192_64_0p5_0p02_0022_0001" 6204
"/Engine/EngineMaterials/Substrate/GLints/dict_16_192_64_0p5_0p02_0020_0002" 6205
"../../../Engine/Content/EngineMaterials/Substrate/GLints/dict_16_192_64_0p5_0p02_0019_0010.uasset" 6206
"../../../Engine/Content/EngineMaterials/Substrate/GLints/dict_16_192_64_0p5_0p02_0020_0001.uasset" 6207
"../../../Engine/Content/EngineMaterials/Substrate/GLints/dict_16_192_64_0p5_0p02_0019_0011.uasset" 6208
"../../../Engine/Content/EngineMaterials/Substrate/GLints/dict_16_192_64_0p5_0p02_0019_0015.uasset" 6209
"/Engine/EngineMaterials/Substrate/GLints/dict_16_192_64_0p5_0p02_0020_0003" 6210
"../../../Engine/Content/EngineMaterials/Substrate/GLints/dict_16_192_64_0p5_0p02_0019_0012.uasset" 6211
"../../../Engine/Content/EngineMaterials/Substrate/GLints/dict_16_192_64_0p5_0p02_0020_0000.uasset" 6212
"../../../Engine/Content/EngineMaterials/Substrate/GLints/dict_16_192_64_0p5_0p02_0019_0014.uasset" 6213
"../../../Engine/Content/EngineMaterials/Substrate/GLints/dict_16_192_64_0p5_0p02_0019_0013.uasset" 6214
"../../../Engine/Content/EngineMaterials/Substrate/GLints/dict_16_192_64_0p5_0p02_0019_0009.uasset" 6215
"/Engine/EngineMaterials/Substrate/GLints/dict_16_192_64_0p5_0p02_0020_0004" 6216
"../../../Engine/Content/EngineMaterials/Substrate/GLints/dict_16_192_64_0p5_0p02_0019_0008.uasset" 6217
"../../../Engine/Content/EngineMaterials/Substrate/GLints/dict_16_192_64_0p5_0p02_0019_0006.uasset" 6218
"../../../Engine/Content/EngineMaterials/Substrate/GLints/dict_16_192_64_0p5_0p02_0019_0007.uasset" 6219
"/Engine/EngineMaterials/Substrate/GLints/dict_16_192_64_0p5_0p02_0020_0005" 6220
"../../../Engine/Content/EngineMaterials/Substrate/GLints/dict_16_192_64_0p5_0p02_0019_0003.uasset" 6221
"../../../Engine/Content/EngineMaterials/Substrate/GLints/dict_16_192_64_0p5_0p02_0019_0004.uasset" 6222
"../../../Engine/Content/EngineMaterials/Substrate/GLints/dict_16_192_64_0p5_0p02_0019_0002.uasset" 6223
"/Engine/EngineMaterials/Substrate/GLints/dict_16_192_64_0p5_0p02_0020_0006" 6224
"../../../Engine/Content/EngineMaterials/Substrate/GLints/dict_16_192_64_0p5_0p02_0019_0005.uasset" 6225
"/Engine/EngineMaterials/Substrate/GLints/dict_16_192_64_0p5_0p02_0020_0007" 6226
"/Engine/EngineMaterials/Substrate/GLints/dict_16_192_64_0p5_0p02_0020_0008" 6227
"/Engine/EngineMaterials/Substrate/GLints/dict_16_192_64_0p5_0p02_0020_0009" 6228
"/Engine/EngineMaterials/Substrate/GLints/dict_16_192_64_0p5_0p02_0020_0010" 6229
"/Engine/EngineMaterials/Substrate/GLints/dict_16_192_64_0p5_0p02_0020_0011" 6230
"/Engine/EngineMaterials/Substrate/GLints/dict_16_192_64_0p5_0p02_0020_0012" 6231
"/Engine/EngineMaterials/Substrate/GLints/dict_16_192_64_0p5_0p02_0020_0013" 6232
"/Engine/EngineMaterials/Substrate/GLints/dict_16_192_64_0p5_0p02_0020_0014" 6233
"/Engine/EngineMaterials/Substrate/GLints/dict_16_192_64_0p5_0p02_0020_0015" 6234
"/Engine/EngineMaterials/Substrate/GLints/dict_16_192_64_0p5_0p02_0021_0000" 6235
"/Engine/EngineMaterials/Substrate/GLints/dict_16_192_64_0p5_0p02_0021_0001" 6236
"/Engine/EngineMaterials/Substrate/GLints/dict_16_192_64_0p5_0p02_0019_0002" 6237
"../../../Engine/Content/EngineMaterials/Substrate/GLints/dict_16_192_64_0p5_0p02_0018_0011.uasset" 6238
"../../../Engine/Content/EngineMaterials/Substrate/GLints/dict_16_192_64_0p5_0p02_0018_0014.uasset" 6239
"../../../Engine/Content/EngineMaterials/Substrate/GLints/dict_16_192_64_0p5_0p02_0019_0000.uasset" 6240
"../../../Engine/Content/EngineMaterials/Substrate/GLints/dict_16_192_64_0p5_0p02_0018_0015.uasset" 6241
"../../../Engine/Content/EngineMaterials/Substrate/GLints/dict_16_192_64_0p5_0p02_0018_0012.uasset" 6242
"../../../Engine/Content/EngineMaterials/Substrate/GLints/dict_16_192_64_0p5_0p02_0018_0013.uasset" 6243
"../../../Engine/Content/EngineMaterials/Substrate/GLints/dict_16_192_64_0p5_0p02_0019_0001.uasset" 6244
"/Engine/EngineMaterials/Substrate/GLints/dict_16_192_64_0p5_0p02_0019_0003" 6245
"../../../Engine/Content/EngineMaterials/Substrate/GLints/dict_16_192_64_0p5_0p02_0018_0007.uasset" 6246
"../../../Engine/Content/EngineMaterials/Substrate/GLints/dict_16_192_64_0p5_0p02_0018_0009.uasset" 6247
"../../../Engine/Content/EngineMaterials/Substrate/GLints/dict_16_192_64_0p5_0p02_0018_0010.uasset" 6248
"/Engine/EngineMaterials/Substrate/GLints/dict_16_192_64_0p5_0p02_0019_0004" 6249
"../../../Engine/Content/EngineMaterials/Substrate/GLints/dict_16_192_64_0p5_0p02_0018_0008.uasset" 6250
"../../../Engine/Content/EngineMaterials/Substrate/GLints/dict_16_192_64_0p5_0p02_0018_0004.uasset" 6251
"../../../Engine/Content/EngineMaterials/Substrate/GLints/dict_16_192_64_0p5_0p02_0018_0006.uasset" 6252
"../../../Engine/Content/EngineMaterials/Substrate/GLints/dict_16_192_64_0p5_0p02_0018_0005.uasset" 6253
"../../../Engine/Content/EngineMaterials/Substrate/GLints/dict_16_192_64_0p5_0p02_0018_0003.uasset" 6254
"../../../Engine/Content/EngineMaterials/Substrate/GLints/dict_16_192_64_0p5_0p02_0018_0002.uasset" 6255
"/Engine/EngineMaterials/Substrate/GLints/dict_16_192_64_0p5_0p02_0019_0005" 6256
"/Engine/EngineMaterials/Substrate/GLints/dict_16_192_64_0p5_0p02_0019_0006" 6257
"/Engine/EngineMaterials/Substrate/GLints/dict_16_192_64_0p5_0p02_0019_0007" 6258
"/Engine/EngineMaterials/Substrate/GLints/dict_16_192_64_0p5_0p02_0019_0008" 6259
"/Engine/EngineMaterials/Substrate/GLints/dict_16_192_64_0p5_0p02_0019_0009" 6260
"/Engine/EngineMaterials/Substrate/GLints/dict_16_192_64_0p5_0p02_0019_0010" 6261
"/Engine/EngineMaterials/Substrate/GLints/dict_16_192_64_0p5_0p02_0019_0011" 6262
"/Engine/EngineMaterials/Substrate/GLints/dict_16_192_64_0p5_0p02_0019_0012" 6263
"/Engine/EngineMaterials/Substrate/GLints/dict_16_192_64_0p5_0p02_0019_0013" 6264
"/Engine/EngineMaterials/Substrate/GLints/dict_16_192_64_0p5_0p02_0019_0014" 6265
"/Engine/EngineMaterials/Substrate/GLints/dict_16_192_64_0p5_0p02_0019_0015" 6266
"/Engine/EngineMaterials/Substrate/GLints/dict_16_192_64_0p5_0p02_0020_0000" 6267
"/Engine/EngineMaterials/Substrate/GLints/dict_16_192_64_0p5_0p02_0020_0001" 6268
"/Engine/EngineMaterials/Substrate/GLints/dict_16_192_64_0p5_0p02_0018_0002" 6269
"../../../Engine/Content/EngineMaterials/Substrate/GLints/dict_16_192_64_0p5_0p02_0017_0015.uasset" 6270
"../../../Engine/Content/EngineMaterials/Substrate/GLints/dict_16_192_64_0p5_0p02_0017_0013.uasset" 6271
"../../../Engine/Content/EngineMaterials/Substrate/GLints/dict_16_192_64_0p5_0p02_0017_0014.uasset" 6272
"../../../Engine/Content/EngineMaterials/Substrate/GLints/dict_16_192_64_0p5_0p02_0017_0012.uasset" 6273
"../../../Engine/Content/EngineMaterials/Substrate/GLints/dict_16_192_64_0p5_0p02_0017_0011.uasset" 6274
"../../../Engine/Content/EngineMaterials/Substrate/GLints/dict_16_192_64_0p5_0p02_0017_0010.uasset" 6275
"../../../Engine/Content/EngineMaterials/Substrate/GLints/dict_16_192_64_0p5_0p02_0018_0001.uasset" 6276
"../../../Engine/Content/EngineMaterials/Substrate/GLints/dict_16_192_64_0p5_0p02_0018_0000.uasset" 6277
"/Engine/EngineMaterials/Substrate/GLints/dict_16_192_64_0p5_0p02_0018_0003" 6278
"../../../Engine/Content/EngineMaterials/Substrate/GLints/dict_16_192_64_0p5_0p02_0017_0009.uasset" 6279
"../../../Engine/Content/EngineMaterials/Substrate/GLints/dict_16_192_64_0p5_0p02_0017_0006.uasset" 6280
"/Engine/EngineMaterials/Substrate/GLints/dict_16_192_64_0p5_0p02_0018_0004" 6281
"../../../Engine/Content/EngineMaterials/Substrate/GLints/dict_16_192_64_0p5_0p02_0017_0008.uasset" 6282
"../../../Engine/Content/EngineMaterials/Substrate/GLints/dict_16_192_64_0p5_0p02_0017_0004.uasset" 6283
"../../../Engine/Content/EngineMaterials/Substrate/GLints/dict_16_192_64_0p5_0p02_0017_0007.uasset" 6284
"../../../Engine/Content/EngineMaterials/Substrate/GLints/dict_16_192_64_0p5_0p02_0017_0003.uasset" 6285
"../../../Engine/Content/EngineMaterials/Substrate/GLints/dict_16_192_64_0p5_0p02_0017_0002.uasset" 6286
"/Engine/EngineMaterials/Substrate/GLints/dict_16_192_64_0p5_0p02_0018_0005" 6287
"../../../Engine/Content/EngineMaterials/Substrate/GLints/dict_16_192_64_0p5_0p02_0017_0005.uasset" 6288
"/Engine/EngineMaterials/Substrate/GLints/dict_16_192_64_0p5_0p02_0018_0006" 6289
"/Engine/EngineMaterials/Substrate/GLints/dict_16_192_64_0p5_0p02_0018_0007" 6290
"/Engine/EngineMaterials/Substrate/GLints/dict_16_192_64_0p5_0p02_0018_0008" 6291
"/Engine/EngineMaterials/Substrate/GLints/dict_16_192_64_0p5_0p02_0018_0009" 6292
"/Engine/EngineMaterials/Substrate/GLints/dict_16_192_64_0p5_0p02_0018_0010" 6293
"/Engine/EngineMaterials/Substrate/GLints/dict_16_192_64_0p5_0p02_0018_0011" 6294
"/Engine/EngineMaterials/Substrate/GLints/dict_16_192_64_0p5_0p02_0018_0012" 6295
"/Engine/EngineMaterials/Substrate/GLints/dict_16_192_64_0p5_0p02_0018_0013" 6296
"/Engine/EngineMaterials/Substrate/GLints/dict_16_192_64_0p5_0p02_0018_0014" 6297
"/Engine/EngineMaterials/Substrate/GLints/dict_16_192_64_0p5_0p02_0018_0015" 6298
"/Engine/EngineMaterials/Substrate/GLints/dict_16_192_64_0p5_0p02_0019_0000" 6299
"/Engine/EngineMaterials/Substrate/GLints/dict_16_192_64_0p5_0p02_0019_0001" 6300
"/Engine/EngineMaterials/Substrate/GLints/dict_16_192_64_0p5_0p02_0017_0002" 6301
"../../../Engine/Content/EngineMaterials/Substrate/GLints/dict_16_192_64_0p5_0p02_0016_0010.uasset" 6302
"../../../Engine/Content/EngineMaterials/Substrate/GLints/dict_16_192_64_0p5_0p02_0016_0015.uasset" 6303
"../../../Engine/Content/EngineMaterials/Substrate/GLints/dict_16_192_64_0p5_0p02_0016_0011.uasset" 6304
"../../../Engine/Content/EngineMaterials/Substrate/GLints/dict_16_192_64_0p5_0p02_0017_0001.uasset" 6305
"/Engine/EngineMaterials/Substrate/GLints/dict_16_192_64_0p5_0p02_0017_0003" 6306
"../../../Engine/Content/EngineMaterials/Substrate/GLints/dict_16_192_64_0p5_0p02_0016_0013.uasset" 6307
"../../../Engine/Content/EngineMaterials/Substrate/GLints/dict_16_192_64_0p5_0p02_0016_0014.uasset" 6308
"../../../Engine/Content/EngineMaterials/Substrate/GLints/dict_16_192_64_0p5_0p02_0016_0012.uasset" 6309
"../../../Engine/Content/EngineMaterials/Substrate/GLints/dict_16_192_64_0p5_0p02_0017_0000.uasset" 6310
"/Engine/EngineMaterials/Substrate/GLints/dict_16_192_64_0p5_0p02_0017_0004" 6311
"../../../Engine/Content/EngineMaterials/Substrate/GLints/dict_16_192_64_0p5_0p02_0016_0004.uasset" 6312
"../../../Engine/Content/EngineMaterials/Substrate/GLints/dict_16_192_64_0p5_0p02_0016_0007.uasset" 6313
"../../../Engine/Content/EngineMaterials/Substrate/GLints/dict_16_192_64_0p5_0p02_0016_0008.uasset" 6314
"../../../Engine/Content/EngineMaterials/Substrate/GLints/dict_16_192_64_0p5_0p02_0016_0005.uasset" 6315
"/Engine/EngineMaterials/Substrate/GLints/dict_16_192_64_0p5_0p02_0017_0005" 6316
"../../../Engine/Content/EngineMaterials/Substrate/GLints/dict_16_192_64_0p5_0p02_0016_0009.uasset" 6317
"../../../Engine/Content/EngineMaterials/Substrate/GLints/dict_16_192_64_0p5_0p02_0016_0006.uasset" 6318
"../../../Engine/Content/EngineMaterials/Substrate/GLints/dict_16_192_64_0p5_0p02_0016_0003.uasset" 6319
"../../../Engine/Content/EngineMaterials/Substrate/GLints/dict_16_192_64_0p5_0p02_0016_0002.uasset" 6320
"/Engine/EngineMaterials/Substrate/GLints/dict_16_192_64_0p5_0p02_0017_0006" 6321
"/Engine/EngineMaterials/Substrate/GLints/dict_16_192_64_0p5_0p02_0017_0007" 6322
"/Engine/EngineMaterials/Substrate/GLints/dict_16_192_64_0p5_0p02_0017_0008" 6323
"/Engine/EngineMaterials/Substrate/GLints/dict_16_192_64_0p5_0p02_0017_0009" 6324
"/Engine/EngineMaterials/Substrate/GLints/dict_16_192_64_0p5_0p02_0017_0010" 6325
"/Engine/EngineMaterials/Substrate/GLints/dict_16_192_64_0p5_0p02_0017_0011" 6326
"/Engine/EngineMaterials/Substrate/GLints/dict_16_192_64_0p5_0p02_0017_0012" 6327
"/Engine/EngineMaterials/Substrate/GLints/dict_16_192_64_0p5_0p02_0017_0013" 6328
"/Engine/EngineMaterials/Substrate/GLints/dict_16_192_64_0p5_0p02_0017_0014" 6329
"/Engine/EngineMaterials/Substrate/GLints/dict_16_192_64_0p5_0p02_0017_0015" 6330
"/Engine/EngineMaterials/Substrate/GLints/dict_16_192_64_0p5_0p02_0018_0000" 6331
"/Engine/EngineMaterials/Substrate/GLints/dict_16_192_64_0p5_0p02_0018_0001" 6332
"/Engine/EngineMaterials/Substrate/GLints/dict_16_192_64_0p5_0p02_0016_0002" 6333
"../../../Engine/Content/EngineMaterials/Substrate/GLints/dict_16_192_64_0p5_0p02_0016_0000.uasset" 6334
"../../../Engine/Content/EngineMaterials/Substrate/GLints/dict_16_192_64_0p5_0p02_0015_0012.uasset" 6335
"../../../Engine/Content/EngineMaterials/Substrate/GLints/dict_16_192_64_0p5_0p02_0015_0013.uasset" 6336
"../../../Engine/Content/EngineMaterials/Substrate/GLints/dict_16_192_64_0p5_0p02_0015_0008.uasset" 6337
"../../../Engine/Content/EngineMaterials/Substrate/GLints/dict_16_192_64_0p5_0p02_0015_0010.uasset" 6338
"/Engine/EngineMaterials/Substrate/GLints/dict_16_192_64_0p5_0p02_0016_0003" 6339
"../../../Engine/Content/EngineMaterials/Substrate/GLints/dict_16_192_64_0p5_0p02_0015_0011.uasset" 6340
"../../../Engine/Content/EngineMaterials/Substrate/GLints/dict_16_192_64_0p5_0p02_0015_0009.uasset" 6341
"../../../Engine/Content/EngineMaterials/Substrate/GLints/dict_16_192_64_0p5_0p02_0016_0001.uasset" 6342
"../../../Engine/Content/EngineMaterials/Substrate/GLints/dict_16_192_64_0p5_0p02_0015_0007.uasset" 6343
"../../../Engine/Content/EngineMaterials/Substrate/GLints/dict_16_192_64_0p5_0p02_0015_0014.uasset" 6344
"../../../Engine/Content/EngineMaterials/Substrate/GLints/dict_16_192_64_0p5_0p02_0015_0004.uasset" 6345
"../../../Engine/Content/EngineMaterials/Substrate/GLints/dict_16_192_64_0p5_0p02_0015_0015.uasset" 6346
"/Engine/EngineMaterials/Substrate/GLints/dict_16_192_64_0p5_0p02_0016_0004" 6347
"../../../Engine/Content/EngineMaterials/Substrate/GLints/dict_16_192_64_0p5_0p02_0015_0003.uasset" 6348
"../../../Engine/Content/EngineMaterials/Substrate/GLints/dict_16_192_64_0p5_0p02_0015_0002.uasset" 6349
"../../../Engine/Content/EngineMaterials/Substrate/GLints/dict_16_192_64_0p5_0p02_0015_0005.uasset" 6350
"../../../Engine/Content/EngineMaterials/Substrate/GLints/dict_16_192_64_0p5_0p02_0015_0006.uasset" 6351
"/Engine/EngineMaterials/Substrate/GLints/dict_16_192_64_0p5_0p02_0016_0005" 6352
"/Engine/EngineMaterials/Substrate/GLints/dict_16_192_64_0p5_0p02_0016_0006" 6353
"/Engine/EngineMaterials/Substrate/GLints/dict_16_192_64_0p5_0p02_0016_0007" 6354
"/Engine/EngineMaterials/Substrate/GLints/dict_16_192_64_0p5_0p02_0016_0008" 6355
"/Engine/EngineMaterials/Substrate/GLints/dict_16_192_64_0p5_0p02_0016_0009" 6356
"/Engine/EngineMaterials/Substrate/GLints/dict_16_192_64_0p5_0p02_0016_0010" 6357
"/Engine/EngineMaterials/Substrate/GLints/dict_16_192_64_0p5_0p02_0016_0011" 6358
"/Engine/EngineMaterials/Substrate/GLints/dict_16_192_64_0p5_0p02_0016_0012" 6359
"/Engine/EngineMaterials/Substrate/GLints/dict_16_192_64_0p5_0p02_0016_0013" 6360
"/Engine/EngineMaterials/Substrate/GLints/dict_16_192_64_0p5_0p02_0016_0014" 6361
"/Engine/EngineMaterials/Substrate/GLints/dict_16_192_64_0p5_0p02_0016_0015" 6362
"/Engine/EngineMaterials/Substrate/GLints/dict_16_192_64_0p5_0p02_0017_0000" 6363
"/Engine/EngineMaterials/Substrate/GLints/dict_16_192_64_0p5_0p02_0017_0001" 6364
"/Engine/EngineMaterials/Substrate/GLints/dict_16_192_64_0p5_0p02_0015_0002" 6365
"../../../Engine/Content/EngineMaterials/Substrate/GLints/dict_16_192_64_0p5_0p02_0014_0011.uasset" 6366
"../../../Engine/Content/EngineMaterials/Substrate/GLints/dict_16_192_64_0p5_0p02_0014_0013.uasset" 6367
"../../../Engine/Content/EngineMaterials/Substrate/GLints/dict_16_192_64_0p5_0p02_0014_0007.uasset" 6368
"../../../Engine/Content/EngineMaterials/Substrate/GLints/dict_16_192_64_0p5_0p02_0015_0000.uasset" 6369
"../../../Engine/Content/EngineMaterials/Substrate/GLints/dict_16_192_64_0p5_0p02_0014_0014.uasset" 6370
"../../../Engine/Content/EngineMaterials/Substrate/GLints/dict_16_192_64_0p5_0p02_0014_0012.uasset" 6371
"../../../Engine/Content/EngineMaterials/Substrate/GLints/dict_16_192_64_0p5_0p02_0014_0009.uasset" 6372
"../../../Engine/Content/EngineMaterials/Substrate/GLints/dict_16_192_64_0p5_0p02_0014_0008.uasset" 6373
"/Engine/EngineMaterials/Substrate/GLints/dict_16_192_64_0p5_0p02_0015_0003" 6374
"../../../Engine/Content/EngineMaterials/Substrate/GLints/dict_16_192_64_0p5_0p02_0015_0001.uasset" 6375
"../../../Engine/Content/EngineMaterials/Substrate/GLints/dict_16_192_64_0p5_0p02_0014_0010.uasset" 6376
"../../../Engine/Content/EngineMaterials/Substrate/GLints/dict_16_192_64_0p5_0p02_0014_0015.uasset" 6377
"../../../Engine/Content/EngineMaterials/Substrate/GLints/dict_16_192_64_0p5_0p02_0014_0006.uasset" 6378
"../../../Engine/Content/EngineMaterials/Substrate/GLints/dict_16_192_64_0p5_0p02_0014_0002.uasset" 6379
"../../../Engine/Content/EngineMaterials/Substrate/GLints/dict_16_192_64_0p5_0p02_0014_0004.uasset" 6380
"/Engine/EngineMaterials/Substrate/GLints/dict_16_192_64_0p5_0p02_0015_0004" 6381
"../../../Engine/Content/EngineMaterials/Substrate/GLints/dict_16_192_64_0p5_0p02_0014_0003.uasset" 6382
"../../../Engine/Content/EngineMaterials/Substrate/GLints/dict_16_192_64_0p5_0p02_0014_0005.uasset" 6383
"/Engine/EngineMaterials/Substrate/GLints/dict_16_192_64_0p5_0p02_0015_0005" 6384
"/Engine/EngineMaterials/Substrate/GLints/dict_16_192_64_0p5_0p02_0015_0006" 6385
"/Engine/EngineMaterials/Substrate/GLints/dict_16_192_64_0p5_0p02_0015_0007" 6386
"/Engine/EngineMaterials/Substrate/GLints/dict_16_192_64_0p5_0p02_0015_0008" 6387
"/Engine/EngineMaterials/Substrate/GLints/dict_16_192_64_0p5_0p02_0015_0009" 6388
"/Engine/EngineMaterials/Substrate/GLints/dict_16_192_64_0p5_0p02_0015_0010" 6389
"/Engine/EngineMaterials/Substrate/GLints/dict_16_192_64_0p5_0p02_0015_0011" 6390
"/Engine/EngineMaterials/Substrate/GLints/dict_16_192_64_0p5_0p02_0015_0012" 6391
"/Engine/EngineMaterials/Substrate/GLints/dict_16_192_64_0p5_0p02_0015_0013" 6392
"/Engine/EngineMaterials/Substrate/GLints/dict_16_192_64_0p5_0p02_0015_0014" 6393
"/Engine/EngineMaterials/Substrate/GLints/dict_16_192_64_0p5_0p02_0015_0015" 6394
"/Engine/EngineMaterials/Substrate/GLints/dict_16_192_64_0p5_0p02_0016_0000" 6395
"/Engine/EngineMaterials/Substrate/GLints/dict_16_192_64_0p5_0p02_0016_0001" 6396
"/Engine/EngineMaterials/Substrate/GLints/dict_16_192_64_0p5_0p02_0014_0002" 6397
"../../../Engine/Content/EngineMaterials/Substrate/GLints/dict_16_192_64_0p5_0p02_0013_0015.uasset" 6398
"../../../Engine/Content/EngineMaterials/Substrate/GLints/dict_16_192_64_0p5_0p02_0013_0009.uasset" 6399
"../../../Engine/Content/EngineMaterials/Substrate/GLints/dict_16_192_64_0p5_0p02_0013_0013.uasset" 6400
"../../../Engine/Content/EngineMaterials/Substrate/GLints/dict_16_192_64_0p5_0p02_0013_0012.uasset" 6401
"../../../Engine/Content/EngineMaterials/Substrate/GLints/dict_16_192_64_0p5_0p02_0014_0001.uasset" 6402
"../../../Engine/Content/EngineMaterials/Substrate/GLints/dict_16_192_64_0p5_0p02_0013_0005.uasset" 6403
"../../../Engine/Content/EngineMaterials/Substrate/GLints/dict_16_192_64_0p5_0p02_0013_0007.uasset" 6404
"../../../Engine/Content/EngineMaterials/Substrate/GLints/dict_16_192_64_0p5_0p02_0013_0006.uasset" 6405
"/Engine/EngineMaterials/Substrate/GLints/dict_16_192_64_0p5_0p02_0014_0003" 6406
"../../../Engine/Content/EngineMaterials/Substrate/GLints/dict_16_192_64_0p5_0p02_0013_0011.uasset" 6407
"../../../Engine/Content/EngineMaterials/Substrate/GLints/dict_16_192_64_0p5_0p02_0014_0000.uasset" 6408
"../../../Engine/Content/EngineMaterials/Substrate/GLints/dict_16_192_64_0p5_0p02_0013_0008.uasset" 6409
"../../../Engine/Content/EngineMaterials/Substrate/GLints/dict_16_192_64_0p5_0p02_0013_0014.uasset" 6410
"../../../Engine/Content/EngineMaterials/Substrate/GLints/dict_16_192_64_0p5_0p02_0013_0010.uasset" 6411
"../../../Engine/Content/EngineMaterials/Substrate/GLints/dict_16_192_64_0p5_0p02_0013_0004.uasset" 6412
"../../../Engine/Content/EngineMaterials/Substrate/GLints/dict_16_192_64_0p5_0p02_0013_0003.uasset" 6413
"/Engine/EngineMaterials/Substrate/GLints/dict_16_192_64_0p5_0p02_0014_0004" 6414
"../../../Engine/Content/EngineMaterials/Substrate/GLints/dict_16_192_64_0p5_0p02_0013_0002.uasset" 6415
"/Engine/EngineMaterials/Substrate/GLints/dict_16_192_64_0p5_0p02_0014_0005" 6416
"/Engine/EngineMaterials/Substrate/GLints/dict_16_192_64_0p5_0p02_0014_0006" 6417
"/Engine/EngineMaterials/Substrate/GLints/dict_16_192_64_0p5_0p02_0014_0007" 6418
"/Engine/EngineMaterials/Substrate/GLints/dict_16_192_64_0p5_0p02_0014_0008" 6419
"/Engine/EngineMaterials/Substrate/GLints/dict_16_192_64_0p5_0p02_0014_0009" 6420
"/Engine/EngineMaterials/Substrate/GLints/dict_16_192_64_0p5_0p02_0014_0010" 6421
"/Engine/EngineMaterials/Substrate/GLints/dict_16_192_64_0p5_0p02_0014_0011" 6422
"/Engine/EngineMaterials/Substrate/GLints/dict_16_192_64_0p5_0p02_0014_0012" 6423
"/Engine/EngineMaterials/Substrate/GLints/dict_16_192_64_0p5_0p02_0014_0013" 6424
"/Engine/EngineMaterials/Substrate/GLints/dict_16_192_64_0p5_0p02_0014_0014" 6425
"/Engine/EngineMaterials/Substrate/GLints/dict_16_192_64_0p5_0p02_0014_0015" 6426
"/Engine/EngineMaterials/Substrate/GLints/dict_16_192_64_0p5_0p02_0015_0000" 6427
"/Engine/EngineMaterials/Substrate/GLints/dict_16_192_64_0p5_0p02_0015_0001" 6428
"/Engine/EngineMaterials/Substrate/GLints/dict_16_192_64_0p5_0p02_0013_0002" 6429
"../../../Engine/Content/EngineMaterials/Substrate/GLints/dict_16_192_64_0p5_0p02_0012_0006.uasset" 6430
"../../../Engine/Content/EngineMaterials/Substrate/GLints/dict_16_192_64_0p5_0p02_0012_0014.uasset" 6431
"../../../Engine/Content/EngineMaterials/Substrate/GLints/dict_16_192_64_0p5_0p02_0013_0001.uasset" 6432
"../../../Engine/Content/EngineMaterials/Substrate/GLints/dict_16_192_64_0p5_0p02_0012_0008.uasset" 6433
"../../../Engine/Content/EngineMaterials/Substrate/GLints/dict_16_192_64_0p5_0p02_0012_0007.uasset" 6434
"../../../Engine/Content/EngineMaterials/Substrate/GLints/dict_16_192_64_0p5_0p02_0012_0009.uasset" 6435
"/Engine/EngineMaterials/Substrate/GLints/dict_16_192_64_0p5_0p02_0013_0003" 6436
"../../../Engine/Content/EngineMaterials/Substrate/GLints/dict_16_192_64_0p5_0p02_0013_0000.uasset" 6437
"../../../Engine/Content/EngineMaterials/Substrate/GLints/dict_16_192_64_0p5_0p02_0012_0015.uasset" 6438
"../../../Engine/Content/EngineMaterials/Substrate/GLints/dict_16_192_64_0p5_0p02_0012_0012.uasset" 6439
"../../../Engine/Content/EngineMaterials/Substrate/GLints/dict_16_192_64_0p5_0p02_0012_0013.uasset" 6440
"../../../Engine/Content/EngineMaterials/Substrate/GLints/dict_16_192_64_0p5_0p02_0012_0010.uasset" 6441
"../../../Engine/Content/EngineMaterials/Substrate/GLints/dict_16_192_64_0p5_0p02_0012_0011.uasset" 6442
"../../../Engine/Content/EngineMaterials/Substrate/GLints/dict_16_192_64_0p5_0p02_0012_0005.uasset" 6443
"../../../Engine/Content/EngineMaterials/Substrate/GLints/dict_16_192_64_0p5_0p02_0012_0004.uasset" 6444
"/Engine/EngineMaterials/Substrate/GLints/dict_16_192_64_0p5_0p02_0013_0004" 6445
"../../../Engine/Content/EngineMaterials/Substrate/GLints/dict_16_192_64_0p5_0p02_0012_0003.uasset" 6446
"../../../Engine/Content/EngineMaterials/Substrate/GLints/dict_16_192_64_0p5_0p02_0012_0002.uasset" 6447
"/Engine/EngineMaterials/Substrate/GLints/dict_16_192_64_0p5_0p02_0013_0005" 6448
"/Engine/EngineMaterials/Substrate/GLints/dict_16_192_64_0p5_0p02_0013_0006" 6449
"/Engine/EngineMaterials/Substrate/GLints/dict_16_192_64_0p5_0p02_0013_0007" 6450
"/Engine/EngineMaterials/Substrate/GLints/dict_16_192_64_0p5_0p02_0013_0008" 6451
"/Engine/EngineMaterials/Substrate/GLints/dict_16_192_64_0p5_0p02_0013_0009" 6452
"/Engine/EngineMaterials/Substrate/GLints/dict_16_192_64_0p5_0p02_0013_0010" 6453
"/Engine/EngineMaterials/Substrate/GLints/dict_16_192_64_0p5_0p02_0013_0011" 6454
"/Engine/EngineMaterials/Substrate/GLints/dict_16_192_64_0p5_0p02_0013_0012" 6455
"/Engine/EngineMaterials/Substrate/GLints/dict_16_192_64_0p5_0p02_0013_0013" 6456
"/Engine/EngineMaterials/Substrate/GLints/dict_16_192_64_0p5_0p02_0013_0014" 6457
"/Engine/EngineMaterials/Substrate/GLints/dict_16_192_64_0p5_0p02_0013_0015" 6458
"/Engine/EngineMaterials/Substrate/GLints/dict_16_192_64_0p5_0p02_0014_0000" 6459
"/Engine/EngineMaterials/Substrate/GLints/dict_16_192_64_0p5_0p02_0014_0001" 6460
"/Engine/EngineMaterials/Substrate/GLints/dict_16_192_64_0p5_0p02_0012_0002" 6461
"../../../Engine/Content/EngineMaterials/Substrate/GLints/dict_16_192_64_0p5_0p02_0011_0010.uasset" 6462
"../../../Engine/Content/EngineMaterials/Substrate/GLints/dict_16_192_64_0p5_0p02_0012_0001.uasset" 6463
"../../../Engine/Content/EngineMaterials/Substrate/GLints/dict_16_192_64_0p5_0p02_0011_0008.uasset" 6464
"../../../Engine/Content/EngineMaterials/Substrate/GLints/dict_16_192_64_0p5_0p02_0011_0015.uasset" 6465
"../../../Engine/Content/EngineMaterials/Substrate/GLints/dict_16_192_64_0p5_0p02_0012_0000.uasset" 6466
"../../../Engine/Content/EngineMaterials/Substrate/GLints/dict_16_192_64_0p5_0p02_0011_0009.uasset" 6467
"../../../Engine/Content/EngineMaterials/Substrate/GLints/dict_16_192_64_0p5_0p02_0011_0012.uasset" 6468
"../../../Engine/Content/EngineMaterials/Substrate/GLints/dict_16_192_64_0p5_0p02_0011_0006.uasset" 6469
"../../../Engine/Content/EngineMaterials/Substrate/GLints/dict_16_192_64_0p5_0p02_0011_0007.uasset" 6470
"/Engine/EngineMaterials/Substrate/GLints/dict_16_192_64_0p5_0p02_0012_0003" 6471
"../../../Engine/Content/EngineMaterials/Substrate/GLints/dict_16_192_64_0p5_0p02_0011_0014.uasset" 6472
"../../../Engine/Content/EngineMaterials/Substrate/GLints/dict_16_192_64_0p5_0p02_0011_0011.uasset" 6473
"../../../Engine/Content/EngineMaterials/Substrate/GLints/dict_16_192_64_0p5_0p02_0011_0013.uasset" 6474
"../../../Engine/Content/EngineMaterials/Substrate/GLints/dict_16_192_64_0p5_0p02_0011_0005.uasset" 6475
"../../../Engine/Content/EngineMaterials/Substrate/GLints/dict_16_192_64_0p5_0p02_0011_0004.uasset" 6476
"../../../Engine/Content/EngineMaterials/Substrate/GLints/dict_16_192_64_0p5_0p02_0011_0002.uasset" 6477
"/Engine/EngineMaterials/Substrate/GLints/dict_16_192_64_0p5_0p02_0012_0004" 6478
"../../../Engine/Content/EngineMaterials/Substrate/GLints/dict_16_192_64_0p5_0p02_0011_0003.uasset" 6479
"/Engine/EngineMaterials/Substrate/GLints/dict_16_192_64_0p5_0p02_0012_0005" 6480
"/Engine/EngineMaterials/Substrate/GLints/dict_16_192_64_0p5_0p02_0012_0006" 6481
"/Engine/EngineMaterials/Substrate/GLints/dict_16_192_64_0p5_0p02_0012_0007" 6482
"/Engine/EngineMaterials/Substrate/GLints/dict_16_192_64_0p5_0p02_0012_0008" 6483
"/Engine/EngineMaterials/Substrate/GLints/dict_16_192_64_0p5_0p02_0012_0009" 6484
"/Engine/EngineMaterials/Substrate/GLints/dict_16_192_64_0p5_0p02_0012_0010" 6485
"/Engine/EngineMaterials/Substrate/GLints/dict_16_192_64_0p5_0p02_0012_0011" 6486
"/Engine/EngineMaterials/Substrate/GLints/dict_16_192_64_0p5_0p02_0012_0012" 6487
"/Engine/EngineMaterials/Substrate/GLints/dict_16_192_64_0p5_0p02_0012_0013" 6488
"/Engine/EngineMaterials/Substrate/GLints/dict_16_192_64_0p5_0p02_0012_0014" 6489
"/Engine/EngineMaterials/Substrate/GLints/dict_16_192_64_0p5_0p02_0012_0015" 6490
"/Engine/EngineMaterials/Substrate/GLints/dict_16_192_64_0p5_0p02_0013_0000" 6491
"/Engine/EngineMaterials/Substrate/GLints/dict_16_192_64_0p5_0p02_0013_0001" 6492
"/Engine/EngineMaterials/Substrate/GLints/dict_16_192_64_0p5_0p02_0011_0002" 6493
"/Engine/EngineMaterials/Substrate/GLints/dict_16_192_64_0p5_0p02_0011_0003" 6494
"../../../Engine/Content/EngineMaterials/Substrate/GLints/dict_16_192_64_0p5_0p02_0010_0012.uasset" 6495
"../../../Engine/Content/EngineMaterials/Substrate/GLints/dict_16_192_64_0p5_0p02_0010_0008.uasset" 6496
"../../../Engine/Content/EngineMaterials/Substrate/GLints/dict_16_192_64_0p5_0p02_0010_0015.uasset" 6497
"../../../Engine/Content/EngineMaterials/Substrate/GLints/dict_16_192_64_0p5_0p02_0011_0001.uasset" 6498
"../../../Engine/Content/EngineMaterials/Substrate/GLints/dict_16_192_64_0p5_0p02_0010_0013.uasset" 6499
"../../../Engine/Content/EngineMaterials/Substrate/GLints/dict_16_192_64_0p5_0p02_0010_0007.uasset" 6500
"../../../Engine/Content/EngineMaterials/Substrate/GLints/dict_16_192_64_0p5_0p02_0010_0014.uasset" 6501
"../../../Engine/Content/EngineMaterials/Substrate/GLints/dict_16_192_64_0p5_0p02_0010_0010.uasset" 6502
"../../../Engine/Content/EngineMaterials/Substrate/GLints/dict_16_192_64_0p5_0p02_0010_0011.uasset" 6503
"/Engine/EngineMaterials/Substrate/GLints/dict_16_192_64_0p5_0p02_0011_0004" 6504
"../../../Engine/Content/EngineMaterials/Substrate/GLints/dict_16_192_64_0p5_0p02_0010_0009.uasset" 6505
"../../../Engine/Content/EngineMaterials/Substrate/GLints/dict_16_192_64_0p5_0p02_0011_0000.uasset" 6506
"../../../Engine/Content/EngineMaterials/Substrate/GLints/dict_16_192_64_0p5_0p02_0010_0006.uasset" 6507
"/Engine/EngineMaterials/Substrate/GLints/dict_16_192_64_0p5_0p02_0011_0005" 6508
"../../../Engine/Content/EngineMaterials/Substrate/GLints/dict_16_192_64_0p5_0p02_0010_0004.uasset" 6509
"../../../Engine/Content/EngineMaterials/Substrate/GLints/dict_16_192_64_0p5_0p02_0010_0002.uasset" 6510
"../../../Engine/Content/EngineMaterials/Substrate/GLints/dict_16_192_64_0p5_0p02_0010_0005.uasset" 6511
"../../../Engine/Content/EngineMaterials/Substrate/GLints/dict_16_192_64_0p5_0p02_0010_0003.uasset" 6512
"/Engine/EngineMaterials/Substrate/GLints/dict_16_192_64_0p5_0p02_0011_0006" 6513
"/Engine/EngineMaterials/Substrate/GLints/dict_16_192_64_0p5_0p02_0011_0007" 6514
"/Engine/EngineMaterials/Substrate/GLints/dict_16_192_64_0p5_0p02_0011_0008" 6515
"/Engine/EngineMaterials/Substrate/GLints/dict_16_192_64_0p5_0p02_0011_0009" 6516
"/Engine/EngineMaterials/Substrate/GLints/dict_16_192_64_0p5_0p02_0011_0010" 6517
"/Engine/EngineMaterials/Substrate/GLints/dict_16_192_64_0p5_0p02_0011_0011" 6518
"/Engine/EngineMaterials/Substrate/GLints/dict_16_192_64_0p5_0p02_0011_0012" 6519
"/Engine/EngineMaterials/Substrate/GLints/dict_16_192_64_0p5_0p02_0011_0013" 6520
"/Engine/EngineMaterials/Substrate/GLints/dict_16_192_64_0p5_0p02_0011_0014" 6521
"/Engine/EngineMaterials/Substrate/GLints/dict_16_192_64_0p5_0p02_0011_0015" 6522
"/Engine/EngineMaterials/Substrate/GLints/dict_16_192_64_0p5_0p02_0012_0000" 6523
"/Engine/EngineMaterials/Substrate/GLints/dict_16_192_64_0p5_0p02_0012_0001" 6524
"/Engine/EngineMaterials/Substrate/GLints/dict_16_192_64_0p5_0p02_0010_0002" 6525
"../../../Engine/Content/EngineMaterials/Substrate/GLints/dict_16_192_64_0p5_0p02_0009_0006.uasset" 6526
"../../../Engine/Content/EngineMaterials/Substrate/GLints/dict_16_192_64_0p5_0p02_0010_0001.uasset" 6527
"/Engine/EngineMaterials/Substrate/GLints/dict_16_192_64_0p5_0p02_0010_0003" 6528
"../../../Engine/Content/EngineMaterials/Substrate/GLints/dict_16_192_64_0p5_0p02_0009_0014.uasset" 6529
"../../../Engine/Content/EngineMaterials/Substrate/GLints/dict_16_192_64_0p5_0p02_0009_0011.uasset" 6530
"../../../Engine/Content/EngineMaterials/Substrate/GLints/dict_16_192_64_0p5_0p02_0009_0007.uasset" 6531
"../../../Engine/Content/EngineMaterials/Substrate/GLints/dict_16_192_64_0p5_0p02_0009_0008.uasset" 6532
"../../../Engine/Content/EngineMaterials/Substrate/GLints/dict_16_192_64_0p5_0p02_0010_0000.uasset" 6533
"../../../Engine/Content/EngineMaterials/Substrate/GLints/dict_16_192_64_0p5_0p02_0009_0012.uasset" 6534
"../../../Engine/Content/EngineMaterials/Substrate/GLints/dict_16_192_64_0p5_0p02_0009_0013.uasset" 6535
"../../../Engine/Content/EngineMaterials/Substrate/GLints/dict_16_192_64_0p5_0p02_0009_0010.uasset" 6536
"../../../Engine/Content/EngineMaterials/Substrate/GLints/dict_16_192_64_0p5_0p02_0009_0009.uasset" 6537
"../../../Engine/Content/EngineMaterials/Substrate/GLints/dict_16_192_64_0p5_0p02_0009_0015.uasset" 6538
"/Engine/EngineMaterials/Substrate/GLints/dict_16_192_64_0p5_0p02_0010_0004" 6539
"../../../Engine/Content/EngineMaterials/Substrate/GLints/dict_16_192_64_0p5_0p02_0009_0002.uasset" 6540
"../../../Engine/Content/EngineMaterials/Substrate/GLints/dict_16_192_64_0p5_0p02_0009_0004.uasset" 6541
"../../../Engine/Content/EngineMaterials/Substrate/GLints/dict_16_192_64_0p5_0p02_0009_0005.uasset" 6542
"../../../Engine/Content/EngineMaterials/Substrate/GLints/dict_16_192_64_0p5_0p02_0009_0003.uasset" 6543
"/Engine/EngineMaterials/Substrate/GLints/dict_16_192_64_0p5_0p02_0010_0005" 6544
"/Engine/EngineMaterials/Substrate/GLints/dict_16_192_64_0p5_0p02_0010_0006" 6545
"/Engine/EngineMaterials/Substrate/GLints/dict_16_192_64_0p5_0p02_0010_0007" 6546
"/Engine/EngineMaterials/Substrate/GLints/dict_16_192_64_0p5_0p02_0010_0008" 6547
"/Engine/EngineMaterials/Substrate/GLints/dict_16_192_64_0p5_0p02_0010_0009" 6548
"/Engine/EngineMaterials/Substrate/GLints/dict_16_192_64_0p5_0p02_0010_0010" 6549
"/Engine/EngineMaterials/Substrate/GLints/dict_16_192_64_0p5_0p02_0010_0011" 6550
"/Engine/EngineMaterials/Substrate/GLints/dict_16_192_64_0p5_0p02_0010_0012" 6551
"/Engine/EngineMaterials/Substrate/GLints/dict_16_192_64_0p5_0p02_0010_0013" 6552
"/Engine/EngineMaterials/Substrate/GLints/dict_16_192_64_0p5_0p02_0010_0014" 6553
"/Engine/EngineMaterials/Substrate/GLints/dict_16_192_64_0p5_0p02_0010_0015" 6554
"/Engine/EngineMaterials/Substrate/GLints/dict_16_192_64_0p5_0p02_0011_0000" 6555
"/Engine/EngineMaterials/Substrate/GLints/dict_16_192_64_0p5_0p02_0011_0001" 6556
"/Engine/EngineMaterials/Substrate/GLints/dict_16_192_64_0p5_0p02_0009_0002" 6557
"../../../Engine/Content/EngineMaterials/Substrate/GLints/dict_16_192_64_0p5_0p02_0008_0009.uasset" 6558
"../../../Engine/Content/EngineMaterials/Substrate/GLints/dict_16_192_64_0p5_0p02_0008_0012.uasset" 6559
"../../../Engine/Content/EngineMaterials/Substrate/GLints/dict_16_192_64_0p5_0p02_0008_0008.uasset" 6560
"../../../Engine/Content/EngineMaterials/Substrate/GLints/dict_16_192_64_0p5_0p02_0008_0007.uasset" 6561
"../../../Engine/Content/EngineMaterials/Substrate/GLints/dict_16_192_64_0p5_0p02_0008_0010.uasset" 6562
"../../../Engine/Content/EngineMaterials/Substrate/GLints/dict_16_192_64_0p5_0p02_0009_0001.uasset" 6563
"../../../Engine/Content/EngineMaterials/Substrate/GLints/dict_16_192_64_0p5_0p02_0008_0013.uasset" 6564
"../../../Engine/Content/EngineMaterials/Substrate/GLints/dict_16_192_64_0p5_0p02_0008_0015.uasset" 6565
"../../../Engine/Content/EngineMaterials/Substrate/GLints/dict_16_192_64_0p5_0p02_0008_0006.uasset" 6566
"/Engine/EngineMaterials/Substrate/GLints/dict_16_192_64_0p5_0p02_0009_0003" 6567
"../../../Engine/Content/EngineMaterials/Substrate/GLints/dict_16_192_64_0p5_0p02_0008_0014.uasset" 6568
"../../../Engine/Content/EngineMaterials/Substrate/GLints/dict_16_192_64_0p5_0p02_0008_0004.uasset" 6569
"../../../Engine/Content/EngineMaterials/Substrate/GLints/dict_16_192_64_0p5_0p02_0008_0005.uasset" 6570
"../../../Engine/Content/EngineMaterials/Substrate/GLints/dict_16_192_64_0p5_0p02_0008_0002.uasset" 6571
"/Engine/EngineMaterials/Substrate/GLints/dict_16_192_64_0p5_0p02_0009_0004" 6572
"../../../Engine/Content/EngineMaterials/Substrate/GLints/dict_16_192_64_0p5_0p02_0008_0003.uasset" 6573
"../../../Engine/Content/EngineMaterials/Substrate/GLints/dict_16_192_64_0p5_0p02_0008_0011.uasset" 6574
"/Engine/EngineMaterials/Substrate/GLints/dict_16_192_64_0p5_0p02_0009_0005" 6575
"../../../Engine/Content/EngineMaterials/Substrate/GLints/dict_16_192_64_0p5_0p02_0009_0000.uasset" 6576
"/Engine/EngineMaterials/Substrate/GLints/dict_16_192_64_0p5_0p02_0009_0006" 6577
"/Engine/EngineMaterials/Substrate/GLints/dict_16_192_64_0p5_0p02_0009_0007" 6578
"/Engine/EngineMaterials/Substrate/GLints/dict_16_192_64_0p5_0p02_0009_0008" 6579
"/Engine/EngineMaterials/Substrate/GLints/dict_16_192_64_0p5_0p02_0009_0009" 6580
"/Engine/EngineMaterials/Substrate/GLints/dict_16_192_64_0p5_0p02_0009_0010" 6581
"/Engine/EngineMaterials/Substrate/GLints/dict_16_192_64_0p5_0p02_0009_0011" 6582
"/Engine/EngineMaterials/Substrate/GLints/dict_16_192_64_0p5_0p02_0009_0012" 6583
"/Engine/EngineMaterials/Substrate/GLints/dict_16_192_64_0p5_0p02_0009_0013" 6584
"/Engine/EngineMaterials/Substrate/GLints/dict_16_192_64_0p5_0p02_0009_0014" 6585
"/Engine/EngineMaterials/Substrate/GLints/dict_16_192_64_0p5_0p02_0009_0015" 6586
"/Engine/EngineMaterials/Substrate/GLints/dict_16_192_64_0p5_0p02_0010_0000" 6587
"/Engine/EngineMaterials/Substrate/GLints/dict_16_192_64_0p5_0p02_0010_0001" 6588
"/Engine/EngineMaterials/Substrate/GLints/dict_16_192_64_0p5_0p02_0008_0002" 6589
"../../../Engine/Content/EngineMaterials/Substrate/GLints/dict_16_192_64_0p5_0p02_0007_0014.uasset" 6590
"../../../Engine/Content/EngineMaterials/Substrate/GLints/dict_16_192_64_0p5_0p02_0007_0006.uasset" 6591
"../../../Engine/Content/EngineMaterials/Substrate/GLints/dict_16_192_64_0p5_0p02_0008_0000.uasset" 6592
"../../../Engine/Content/EngineMaterials/Substrate/GLints/dict_16_192_64_0p5_0p02_0007_0012.uasset" 6593
"../../../Engine/Content/EngineMaterials/Substrate/GLints/dict_16_192_64_0p5_0p02_0008_0001.uasset" 6594
"../../../Engine/Content/EngineMaterials/Substrate/GLints/dict_16_192_64_0p5_0p02_0007_0011.uasset" 6595
"../../../Engine/Content/EngineMaterials/Substrate/GLints/dict_16_192_64_0p5_0p02_0007_0013.uasset" 6596
"../../../Engine/Content/EngineMaterials/Substrate/GLints/dict_16_192_64_0p5_0p02_0007_0008.uasset" 6597
"../../../Engine/Content/EngineMaterials/Substrate/GLints/dict_16_192_64_0p5_0p02_0007_0009.uasset" 6598
"../../../Engine/Content/EngineMaterials/Substrate/GLints/dict_16_192_64_0p5_0p02_0007_0010.uasset" 6599
"../../../Engine/Content/EngineMaterials/Substrate/GLints/dict_16_192_64_0p5_0p02_0007_0007.uasset" 6600
"/Engine/EngineMaterials/Substrate/GLints/dict_16_192_64_0p5_0p02_0008_0003" 6601
"../../../Engine/Content/EngineMaterials/Substrate/GLints/dict_16_192_64_0p5_0p02_0007_0015.uasset" 6602
"../../../Engine/Content/EngineMaterials/Substrate/GLints/dict_16_192_64_0p5_0p02_0007_0005.uasset" 6603
"../../../Engine/Content/EngineMaterials/Substrate/GLints/dict_16_192_64_0p5_0p02_0007_0004.uasset" 6604
"../../../Engine/Content/EngineMaterials/Substrate/GLints/dict_16_192_64_0p5_0p02_0007_0003.uasset" 6605
"../../../Engine/Content/EngineMaterials/Substrate/GLints/dict_16_192_64_0p5_0p02_0007_0002.uasset" 6606
"/Engine/EngineMaterials/Substrate/GLints/dict_16_192_64_0p5_0p02_0008_0004" 6607
"/Engine/EngineMaterials/Substrate/GLints/dict_16_192_64_0p5_0p02_0008_0005" 6608
"/Engine/EngineMaterials/Substrate/GLints/dict_16_192_64_0p5_0p02_0008_0006" 6609
"/Engine/EngineMaterials/Substrate/GLints/dict_16_192_64_0p5_0p02_0008_0007" 6610
"/Engine/EngineMaterials/Substrate/GLints/dict_16_192_64_0p5_0p02_0008_0008" 6611
"/Engine/EngineMaterials/Substrate/GLints/dict_16_192_64_0p5_0p02_0008_0009" 6612
"/Engine/EngineMaterials/Substrate/GLints/dict_16_192_64_0p5_0p02_0008_0010" 6613
"/Engine/EngineMaterials/Substrate/GLints/dict_16_192_64_0p5_0p02_0008_0011" 6614
"/Engine/EngineMaterials/Substrate/GLints/dict_16_192_64_0p5_0p02_0008_0012" 6615
"/Engine/EngineMaterials/Substrate/GLints/dict_16_192_64_0p5_0p02_0008_0013" 6616
"/Engine/EngineMaterials/Substrate/GLints/dict_16_192_64_0p5_0p02_0008_0014" 6617
"/Engine/EngineMaterials/Substrate/GLints/dict_16_192_64_0p5_0p02_0008_0015" 6618
"/Engine/EngineMaterials/Substrate/GLints/dict_16_192_64_0p5_0p02_0009_0000" 6619
"/Engine/EngineMaterials/Substrate/GLints/dict_16_192_64_0p5_0p02_0009_0001" 6620
"/Engine/EngineMaterials/Substrate/GLints/dict_16_192_64_0p5_0p02_0007_0002" 6621
"../../../Engine/Content/EngineMaterials/Substrate/GLints/dict_16_192_64_0p5_0p02_0006_0008.uasset" 6622
"../../../Engine/Content/EngineMaterials/Substrate/GLints/dict_16_192_64_0p5_0p02_0006_0010.uasset" 6623
"../../../Engine/Content/EngineMaterials/Substrate/GLints/dict_16_192_64_0p5_0p02_0006_0009.uasset" 6624
"../../../Engine/Content/EngineMaterials/Substrate/GLints/dict_16_192_64_0p5_0p02_0007_0000.uasset" 6625
"/Engine/EngineMaterials/Substrate/GLints/dict_16_192_64_0p5_0p02_0007_0003" 6626
"../../../Engine/Content/EngineMaterials/Substrate/GLints/dict_16_192_64_0p5_0p02_0006_0007.uasset" 6627
"../../../Engine/Content/EngineMaterials/Substrate/GLints/dict_16_192_64_0p5_0p02_0006_0011.uasset" 6628
"../../../Engine/Content/EngineMaterials/Substrate/GLints/dict_16_192_64_0p5_0p02_0007_0001.uasset" 6629
"../../../Engine/Content/EngineMaterials/Substrate/GLints/dict_16_192_64_0p5_0p02_0006_0012.uasset" 6630
"../../../Engine/Content/EngineMaterials/Substrate/GLints/dict_16_192_64_0p5_0p02_0006_0015.uasset" 6631
"../../../Engine/Content/EngineMaterials/Substrate/GLints/dict_16_192_64_0p5_0p02_0006_0014.uasset" 6632
"../../../Engine/Content/EngineMaterials/Substrate/GLints/dict_16_192_64_0p5_0p02_0006_0013.uasset" 6633
"/Engine/EngineMaterials/Substrate/GLints/dict_16_192_64_0p5_0p02_0007_0004" 6634
"../../../Engine/Content/EngineMaterials/Substrate/GLints/dict_16_192_64_0p5_0p02_0006_0005.uasset" 6635
"../../../Engine/Content/EngineMaterials/Substrate/GLints/dict_16_192_64_0p5_0p02_0006_0004.uasset" 6636
"../../../Engine/Content/EngineMaterials/Substrate/GLints/dict_16_192_64_0p5_0p02_0006_0003.uasset" 6637
"../../../Engine/Content/EngineMaterials/Substrate/GLints/dict_16_192_64_0p5_0p02_0006_0006.uasset" 6638
"../../../Engine/Content/EngineMaterials/Substrate/GLints/dict_16_192_64_0p5_0p02_0006_0002.uasset" 6639
"/Engine/EngineMaterials/Substrate/GLints/dict_16_192_64_0p5_0p02_0007_0005" 6640
"/Engine/EngineMaterials/Substrate/GLints/dict_16_192_64_0p5_0p02_0007_0006" 6641
"/Engine/EngineMaterials/Substrate/GLints/dict_16_192_64_0p5_0p02_0007_0007" 6642
"/Engine/EngineMaterials/Substrate/GLints/dict_16_192_64_0p5_0p02_0007_0008" 6643
"/Engine/EngineMaterials/Substrate/GLints/dict_16_192_64_0p5_0p02_0007_0009" 6644
"/Engine/EngineMaterials/Substrate/GLints/dict_16_192_64_0p5_0p02_0007_0010" 6645
"/Engine/EngineMaterials/Substrate/GLints/dict_16_192_64_0p5_0p02_0007_0011" 6646
"/Engine/EngineMaterials/Substrate/GLints/dict_16_192_64_0p5_0p02_0007_0012" 6647
"/Engine/EngineMaterials/Substrate/GLints/dict_16_192_64_0p5_0p02_0007_0013" 6648
"/Engine/EngineMaterials/Substrate/GLints/dict_16_192_64_0p5_0p02_0007_0014" 6649
"/Engine/EngineMaterials/Substrate/GLints/dict_16_192_64_0p5_0p02_0007_0015" 6650
"/Engine/EngineMaterials/Substrate/GLints/dict_16_192_64_0p5_0p02_0008_0000" 6651
"/Engine/EngineMaterials/Substrate/GLints/dict_16_192_64_0p5_0p02_0008_0001" 6652
"/Engine/EngineMaterials/Substrate/GLints/dict_16_192_64_0p5_0p02_0006_0002" 6653
"../../../Engine/Content/EngineMaterials/Substrate/GLints/dict_16_192_64_0p5_0p02_0005_0007.uasset" 6654
"../../../Engine/Content/EngineMaterials/Substrate/GLints/dict_16_192_64_0p5_0p02_0005_0014.uasset" 6655
"../../../Engine/Content/EngineMaterials/Substrate/GLints/dict_16_192_64_0p5_0p02_0005_0011.uasset" 6656
"../../../Engine/Content/EngineMaterials/Substrate/GLints/dict_16_192_64_0p5_0p02_0005_0010.uasset" 6657
"../../../Engine/Content/EngineMaterials/Substrate/GLints/dict_16_192_64_0p5_0p02_0005_0015.uasset" 6658
"/Engine/EngineMaterials/Substrate/GLints/dict_16_192_64_0p5_0p02_0006_0003" 6659
"../../../Engine/Content/EngineMaterials/Substrate/GLints/dict_16_192_64_0p5_0p02_0006_0000.uasset" 6660
"../../../Engine/Content/EngineMaterials/Substrate/GLints/dict_16_192_64_0p5_0p02_0005_0008.uasset" 6661
"../../../Engine/Content/EngineMaterials/Substrate/GLints/dict_16_192_64_0p5_0p02_0005_0013.uasset" 6662
"../../../Engine/Content/EngineMaterials/Substrate/GLints/dict_16_192_64_0p5_0p02_0005_0012.uasset" 6663
"../../../Engine/Content/EngineMaterials/Substrate/GLints/dict_16_192_64_0p5_0p02_0005_0009.uasset" 6664
"../../../Engine/Content/EngineMaterials/Substrate/GLints/dict_16_192_64_0p5_0p02_0006_0001.uasset" 6665
"../../../Engine/Content/EngineMaterials/Substrate/GLints/dict_16_192_64_0p5_0p02_0005_0006.uasset" 6666
"../../../Engine/Content/EngineMaterials/Substrate/GLints/dict_16_192_64_0p5_0p02_0005_0005.uasset" 6667
"../../../Engine/Content/EngineMaterials/Substrate/GLints/dict_16_192_64_0p5_0p02_0005_0004.uasset" 6668
"/Engine/EngineMaterials/Substrate/GLints/dict_16_192_64_0p5_0p02_0006_0004" 6669
"../../../Engine/Content/EngineMaterials/Substrate/GLints/dict_16_192_64_0p5_0p02_0005_0003.uasset" 6670
"../../../Engine/Content/EngineMaterials/Substrate/GLints/dict_16_192_64_0p5_0p02_0005_0002.uasset" 6671
"/Engine/EngineMaterials/Substrate/GLints/dict_16_192_64_0p5_0p02_0006_0005" 6672
"/Engine/EngineMaterials/Substrate/GLints/dict_16_192_64_0p5_0p02_0006_0006" 6673
"/Engine/EngineMaterials/Substrate/GLints/dict_16_192_64_0p5_0p02_0006_0007" 6674
"/Engine/EngineMaterials/Substrate/GLints/dict_16_192_64_0p5_0p02_0006_0008" 6675
"/Engine/EngineMaterials/Substrate/GLints/dict_16_192_64_0p5_0p02_0006_0009" 6676
"/Engine/EngineMaterials/Substrate/GLints/dict_16_192_64_0p5_0p02_0006_0010" 6677
"/Engine/EngineMaterials/Substrate/GLints/dict_16_192_64_0p5_0p02_0006_0011" 6678
"/Engine/EngineMaterials/Substrate/GLints/dict_16_192_64_0p5_0p02_0006_0012" 6679
"/Engine/EngineMaterials/Substrate/GLints/dict_16_192_64_0p5_0p02_0006_0013" 6680
"/Engine/EngineMaterials/Substrate/GLints/dict_16_192_64_0p5_0p02_0006_0014" 6681
"/Engine/EngineMaterials/Substrate/GLints/dict_16_192_64_0p5_0p02_0006_0015" 6682
"/Engine/EngineMaterials/Substrate/GLints/dict_16_192_64_0p5_0p02_0007_0000" 6683
"/Engine/EngineMaterials/Substrate/GLints/dict_16_192_64_0p5_0p02_0007_0001" 6684
"/Engine/EngineMaterials/Substrate/GLints/dict_16_192_64_0p5_0p02_0005_0002" 6685
"../../../Engine/Content/EngineMaterials/Substrate/GLints/dict_16_192_64_0p5_0p02_0004_0010.uasset" 6686
"../../../Engine/Content/EngineMaterials/Substrate/GLints/dict_16_192_64_0p5_0p02_0004_0008.uasset" 6687
"../../../Engine/Content/EngineMaterials/Substrate/GLints/dict_16_192_64_0p5_0p02_0004_0007.uasset" 6688
"../../../Engine/Content/EngineMaterials/Substrate/GLints/dict_16_192_64_0p5_0p02_0004_0015.uasset" 6689
"/Engine/EngineMaterials/Substrate/GLints/dict_16_192_64_0p5_0p02_0005_0003" 6690
"../../../Engine/Content/EngineMaterials/Substrate/GLints/dict_16_192_64_0p5_0p02_0004_0012.uasset" 6691
"../../../Engine/Content/EngineMaterials/Substrate/GLints/dict_16_192_64_0p5_0p02_0004_0011.uasset" 6692
"../../../Engine/Content/EngineMaterials/Substrate/GLints/dict_16_192_64_0p5_0p02_0005_0001.uasset" 6693
"../../../Engine/Content/EngineMaterials/Substrate/GLints/dict_16_192_64_0p5_0p02_0004_0009.uasset" 6694
"../../../Engine/Content/EngineMaterials/Substrate/GLints/dict_16_192_64_0p5_0p02_0005_0000.uasset" 6695
"../../../Engine/Content/EngineMaterials/Substrate/GLints/dict_16_192_64_0p5_0p02_0004_0014.uasset" 6696
"../../../Engine/Content/EngineMaterials/Substrate/GLints/dict_16_192_64_0p5_0p02_0004_0013.uasset" 6697
"../../../Engine/Content/EngineMaterials/Substrate/GLints/dict_16_192_64_0p5_0p02_0004_0006.uasset" 6698
"/Engine/EngineMaterials/Substrate/GLints/dict_16_192_64_0p5_0p02_0005_0004" 6699
"../../../Engine/Content/EngineMaterials/Substrate/GLints/dict_16_192_64_0p5_0p02_0004_0005.uasset" 6700
"../../../Engine/Content/EngineMaterials/Substrate/GLints/dict_16_192_64_0p5_0p02_0004_0003.uasset" 6701
"../../../Engine/Content/EngineMaterials/Substrate/GLints/dict_16_192_64_0p5_0p02_0004_0004.uasset" 6702
"../../../Engine/Content/EngineMaterials/Substrate/GLints/dict_16_192_64_0p5_0p02_0004_0002.uasset" 6703
"/Engine/EngineMaterials/Substrate/GLints/dict_16_192_64_0p5_0p02_0005_0005" 6704
"/Engine/EngineMaterials/Substrate/GLints/dict_16_192_64_0p5_0p02_0005_0006" 6705
"/Engine/EngineMaterials/Substrate/GLints/dict_16_192_64_0p5_0p02_0005_0007" 6706
"/Engine/EngineMaterials/Substrate/GLints/dict_16_192_64_0p5_0p02_0005_0008" 6707
"/Engine/EngineMaterials/Substrate/GLints/dict_16_192_64_0p5_0p02_0005_0009" 6708
"/Engine/EngineMaterials/Substrate/GLints/dict_16_192_64_0p5_0p02_0005_0010" 6709
"/Engine/EngineMaterials/Substrate/GLints/dict_16_192_64_0p5_0p02_0005_0011" 6710
"/Engine/EngineMaterials/Substrate/GLints/dict_16_192_64_0p5_0p02_0005_0012" 6711
"/Engine/EngineMaterials/Substrate/GLints/dict_16_192_64_0p5_0p02_0005_0013" 6712
"/Engine/EngineMaterials/Substrate/GLints/dict_16_192_64_0p5_0p02_0005_0014" 6713
"/Engine/EngineMaterials/Substrate/GLints/dict_16_192_64_0p5_0p02_0005_0015" 6714
"/Engine/EngineMaterials/Substrate/GLints/dict_16_192_64_0p5_0p02_0006_0000" 6715
"/Engine/EngineMaterials/Substrate/GLints/dict_16_192_64_0p5_0p02_0006_0001" 6716
"/Engine/EngineMaterials/Substrate/GLints/dict_16_192_64_0p5_0p02_0004_0002" 6717
"../../../Engine/Content/EngineMaterials/Substrate/GLints/dict_16_192_64_0p5_0p02_0003_0015.uasset" 6718
"../../../Engine/Content/EngineMaterials/Substrate/GLints/dict_16_192_64_0p5_0p02_0003_0007.uasset" 6719
"../../../Engine/Content/EngineMaterials/Substrate/GLints/dict_16_192_64_0p5_0p02_0003_0010.uasset" 6720
"../../../Engine/Content/EngineMaterials/Substrate/GLints/dict_16_192_64_0p5_0p02_0004_0000.uasset" 6721
"../../../Engine/Content/EngineMaterials/Substrate/GLints/dict_16_192_64_0p5_0p02_0003_0013.uasset" 6722
"../../../Engine/Content/EngineMaterials/Substrate/GLints/dict_16_192_64_0p5_0p02_0003_0008.uasset" 6723
"../../../Engine/Content/EngineMaterials/Substrate/GLints/dict_16_192_64_0p5_0p02_0003_0014.uasset" 6724
"/Engine/EngineMaterials/Substrate/GLints/dict_16_192_64_0p5_0p02_0004_0003" 6725
"../../../Engine/Content/EngineMaterials/Substrate/GLints/dict_16_192_64_0p5_0p02_0003_0012.uasset" 6726
"../../../Engine/Content/EngineMaterials/Substrate/GLints/dict_16_192_64_0p5_0p02_0003_0011.uasset" 6727
"../../../Engine/Content/EngineMaterials/Substrate/GLints/dict_16_192_64_0p5_0p02_0003_0009.uasset" 6728
"../../../Engine/Content/EngineMaterials/Substrate/GLints/dict_16_192_64_0p5_0p02_0004_0001.uasset" 6729
"../../../Engine/Content/EngineMaterials/Substrate/GLints/dict_16_192_64_0p5_0p02_0003_0006.uasset" 6730
"../../../Engine/Content/EngineMaterials/Substrate/GLints/dict_16_192_64_0p5_0p02_0003_0004.uasset" 6731
"/Engine/EngineMaterials/Substrate/GLints/dict_16_192_64_0p5_0p02_0004_0004" 6732
"../../../Engine/Content/EngineMaterials/Substrate/GLints/dict_16_192_64_0p5_0p02_0003_0003.uasset" 6733
"../../../Engine/Content/EngineMaterials/Substrate/GLints/dict_16_192_64_0p5_0p02_0003_0005.uasset" 6734
"../../../Engine/Content/EngineMaterials/Substrate/GLints/dict_16_192_64_0p5_0p02_0003_0002.uasset" 6735
"/Engine/EngineMaterials/Substrate/GLints/dict_16_192_64_0p5_0p02_0004_0005" 6736
"/Engine/EngineMaterials/Substrate/GLints/dict_16_192_64_0p5_0p02_0004_0006" 6737
"/Engine/EngineMaterials/Substrate/GLints/dict_16_192_64_0p5_0p02_0004_0007" 6738
"/Engine/EngineMaterials/Substrate/GLints/dict_16_192_64_0p5_0p02_0004_0008" 6739
"/Engine/EngineMaterials/Substrate/GLints/dict_16_192_64_0p5_0p02_0004_0009" 6740
"/Engine/EngineMaterials/Substrate/GLints/dict_16_192_64_0p5_0p02_0004_0010" 6741
"/Engine/EngineMaterials/Substrate/GLints/dict_16_192_64_0p5_0p02_0004_0011" 6742
"/Engine/EngineMaterials/Substrate/GLints/dict_16_192_64_0p5_0p02_0004_0012" 6743
"/Engine/EngineMaterials/Substrate/GLints/dict_16_192_64_0p5_0p02_0004_0013" 6744
"/Engine/EngineMaterials/Substrate/GLints/dict_16_192_64_0p5_0p02_0004_0014" 6745
"/Engine/EngineMaterials/Substrate/GLints/dict_16_192_64_0p5_0p02_0004_0015" 6746
"/Engine/EngineMaterials/Substrate/GLints/dict_16_192_64_0p5_0p02_0005_0000" 6747
"/Engine/EngineMaterials/Substrate/GLints/dict_16_192_64_0p5_0p02_0005_0001" 6748
"/Engine/EngineMaterials/Substrate/GLints/dict_16_192_64_0p5_0p02_0003_0002" 6749
"../../../Engine/Content/EngineMaterials/Substrate/GLints/dict_16_192_64_0p5_0p02_0003_0001.uasset" 6750
"../../../Engine/Content/EngineMaterials/Substrate/GLints/dict_16_192_64_0p5_0p02_0002_0015.uasset" 6751
"/Engine/EngineMaterials/Substrate/GLints/dict_16_192_64_0p5_0p02_0003_0003" 6752
"../../../Engine/Content/EngineMaterials/Substrate/GLints/dict_16_192_64_0p5_0p02_0002_0014.uasset" 6753
"../../../Engine/Content/EngineMaterials/Substrate/GLints/dict_16_192_64_0p5_0p02_0002_0008.uasset" 6754
"../../../Engine/Content/EngineMaterials/Substrate/GLints/dict_16_192_64_0p5_0p02_0002_0007.uasset" 6755
"../../../Engine/Content/EngineMaterials/Substrate/GLints/dict_16_192_64_0p5_0p02_0002_0013.uasset" 6756
"../../../Engine/Content/EngineMaterials/Substrate/GLints/dict_16_192_64_0p5_0p02_0002_0009.uasset" 6757
"../../../Engine/Content/EngineMaterials/Substrate/GLints/dict_16_192_64_0p5_0p02_0002_0010.uasset" 6758
"../../../Engine/Content/EngineMaterials/Substrate/GLints/dict_16_192_64_0p5_0p02_0002_0011.uasset" 6759
"../../../Engine/Content/EngineMaterials/Substrate/GLints/dict_16_192_64_0p5_0p02_0003_0000.uasset" 6760
"../../../Engine/Content/EngineMaterials/Substrate/GLints/dict_16_192_64_0p5_0p02_0002_0012.uasset" 6761
"/Engine/EngineMaterials/Substrate/GLints/dict_16_192_64_0p5_0p02_0003_0004" 6762
"../../../Engine/Content/EngineMaterials/Substrate/GLints/dict_16_192_64_0p5_0p02_0002_0006.uasset" 6763
"../../../Engine/Content/EngineMaterials/Substrate/GLints/dict_16_192_64_0p5_0p02_0002_0005.uasset" 6764
"../../../Engine/Content/EngineMaterials/Substrate/GLints/dict_16_192_64_0p5_0p02_0002_0004.uasset" 6765
"../../../Engine/Content/EngineMaterials/Substrate/GLints/dict_16_192_64_0p5_0p02_0002_0002.uasset" 6766
"/Engine/EngineMaterials/Substrate/GLints/dict_16_192_64_0p5_0p02_0003_0005" 6767
"../../../Engine/Content/EngineMaterials/Substrate/GLints/dict_16_192_64_0p5_0p02_0002_0003.uasset" 6768
"/Engine/EngineMaterials/Substrate/GLints/dict_16_192_64_0p5_0p02_0003_0006" 6769
"/Engine/EngineMaterials/Substrate/GLints/dict_16_192_64_0p5_0p02_0003_0007" 6770
"/Engine/EngineMaterials/Substrate/GLints/dict_16_192_64_0p5_0p02_0003_0008" 6771
"/Engine/EngineMaterials/Substrate/GLints/dict_16_192_64_0p5_0p02_0003_0009" 6772
"/Engine/EngineMaterials/Substrate/GLints/dict_16_192_64_0p5_0p02_0003_0010" 6773
"/Engine/EngineMaterials/Substrate/GLints/dict_16_192_64_0p5_0p02_0003_0011" 6774
"/Engine/EngineMaterials/Substrate/GLints/dict_16_192_64_0p5_0p02_0003_0012" 6775
"/Engine/EngineMaterials/Substrate/GLints/dict_16_192_64_0p5_0p02_0003_0013" 6776
"/Engine/EngineMaterials/Substrate/GLints/dict_16_192_64_0p5_0p02_0003_0014" 6777
"/Engine/EngineMaterials/Substrate/GLints/dict_16_192_64_0p5_0p02_0003_0015" 6778
"/Engine/EngineMaterials/Substrate/GLints/dict_16_192_64_0p5_0p02_0004_0000" 6779
"/Engine/EngineMaterials/Substrate/GLints/dict_16_192_64_0p5_0p02_0004_0001" 6780
"/Engine/EngineMaterials/Substrate/GLints/dict_16_192_64_0p5_0p02_0002_0002" 6781
"../../../Engine/Content/EngineMaterials/Substrate/GLints/dict_16_192_64_0p5_0p02_0001_0015.uasset" 6782
"../../../Engine/Content/EngineMaterials/Substrate/GLints/dict_16_192_64_0p5_0p02_0001_0010.uasset" 6783
"../../../Engine/Content/EngineMaterials/Substrate/GLints/dict_16_192_64_0p5_0p02_0001_0013.uasset" 6784
"../../../Engine/Content/EngineMaterials/Substrate/GLints/dict_16_192_64_0p5_0p02_0001_0011.uasset" 6785
"../../../Engine/Content/EngineMaterials/Substrate/GLints/dict_16_192_64_0p5_0p02_0002_0001.uasset" 6786
"../../../Engine/Content/EngineMaterials/Substrate/GLints/dict_16_192_64_0p5_0p02_0001_0014.uasset" 6787
"../../../Engine/Content/EngineMaterials/Substrate/GLints/dict_16_192_64_0p5_0p02_0001_0007.uasset" 6788
"../../../Engine/Content/EngineMaterials/Substrate/GLints/dict_16_192_64_0p5_0p02_0001_0008.uasset" 6789
"/Engine/EngineMaterials/Substrate/GLints/dict_16_192_64_0p5_0p02_0002_0003" 6790
"../../../Engine/Content/EngineMaterials/Substrate/GLints/dict_16_192_64_0p5_0p02_0001_0009.uasset" 6791
"../../../Engine/Content/EngineMaterials/Substrate/GLints/dict_16_192_64_0p5_0p02_0001_0012.uasset" 6792
"../../../Engine/Content/EngineMaterials/Substrate/GLints/dict_16_192_64_0p5_0p02_0002_0000.uasset" 6793
"../../../Engine/Content/EngineMaterials/Substrate/GLints/dict_16_192_64_0p5_0p02_0001_0006.uasset" 6794
"../../../Engine/Content/EngineMaterials/Substrate/GLints/dict_16_192_64_0p5_0p02_0001_0005.uasset" 6795
"../../../Engine/Content/EngineMaterials/Substrate/GLints/dict_16_192_64_0p5_0p02_0001_0004.uasset" 6796
"/Engine/EngineMaterials/Substrate/GLints/dict_16_192_64_0p5_0p02_0002_0004" 6797
"../../../Engine/Content/EngineMaterials/Substrate/GLints/dict_16_192_64_0p5_0p02_0001_0003.uasset" 6798
"../../../Engine/Content/EngineMaterials/Substrate/GLints/dict_16_192_64_0p5_0p02_0001_0002.uasset" 6799
"/Engine/EngineMaterials/Substrate/GLints/dict_16_192_64_0p5_0p02_0002_0005" 6800
"/Engine/EngineMaterials/Substrate/GLints/dict_16_192_64_0p5_0p02_0002_0006" 6801
"/Engine/EngineMaterials/Substrate/GLints/dict_16_192_64_0p5_0p02_0002_0007" 6802
"/Engine/EngineMaterials/Substrate/GLints/dict_16_192_64_0p5_0p02_0002_0008" 6803
"/Engine/EngineMaterials/Substrate/GLints/dict_16_192_64_0p5_0p02_0002_0009" 6804
"/Engine/EngineMaterials/Substrate/GLints/dict_16_192_64_0p5_0p02_0002_0010" 6805
"/Engine/EngineMaterials/Substrate/GLints/dict_16_192_64_0p5_0p02_0002_0011" 6806
"/Engine/EngineMaterials/Substrate/GLints/dict_16_192_64_0p5_0p02_0002_0012" 6807
"/Engine/EngineMaterials/Substrate/GLints/dict_16_192_64_0p5_0p02_0002_0013" 6808
"/Engine/EngineMaterials/Substrate/GLints/dict_16_192_64_0p5_0p02_0002_0014" 6809
"/Engine/EngineMaterials/Substrate/GLints/dict_16_192_64_0p5_0p02_0002_0015" 6810
"/Engine/EngineMaterials/Substrate/GLints/dict_16_192_64_0p5_0p02_0003_0000" 6811
"/Engine/EngineMaterials/Substrate/GLints/dict_16_192_64_0p5_0p02_0003_0001" 6812
"/Engine/EngineMaterials/Substrate/GLints/dict_16_192_64_0p5_0p02_0001_0002" 6813
"/Engine/EngineMaterials/Substrate/GLints/dict_16_192_64_0p5_0p02_0001_0003" 6814
"../../../Engine/Content/EngineMaterials/Substrate/GLints/dict_16_192_64_0p5_0p02_0000_0010.uasset" 6815
"../../../Engine/Content/EngineMaterials/Substrate/GLints/dict_16_192_64_0p5_0p02_0000_0012.uasset" 6816
"../../../Engine/Content/EngineMaterials/Substrate/GLints/dict_16_192_64_0p5_0p02_0000_0015.uasset" 6817
"../../../Engine/Content/EngineMaterials/Substrate/GLints/dict_16_192_64_0p5_0p02_0001_0001.uasset" 6818
"../../../Engine/Content/EngineMaterials/Substrate/GLints/dict_16_192_64_0p5_0p02_0001_0000.uasset" 6819
"../../../Engine/Content/EngineMaterials/Substrate/GLints/dict_16_192_64_0p5_0p02_0000_0011.uasset" 6820
"../../../Engine/Content/EngineMaterials/Substrate/GLints/dict_16_192_64_0p5_0p02_0000_0009.uasset" 6821
"../../../Engine/Content/EngineMaterials/Substrate/GLints/dict_16_192_64_0p5_0p02_0000_0008.uasset" 6822
"../../../Engine/Content/EngineMaterials/Substrate/GLints/dict_16_192_64_0p5_0p02_0000_0007.uasset" 6823
"/Engine/EngineMaterials/Substrate/GLints/dict_16_192_64_0p5_0p02_0001_0004" 6824
"../../../Engine/Content/EngineMaterials/Substrate/GLints/dict_16_192_64_0p5_0p02_0000_0014.uasset" 6825
"../../../Engine/Content/EngineMaterials/Substrate/GLints/dict_16_192_64_0p5_0p02_0000_0013.uasset" 6826
"/Engine/EngineMaterials/Substrate/GLints/dict_16_192_64_0p5_0p02_0001_0005" 6827
"../../../Engine/Content/EngineMaterials/Substrate/GLints/dict_16_192_64_0p5_0p02_0000_0006.uasset" 6828
"../../../Engine/Content/EngineMaterials/Substrate/GLints/dict_16_192_64_0p5_0p02_0000_0005.uasset" 6829
"../../../Engine/Content/EngineMaterials/Substrate/GLints/dict_16_192_64_0p5_0p02_0000_0004.uasset" 6830
"../../../Engine/Content/EngineMaterials/Substrate/GLints/dict_16_192_64_0p5_0p02_0000_0002.uasset" 6831
"../../../Engine/Content/EngineMaterials/Substrate/GLints/dict_16_192_64_0p5_0p02_0000_0003.uasset" 6832
"/Engine/EngineMaterials/Substrate/GLints/dict_16_192_64_0p5_0p02_0001_0006" 6833
"/Engine/EngineMaterials/Substrate/GLints/dict_16_192_64_0p5_0p02_0001_0007" 6834
"/Engine/EngineMaterials/Substrate/GLints/dict_16_192_64_0p5_0p02_0001_0008" 6835
"/Engine/EngineMaterials/Substrate/GLints/dict_16_192_64_0p5_0p02_0001_0009" 6836
"/Engine/EngineMaterials/Substrate/GLints/dict_16_192_64_0p5_0p02_0001_0010" 6837
"/Engine/EngineMaterials/Substrate/GLints/dict_16_192_64_0p5_0p02_0001_0011" 6838
"/Engine/EngineMaterials/Substrate/GLints/dict_16_192_64_0p5_0p02_0001_0012" 6839
"/Engine/EngineMaterials/Substrate/GLints/dict_16_192_64_0p5_0p02_0001_0013" 6840
"/Engine/EngineMaterials/Substrate/GLints/dict_16_192_64_0p5_0p02_0001_0014" 6841
"/Engine/EngineMaterials/Substrate/GLints/dict_16_192_64_0p5_0p02_0001_0015" 6842
"/Engine/EngineMaterials/Substrate/GLints/dict_16_192_64_0p5_0p02_0002_0000" 6843
"/Engine/EngineMaterials/Substrate/GLints/dict_16_192_64_0p5_0p02_0002_0001" 6844
"/Engine/EngineMaterials/Substrate/GLints/dict_16_192_64_0p5_0p02_0000_0002" 6845
"../../../Engine/Content/EngineMaterials/Substrate/GLints/dict_16_192_64_0p5_0p02_0000_0001.uasset" 6846
"/Engine/EngineMaterials/Substrate/GLints/dict_16_192_64_0p5_0p02_0000_0003" 6847
"../../../Engine/Content/EngineMaterials/Substrate/Glints2/dict_0007_0250.uasset" 6848
"../../../Engine/Content/EngineMaterials/Substrate/GLints/AGlintTex2dArray.uasset" 6849
"../../../Engine/Content/EngineMaterials/Substrate/GLints/dict_16_192_64_0p5_0p02_0000_0000.uasset" 6850
"../../../Engine/Content/EngineMaterials/Substrate/Glints2/dict_0007_0251.uasset" 6851
"../../../Engine/Content/EngineMaterials/Substrate/Glints2/dict_0007_0255.uasset" 6852
"../../../Engine/Content/EngineMaterials/Substrate/Glints2/dict_0007_0254.uasset" 6853
"../../../Engine/Content/EngineMaterials/Substrate/Glints2/dict_0007_0248.uasset" 6854
"../../../Engine/Content/EngineMaterials/Substrate/Glints2/dict_0007_0253.uasset" 6855
"../../../Engine/Content/EngineMaterials/Substrate/Glints2/dict_0007_0252.uasset" 6856
"../../../Engine/Content/EngineMaterials/Substrate/Glints2/dict_0007_0249.uasset" 6857
"/Engine/EngineMaterials/Substrate/GLints/dict_16_192_64_0p5_0p02_0000_0004" 6858
"../../../Engine/Content/EngineMaterials/Substrate/Glints2/dict_0007_0247.uasset" 6859
"../../../Engine/Content/EngineMaterials/Substrate/Glints2/dict_0007_0246.uasset" 6860
"../../../Engine/Content/EngineMaterials/Substrate/Glints2/dict_0007_0245.uasset" 6861
"../../../Engine/Content/EngineMaterials/Substrate/Glints2/dict_0007_0244.uasset" 6862
"/Engine/EngineMaterials/Substrate/GLints/dict_16_192_64_0p5_0p02_0000_0005" 6863
"../../../Engine/Content/EngineMaterials/Substrate/Glints2/dict_0007_0243.uasset" 6864
"/Engine/EngineMaterials/Substrate/GLints/dict_16_192_64_0p5_0p02_0000_0006" 6865
"/Engine/EngineMaterials/Substrate/GLints/dict_16_192_64_0p5_0p02_0000_0007" 6866
"/Engine/EngineMaterials/Substrate/GLints/dict_16_192_64_0p5_0p02_0000_0008" 6867
"/Engine/EngineMaterials/Substrate/GLints/dict_16_192_64_0p5_0p02_0000_0009" 6868
"/Engine/EngineMaterials/Substrate/GLints/dict_16_192_64_0p5_0p02_0000_0010" 6869
"/Engine/EngineMaterials/Substrate/GLints/dict_16_192_64_0p5_0p02_0000_0011" 6870
"/Engine/EngineMaterials/Substrate/GLints/dict_16_192_64_0p5_0p02_0000_0012" 6871
"/Engine/EngineMaterials/Substrate/GLints/dict_16_192_64_0p5_0p02_0000_0013" 6872
"/Engine/EngineMaterials/Substrate/GLints/dict_16_192_64_0p5_0p02_0000_0014" 6873
"/Engine/EngineMaterials/Substrate/GLints/dict_16_192_64_0p5_0p02_0000_0015" 6874
"/Engine/EngineMaterials/Substrate/GLints/dict_16_192_64_0p5_0p02_0001_0000" 6875
"/Engine/EngineMaterials/Substrate/GLints/dict_16_192_64_0p5_0p02_0001_0001" 6876
"/Engine/EngineMaterials/Substrate/Glints2/dict_0007_0243" 6877
"../../../Engine/Content/EngineMaterials/Substrate/Glints2/dict_0007_0234.uasset" 6878
"../../../Engine/Content/EngineMaterials/Substrate/Glints2/dict_0007_0242.uasset" 6879
"../../../Engine/Content/EngineMaterials/Substrate/Glints2/dict_0007_0233.uasset" 6880
"/Engine/EngineMaterials/Substrate/Glints2/dict_0007_0244" 6881
"../../../Engine/Content/EngineMaterials/Substrate/Glints2/dict_0007_0235.uasset" 6882
"../../../Engine/Content/EngineMaterials/Substrate/Glints2/dict_0007_0239.uasset" 6883
"../../../Engine/Content/EngineMaterials/Substrate/Glints2/dict_0007_0236.uasset" 6884
"../../../Engine/Content/EngineMaterials/Substrate/Glints2/dict_0007_0232.uasset" 6885
"../../../Engine/Content/EngineMaterials/Substrate/Glints2/dict_0007_0241.uasset" 6886
"../../../Engine/Content/EngineMaterials/Substrate/Glints2/dict_0007_0238.uasset" 6887
"../../../Engine/Content/EngineMaterials/Substrate/Glints2/dict_0007_0240.uasset" 6888
"../../../Engine/Content/EngineMaterials/Substrate/Glints2/dict_0007_0237.uasset" 6889
"/Engine/EngineMaterials/Substrate/Glints2/dict_0007_0245" 6890
"../../../Engine/Content/EngineMaterials/Substrate/Glints2/dict_0007_0228.uasset" 6891
"../../../Engine/Content/EngineMaterials/Substrate/Glints2/dict_0007_0230.uasset" 6892
"../../../Engine/Content/EngineMaterials/Substrate/Glints2/dict_0007_0231.uasset" 6893
"../../../Engine/Content/EngineMaterials/Substrate/Glints2/dict_0007_0227.uasset" 6894
"../../../Engine/Content/EngineMaterials/Substrate/Glints2/dict_0007_0229.uasset" 6895
"/Engine/EngineMaterials/Substrate/Glints2/dict_0007_0246" 6896
"/Engine/EngineMaterials/Substrate/Glints2/dict_0007_0247" 6897
"/Engine/EngineMaterials/Substrate/Glints2/dict_0007_0248" 6898
"/Engine/EngineMaterials/Substrate/Glints2/dict_0007_0249" 6899
"/Engine/EngineMaterials/Substrate/Glints2/dict_0007_0250" 6900
"/Engine/EngineMaterials/Substrate/Glints2/dict_0007_0251" 6901
"/Engine/EngineMaterials/Substrate/Glints2/dict_0007_0252" 6902
"/Engine/EngineMaterials/Substrate/Glints2/dict_0007_0253" 6903
"/Engine/EngineMaterials/Substrate/Glints2/dict_0007_0254" 6904
"/Engine/EngineMaterials/Substrate/Glints2/dict_0007_0255" 6905
"/Engine/EngineMaterials/Substrate/GLints/AGlintTex2dArray" 6906
"../../../Engine/Content/EngineMaterials/Substrate/Glints2/dict_0007_0221.uasset" 6907
"../../../Engine/Content/EngineMaterials/Substrate/Glints2/dict_0007_0225.uasset" 6908
"../../../Engine/Content/EngineMaterials/Substrate/Glints2/dict_0007_0218.uasset" 6909
"../../../Engine/Content/EngineMaterials/Substrate/Glints2/dict_0007_0226.uasset" 6910
"../../../Engine/Content/EngineMaterials/Substrate/Glints2/dict_0007_0224.uasset" 6911
"../../../Engine/Content/EngineMaterials/Substrate/Glints2/dict_0007_0217.uasset" 6912
"../../../Engine/Content/EngineMaterials/Substrate/Glints2/dict_0007_0220.uasset" 6913
"../../../Engine/Content/EngineMaterials/Substrate/Glints2/dict_0007_0219.uasset" 6914
"../../../Engine/Content/EngineMaterials/Substrate/Glints2/dict_0007_0223.uasset" 6915
"../../../Engine/Content/EngineMaterials/Substrate/Glints2/dict_0007_0222.uasset" 6916
"/Engine/EngineMaterials/Substrate/Glints2/dict_0007_0227" 6917
"../../../Engine/Content/EngineMaterials/Substrate/Glints2/dict_0007_0213.uasset" 6918
"../../../Engine/Content/EngineMaterials/Substrate/Glints2/dict_0007_0216.uasset" 6919
"../../../Engine/Content/EngineMaterials/Substrate/Glints2/dict_0007_0214.uasset" 6920
"../../../Engine/Content/EngineMaterials/Substrate/Glints2/dict_0007_0212.uasset" 6921
"../../../Engine/Content/EngineMaterials/Substrate/Glints2/dict_0007_0215.uasset" 6922
"../../../Engine/Content/EngineMaterials/Substrate/Glints2/dict_0007_0211.uasset" 6923
"/Engine/EngineMaterials/Substrate/Glints2/dict_0007_0228" 6924
"/Engine/EngineMaterials/Substrate/Glints2/dict_0007_0229" 6925
"/Engine/EngineMaterials/Substrate/Glints2/dict_0007_0230" 6926
"/Engine/EngineMaterials/Substrate/Glints2/dict_0007_0231" 6927
"/Engine/EngineMaterials/Substrate/Glints2/dict_0007_0232" 6928
"/Engine/EngineMaterials/Substrate/Glints2/dict_0007_0233" 6929
"/Engine/EngineMaterials/Substrate/Glints2/dict_0007_0234" 6930
"/Engine/EngineMaterials/Substrate/Glints2/dict_0007_0235" 6931
"/Engine/EngineMaterials/Substrate/Glints2/dict_0007_0236" 6932
"/Engine/EngineMaterials/Substrate/Glints2/dict_0007_0237" 6933
"/Engine/EngineMaterials/Substrate/Glints2/dict_0007_0238" 6934
"/Engine/EngineMaterials/Substrate/Glints2/dict_0007_0239" 6935
"/Engine/EngineMaterials/Substrate/Glints2/dict_0007_0240" 6936
"/Engine/EngineMaterials/Substrate/Glints2/dict_0007_0241" 6937
"/Engine/EngineMaterials/Substrate/Glints2/dict_0007_0242" 6938
"/Engine/EngineMaterials/Substrate/Glints2/dict_0007_0211" 6939
"../../../Engine/Content/EngineMaterials/Substrate/Glints2/dict_0007_0206.uasset" 6940
"/Engine/EngineMaterials/Substrate/Glints2/dict_0007_0212" 6941
"../../../Engine/Content/EngineMaterials/Substrate/Glints2/dict_0007_0201.uasset" 6942
"../../../Engine/Content/EngineMaterials/Substrate/Glints2/dict_0007_0209.uasset" 6943
"../../../Engine/Content/EngineMaterials/Substrate/Glints2/dict_0007_0204.uasset" 6944
"../../../Engine/Content/EngineMaterials/Substrate/Glints2/dict_0007_0205.uasset" 6945
"../../../Engine/Content/EngineMaterials/Substrate/Glints2/dict_0007_0207.uasset" 6946
"../../../Engine/Content/EngineMaterials/Substrate/Glints2/dict_0007_0208.uasset" 6947
"../../../Engine/Content/EngineMaterials/Substrate/Glints2/dict_0007_0210.uasset" 6948
"../../../Engine/Content/EngineMaterials/Substrate/Glints2/dict_0007_0202.uasset" 6949
"../../../Engine/Content/EngineMaterials/Substrate/Glints2/dict_0007_0203.uasset" 6950
"/Engine/EngineMaterials/Substrate/Glints2/dict_0007_0213" 6951
"../../../Engine/Content/EngineMaterials/Substrate/Glints2/dict_0007_0200.uasset" 6952
"../../../Engine/Content/EngineMaterials/Substrate/Glints2/dict_0007_0198.uasset" 6953
"/Engine/EngineMaterials/Substrate/Glints2/dict_0007_0214" 6954
"../../../Engine/Content/EngineMaterials/Substrate/Glints2/dict_0007_0199.uasset" 6955
"../../../Engine/Content/EngineMaterials/Substrate/Glints2/dict_0007_0196.uasset" 6956
"../../../Engine/Content/EngineMaterials/Substrate/Glints2/dict_0007_0195.uasset" 6957
"../../../Engine/Content/EngineMaterials/Substrate/Glints2/dict_0007_0197.uasset" 6958
"/Engine/EngineMaterials/Substrate/Glints2/dict_0007_0215" 6959
"/Engine/EngineMaterials/Substrate/Glints2/dict_0007_0216" 6960
"/Engine/EngineMaterials/Substrate/Glints2/dict_0007_0217" 6961
"/Engine/EngineMaterials/Substrate/Glints2/dict_0007_0218" 6962
"/Engine/EngineMaterials/Substrate/Glints2/dict_0007_0219" 6963
"/Engine/EngineMaterials/Substrate/Glints2/dict_0007_0220" 6964
"/Engine/EngineMaterials/Substrate/Glints2/dict_0007_0221" 6965
"/Engine/EngineMaterials/Substrate/Glints2/dict_0007_0222" 6966
"/Engine/EngineMaterials/Substrate/Glints2/dict_0007_0223" 6967
"/Engine/EngineMaterials/Substrate/Glints2/dict_0007_0224" 6968
"/Engine/EngineMaterials/Substrate/Glints2/dict_0007_0225" 6969
"/Engine/EngineMaterials/Substrate/Glints2/dict_0007_0226" 6970
"/Engine/EngineMaterials/Substrate/Glints2/dict_0007_0195" 6971
"../../../Engine/Content/EngineMaterials/Substrate/Glints2/dict_0007_0190.uasset" 6972
"../../../Engine/Content/EngineMaterials/Substrate/Glints2/dict_0007_0184.uasset" 6973
"/Engine/EngineMaterials/Substrate/Glints2/dict_0007_0196" 6974
"../../../Engine/Content/EngineMaterials/Substrate/Glints2/dict_0007_0187.uasset" 6975
"../../../Engine/Content/EngineMaterials/Substrate/Glints2/dict_0007_0189.uasset" 6976
"../../../Engine/Content/EngineMaterials/Substrate/Glints2/dict_0007_0194.uasset" 6977
"../../../Engine/Content/EngineMaterials/Substrate/Glints2/dict_0007_0192.uasset" 6978
"../../../Engine/Content/EngineMaterials/Substrate/Glints2/dict_0007_0193.uasset" 6979
"../../../Engine/Content/EngineMaterials/Substrate/Glints2/dict_0007_0191.uasset" 6980
"../../../Engine/Content/EngineMaterials/Substrate/Glints2/dict_0007_0188.uasset" 6981
"../../../Engine/Content/EngineMaterials/Substrate/Glints2/dict_0007_0186.uasset" 6982
"../../../Engine/Content/EngineMaterials/Substrate/Glints2/dict_0007_0185.uasset" 6983
"/Engine/EngineMaterials/Substrate/Glints2/dict_0007_0197" 6984
"../../../Engine/Content/EngineMaterials/Substrate/Glints2/dict_0007_0183.uasset" 6985
"../../../Engine/Content/EngineMaterials/Substrate/Glints2/dict_0007_0180.uasset" 6986
"../../../Engine/Content/EngineMaterials/Substrate/Glints2/dict_0007_0182.uasset" 6987
"../../../Engine/Content/EngineMaterials/Substrate/Glints2/dict_0007_0181.uasset" 6988
"../../../Engine/Content/EngineMaterials/Substrate/Glints2/dict_0007_0179.uasset" 6989
"/Engine/EngineMaterials/Substrate/Glints2/dict_0007_0198" 6990
"/Engine/EngineMaterials/Substrate/Glints2/dict_0007_0199" 6991
"/Engine/EngineMaterials/Substrate/Glints2/dict_0007_0200" 6992
"/Engine/EngineMaterials/Substrate/Glints2/dict_0007_0201" 6993
"/Engine/EngineMaterials/Substrate/Glints2/dict_0007_0202" 6994
"/Engine/EngineMaterials/Substrate/Glints2/dict_0007_0203" 6995
"/Engine/EngineMaterials/Substrate/Glints2/dict_0007_0204" 6996
"/Engine/EngineMaterials/Substrate/Glints2/dict_0007_0205" 6997
"/Engine/EngineMaterials/Substrate/Glints2/dict_0007_0206" 6998
"/Engine/EngineMaterials/Substrate/Glints2/dict_0007_0207" 6999
"/Engine/EngineMaterials/Substrate/Glints2/dict_0007_0208" 7000
"/Engine/EngineMaterials/Substrate/Glints2/dict_0007_0209" 7001
"/Engine/EngineMaterials/Substrate/Glints2/dict_0007_0210" 7002
"/Engine/EngineMaterials/Substrate/Glints2/dict_0007_0179" 7003
"../../../Engine/Content/EngineMaterials/Substrate/Glints2/dict_0007_0173.uasset" 7004
"../../../Engine/Content/EngineMaterials/Substrate/Glints2/dict_0007_0171.uasset" 7005
"../../../Engine/Content/EngineMaterials/Substrate/Glints2/dict_0007_0177.uasset" 7006
"../../../Engine/Content/EngineMaterials/Substrate/Glints2/dict_0007_0172.uasset" 7007
"../../../Engine/Content/EngineMaterials/Substrate/Glints2/dict_0007_0178.uasset" 7008
"../../../Engine/Content/EngineMaterials/Substrate/Glints2/dict_0007_0176.uasset" 7009
"../../../Engine/Content/EngineMaterials/Substrate/Glints2/dict_0007_0174.uasset" 7010
"../../../Engine/Content/EngineMaterials/Substrate/Glints2/dict_0007_0175.uasset" 7011
"../../../Engine/Content/EngineMaterials/Substrate/Glints2/dict_0007_0170.uasset" 7012
"/Engine/EngineMaterials/Substrate/Glints2/dict_0007_0180" 7013
"../../../Engine/Content/EngineMaterials/Substrate/Glints2/dict_0007_0169.uasset" 7014
"../../../Engine/Content/EngineMaterials/Substrate/Glints2/dict_0007_0168.uasset" 7015
"../../../Engine/Content/EngineMaterials/Substrate/Glints2/dict_0007_0167.uasset" 7016
"../../../Engine/Content/EngineMaterials/Substrate/Glints2/dict_0007_0163.uasset" 7017
"../../../Engine/Content/EngineMaterials/Substrate/Glints2/dict_0007_0165.uasset" 7018
"../../../Engine/Content/EngineMaterials/Substrate/Glints2/dict_0007_0166.uasset" 7019
"../../../Engine/Content/EngineMaterials/Substrate/Glints2/dict_0007_0164.uasset" 7020
"/Engine/EngineMaterials/Substrate/Glints2/dict_0007_0181" 7021
"/Engine/EngineMaterials/Substrate/Glints2/dict_0007_0182" 7022
"/Engine/EngineMaterials/Substrate/Glints2/dict_0007_0183" 7023
"/Engine/EngineMaterials/Substrate/Glints2/dict_0007_0184" 7024
"/Engine/EngineMaterials/Substrate/Glints2/dict_0007_0185" 7025
"/Engine/EngineMaterials/Substrate/Glints2/dict_0007_0186" 7026
"/Engine/EngineMaterials/Substrate/Glints2/dict_0007_0187" 7027
"/Engine/EngineMaterials/Substrate/Glints2/dict_0007_0188" 7028
"/Engine/EngineMaterials/Substrate/Glints2/dict_0007_0189" 7029
"/Engine/EngineMaterials/Substrate/Glints2/dict_0007_0190" 7030
"/Engine/EngineMaterials/Substrate/Glints2/dict_0007_0191" 7031
"/Engine/EngineMaterials/Substrate/Glints2/dict_0007_0192" 7032
"/Engine/EngineMaterials/Substrate/Glints2/dict_0007_0193" 7033
"/Engine/EngineMaterials/Substrate/Glints2/dict_0007_0194" 7034
"/Engine/EngineMaterials/Substrate/Glints2/dict_0007_0163" 7035
"../../../Engine/Content/EngineMaterials/Substrate/Glints2/dict_0007_0157.uasset" 7036
"../../../Engine/Content/EngineMaterials/Substrate/Glints2/dict_0007_0159.uasset" 7037
"../../../Engine/Content/EngineMaterials/Substrate/Glints2/dict_0007_0155.uasset" 7038
"/Engine/EngineMaterials/Substrate/Glints2/dict_0007_0164" 7039
"../../../Engine/Content/EngineMaterials/Substrate/Glints2/dict_0007_0160.uasset" 7040
"../../../Engine/Content/EngineMaterials/Substrate/Glints2/dict_0007_0153.uasset" 7041
"../../../Engine/Content/EngineMaterials/Substrate/Glints2/dict_0007_0161.uasset" 7042
"../../../Engine/Content/EngineMaterials/Substrate/Glints2/dict_0007_0158.uasset" 7043
"../../../Engine/Content/EngineMaterials/Substrate/Glints2/dict_0007_0162.uasset" 7044
"../../../Engine/Content/EngineMaterials/Substrate/Glints2/dict_0007_0154.uasset" 7045
"../../../Engine/Content/EngineMaterials/Substrate/Glints2/dict_0007_0156.uasset" 7046
"/Engine/EngineMaterials/Substrate/Glints2/dict_0007_0165" 7047
"../../../Engine/Content/EngineMaterials/Substrate/Glints2/dict_0007_0150.uasset" 7048
"../../../Engine/Content/EngineMaterials/Substrate/Glints2/dict_0007_0152.uasset" 7049
"../../../Engine/Content/EngineMaterials/Substrate/Glints2/dict_0007_0151.uasset" 7050
"../../../Engine/Content/EngineMaterials/Substrate/Glints2/dict_0007_0148.uasset" 7051
"../../../Engine/Content/EngineMaterials/Substrate/Glints2/dict_0007_0147.uasset" 7052
"../../../Engine/Content/EngineMaterials/Substrate/Glints2/dict_0007_0149.uasset" 7053
"/Engine/EngineMaterials/Substrate/Glints2/dict_0007_0166" 7054
"/Engine/EngineMaterials/Substrate/Glints2/dict_0007_0167" 7055
"/Engine/EngineMaterials/Substrate/Glints2/dict_0007_0168" 7056
"/Engine/EngineMaterials/Substrate/Glints2/dict_0007_0169" 7057
"/Engine/EngineMaterials/Substrate/Glints2/dict_0007_0170" 7058
"/Engine/EngineMaterials/Substrate/Glints2/dict_0007_0171" 7059
"/Engine/EngineMaterials/Substrate/Glints2/dict_0007_0172" 7060
"/Engine/EngineMaterials/Substrate/Glints2/dict_0007_0173" 7061
"/Engine/EngineMaterials/Substrate/Glints2/dict_0007_0174" 7062
"/Engine/EngineMaterials/Substrate/Glints2/dict_0007_0175" 7063
"/Engine/EngineMaterials/Substrate/Glints2/dict_0007_0176" 7064
"/Engine/EngineMaterials/Substrate/Glints2/dict_0007_0177" 7065
"/Engine/EngineMaterials/Substrate/Glints2/dict_0007_0178" 7066
"/Engine/EngineMaterials/Substrate/Glints2/dict_0007_0147" 7067
"/Engine/EngineMaterials/Substrate/Glints2/dict_0007_0148" 7068
"../../../Engine/Content/EngineMaterials/Substrate/Glints2/dict_0007_0137.uasset" 7069
"../../../Engine/Content/EngineMaterials/Substrate/Glints2/dict_0007_0143.uasset" 7070
"../../../Engine/Content/EngineMaterials/Substrate/Glints2/dict_0007_0146.uasset" 7071
"../../../Engine/Content/EngineMaterials/Substrate/Glints2/dict_0007_0142.uasset" 7072
"../../../Engine/Content/EngineMaterials/Substrate/Glints2/dict_0007_0139.uasset" 7073
"../../../Engine/Content/EngineMaterials/Substrate/Glints2/dict_0007_0141.uasset" 7074
"../../../Engine/Content/EngineMaterials/Substrate/Glints2/dict_0007_0138.uasset" 7075
"/Engine/EngineMaterials/Substrate/Glints2/dict_0007_0149" 7076
"../../../Engine/Content/EngineMaterials/Substrate/Glints2/dict_0007_0144.uasset" 7077
"../../../Engine/Content/EngineMaterials/Substrate/Glints2/dict_0007_0140.uasset" 7078
"../../../Engine/Content/EngineMaterials/Substrate/Glints2/dict_0007_0145.uasset" 7079
"/Engine/EngineMaterials/Substrate/Glints2/dict_0007_0150" 7080
"../../../Engine/Content/EngineMaterials/Substrate/Glints2/dict_0007_0136.uasset" 7081
"../../../Engine/Content/EngineMaterials/Substrate/Glints2/dict_0007_0135.uasset" 7082
"../../../Engine/Content/EngineMaterials/Substrate/Glints2/dict_0007_0134.uasset" 7083
"../../../Engine/Content/EngineMaterials/Substrate/Glints2/dict_0007_0131.uasset" 7084
"../../../Engine/Content/EngineMaterials/Substrate/Glints2/dict_0007_0132.uasset" 7085
"../../../Engine/Content/EngineMaterials/Substrate/Glints2/dict_0007_0133.uasset" 7086
"/Engine/EngineMaterials/Substrate/Glints2/dict_0007_0151" 7087
"/Engine/EngineMaterials/Substrate/Glints2/dict_0007_0152" 7088
"/Engine/EngineMaterials/Substrate/Glints2/dict_0007_0153" 7089
"/Engine/EngineMaterials/Substrate/Glints2/dict_0007_0154" 7090
"/Engine/EngineMaterials/Substrate/Glints2/dict_0007_0155" 7091
"/Engine/EngineMaterials/Substrate/Glints2/dict_0007_0156" 7092
"/Engine/EngineMaterials/Substrate/Glints2/dict_0007_0157" 7093
"/Engine/EngineMaterials/Substrate/Glints2/dict_0007_0158" 7094
"/Engine/EngineMaterials/Substrate/Glints2/dict_0007_0159" 7095
"/Engine/EngineMaterials/Substrate/Glints2/dict_0007_0160" 7096
"/Engine/EngineMaterials/Substrate/Glints2/dict_0007_0161" 7097
"/Engine/EngineMaterials/Substrate/Glints2/dict_0007_0162" 7098
"/Engine/EngineMaterials/Substrate/Glints2/dict_0007_0131" 7099
"../../../Engine/Content/EngineMaterials/Substrate/Glints2/dict_0007_0129.uasset" 7100
"../../../Engine/Content/EngineMaterials/Substrate/Glints2/dict_0007_0125.uasset" 7101
"../../../Engine/Content/EngineMaterials/Substrate/Glints2/dict_0007_0123.uasset" 7102
"../../../Engine/Content/EngineMaterials/Substrate/Glints2/dict_0007_0124.uasset" 7103
"../../../Engine/Content/EngineMaterials/Substrate/Glints2/dict_0007_0127.uasset" 7104
"../../../Engine/Content/EngineMaterials/Substrate/Glints2/dict_0007_0126.uasset" 7105
"../../../Engine/Content/EngineMaterials/Substrate/Glints2/dict_0007_0130.uasset" 7106
"../../../Engine/Content/EngineMaterials/Substrate/Glints2/dict_0007_0121.uasset" 7107
"../../../Engine/Content/EngineMaterials/Substrate/Glints2/dict_0007_0122.uasset" 7108
"/Engine/EngineMaterials/Substrate/Glints2/dict_0007_0132" 7109
"../../../Engine/Content/EngineMaterials/Substrate/Glints2/dict_0007_0128.uasset" 7110
"/Engine/EngineMaterials/Substrate/Glints2/dict_0007_0133" 7111
"../../../Engine/Content/EngineMaterials/Substrate/Glints2/dict_0007_0116.uasset" 7112
"../../../Engine/Content/EngineMaterials/Substrate/Glints2/dict_0007_0118.uasset" 7113
"../../../Engine/Content/EngineMaterials/Substrate/Glints2/dict_0007_0119.uasset" 7114
"../../../Engine/Content/EngineMaterials/Substrate/Glints2/dict_0007_0117.uasset" 7115
"../../../Engine/Content/EngineMaterials/Substrate/Glints2/dict_0007_0120.uasset" 7116
"../../../Engine/Content/EngineMaterials/Substrate/Glints2/dict_0007_0115.uasset" 7117
"/Engine/EngineMaterials/Substrate/Glints2/dict_0007_0134" 7118
"/Engine/EngineMaterials/Substrate/Glints2/dict_0007_0135" 7119
"/Engine/EngineMaterials/Substrate/Glints2/dict_0007_0136" 7120
"/Engine/EngineMaterials/Substrate/Glints2/dict_0007_0137" 7121
"/Engine/EngineMaterials/Substrate/Glints2/dict_0007_0138" 7122
"/Engine/EngineMaterials/Substrate/Glints2/dict_0007_0139" 7123
"/Engine/EngineMaterials/Substrate/Glints2/dict_0007_0140" 7124
"/Engine/EngineMaterials/Substrate/Glints2/dict_0007_0141" 7125
"/Engine/EngineMaterials/Substrate/Glints2/dict_0007_0142" 7126
"/Engine/EngineMaterials/Substrate/Glints2/dict_0007_0143" 7127
"/Engine/EngineMaterials/Substrate/Glints2/dict_0007_0144" 7128
"/Engine/EngineMaterials/Substrate/Glints2/dict_0007_0145" 7129
"/Engine/EngineMaterials/Substrate/Glints2/dict_0007_0146" 7130
"/Engine/EngineMaterials/Substrate/Glints2/dict_0007_0115" 7131
"../../../Engine/Content/EngineMaterials/Substrate/Glints2/dict_0007_0108.uasset" 7132
"../../../Engine/Content/EngineMaterials/Substrate/Glints2/dict_0007_0106.uasset" 7133
"../../../Engine/Content/EngineMaterials/Substrate/Glints2/dict_0007_0111.uasset" 7134
"../../../Engine/Content/EngineMaterials/Substrate/Glints2/dict_0007_0113.uasset" 7135
"../../../Engine/Content/EngineMaterials/Substrate/Glints2/dict_0007_0109.uasset" 7136
"../../../Engine/Content/EngineMaterials/Substrate/Glints2/dict_0007_0114.uasset" 7137
"../../../Engine/Content/EngineMaterials/Substrate/Glints2/dict_0007_0112.uasset" 7138
"../../../Engine/Content/EngineMaterials/Substrate/Glints2/dict_0007_0110.uasset" 7139
"../../../Engine/Content/EngineMaterials/Substrate/Glints2/dict_0007_0105.uasset" 7140
"../../../Engine/Content/EngineMaterials/Substrate/Glints2/dict_0007_0107.uasset" 7141
"/Engine/EngineMaterials/Substrate/Glints2/dict_0007_0116" 7142
"../../../Engine/Content/EngineMaterials/Substrate/Glints2/dict_0007_0104.uasset" 7143
"../../../Engine/Content/EngineMaterials/Substrate/Glints2/dict_0007_0102.uasset" 7144
"../../../Engine/Content/EngineMaterials/Substrate/Glints2/dict_0007_0099.uasset" 7145
"../../../Engine/Content/EngineMaterials/Substrate/Glints2/dict_0007_0103.uasset" 7146
"../../../Engine/Content/EngineMaterials/Substrate/Glints2/dict_0007_0100.uasset" 7147
"../../../Engine/Content/EngineMaterials/Substrate/Glints2/dict_0007_0101.uasset" 7148
"/Engine/EngineMaterials/Substrate/Glints2/dict_0007_0117" 7149
"/Engine/EngineMaterials/Substrate/Glints2/dict_0007_0118" 7150
"/Engine/EngineMaterials/Substrate/Glints2/dict_0007_0119" 7151
"/Engine/EngineMaterials/Substrate/Glints2/dict_0007_0120" 7152
"/Engine/EngineMaterials/Substrate/Glints2/dict_0007_0121" 7153
"/Engine/EngineMaterials/Substrate/Glints2/dict_0007_0122" 7154
"/Engine/EngineMaterials/Substrate/Glints2/dict_0007_0123" 7155
"/Engine/EngineMaterials/Substrate/Glints2/dict_0007_0124" 7156
"/Engine/EngineMaterials/Substrate/Glints2/dict_0007_0125" 7157
"/Engine/EngineMaterials/Substrate/Glints2/dict_0007_0126" 7158
"/Engine/EngineMaterials/Substrate/Glints2/dict_0007_0127" 7159
"/Engine/EngineMaterials/Substrate/Glints2/dict_0007_0128" 7160
"/Engine/EngineMaterials/Substrate/Glints2/dict_0007_0129" 7161
"/Engine/EngineMaterials/Substrate/Glints2/dict_0007_0130" 7162
"/Engine/EngineMaterials/Substrate/Glints2/dict_0007_0099" 7163
"../../../Engine/Content/EngineMaterials/Substrate/Glints2/dict_0007_0098.uasset" 7164
"../../../Engine/Content/EngineMaterials/Substrate/Glints2/dict_0007_0094.uasset" 7165
"../../../Engine/Content/EngineMaterials/Substrate/Glints2/dict_0007_0095.uasset" 7166
"../../../Engine/Content/EngineMaterials/Substrate/Glints2/dict_0007_0091.uasset" 7167
"/Engine/EngineMaterials/Substrate/Glints2/dict_0007_0100" 7168
"../../../Engine/Content/EngineMaterials/Substrate/Glints2/dict_0007_0090.uasset" 7169
"../../../Engine/Content/EngineMaterials/Substrate/Glints2/dict_0007_0096.uasset" 7170
"../../../Engine/Content/EngineMaterials/Substrate/Glints2/dict_0007_0093.uasset" 7171
"../../../Engine/Content/EngineMaterials/Substrate/Glints2/dict_0007_0097.uasset" 7172
"../../../Engine/Content/EngineMaterials/Substrate/Glints2/dict_0007_0089.uasset" 7173
"../../../Engine/Content/EngineMaterials/Substrate/Glints2/dict_0007_0092.uasset" 7174
"/Engine/EngineMaterials/Substrate/Glints2/dict_0007_0101" 7175
"../../../Engine/Content/EngineMaterials/Substrate/Glints2/dict_0007_0088.uasset" 7176
"/Engine/EngineMaterials/Substrate/Glints2/dict_0007_0102" 7177
"../../../Engine/Content/EngineMaterials/Substrate/Glints2/dict_0007_0085.uasset" 7178
"../../../Engine/Content/EngineMaterials/Substrate/Glints2/dict_0007_0087.uasset" 7179
"../../../Engine/Content/EngineMaterials/Substrate/Glints2/dict_0007_0086.uasset" 7180
"../../../Engine/Content/EngineMaterials/Substrate/Glints2/dict_0007_0084.uasset" 7181
"../../../Engine/Content/EngineMaterials/Substrate/Glints2/dict_0007_0083.uasset" 7182
"/Engine/EngineMaterials/Substrate/Glints2/dict_0007_0103" 7183
"/Engine/EngineMaterials/Substrate/Glints2/dict_0007_0104" 7184
"/Engine/EngineMaterials/Substrate/Glints2/dict_0007_0105" 7185
"/Engine/EngineMaterials/Substrate/Glints2/dict_0007_0106" 7186
"/Engine/EngineMaterials/Substrate/Glints2/dict_0007_0107" 7187
"/Engine/EngineMaterials/Substrate/Glints2/dict_0007_0108" 7188
"/Engine/EngineMaterials/Substrate/Glints2/dict_0007_0109" 7189
"/Engine/EngineMaterials/Substrate/Glints2/dict_0007_0110" 7190
"/Engine/EngineMaterials/Substrate/Glints2/dict_0007_0111" 7191
"/Engine/EngineMaterials/Substrate/Glints2/dict_0007_0112" 7192
"/Engine/EngineMaterials/Substrate/Glints2/dict_0007_0113" 7193
"/Engine/EngineMaterials/Substrate/Glints2/dict_0007_0114" 7194
"/Engine/EngineMaterials/Substrate/Glints2/dict_0007_0083" 7195
"../../../Engine/Content/EngineMaterials/Substrate/Glints2/dict_0007_0074.uasset" 7196
"../../../Engine/Content/EngineMaterials/Substrate/Glints2/dict_0007_0081.uasset" 7197
"../../../Engine/Content/EngineMaterials/Substrate/Glints2/dict_0007_0073.uasset" 7198
"../../../Engine/Content/EngineMaterials/Substrate/Glints2/dict_0007_0082.uasset" 7199
"../../../Engine/Content/EngineMaterials/Substrate/Glints2/dict_0007_0077.uasset" 7200
"../../../Engine/Content/EngineMaterials/Substrate/Glints2/dict_0007_0080.uasset" 7201
"../../../Engine/Content/EngineMaterials/Substrate/Glints2/dict_0007_0075.uasset" 7202
"../../../Engine/Content/EngineMaterials/Substrate/Glints2/dict_0007_0076.uasset" 7203
"../../../Engine/Content/EngineMaterials/Substrate/Glints2/dict_0007_0078.uasset" 7204
"../../../Engine/Content/EngineMaterials/Substrate/Glints2/dict_0007_0079.uasset" 7205
"/Engine/EngineMaterials/Substrate/Glints2/dict_0007_0084" 7206
"../../../Engine/Content/EngineMaterials/Substrate/Glints2/dict_0007_0072.uasset" 7207
"../../../Engine/Content/EngineMaterials/Substrate/Glints2/dict_0007_0071.uasset" 7208
"../../../Engine/Content/EngineMaterials/Substrate/Glints2/dict_0007_0070.uasset" 7209
"../../../Engine/Content/EngineMaterials/Substrate/Glints2/dict_0007_0069.uasset" 7210
"../../../Engine/Content/EngineMaterials/Substrate/Glints2/dict_0007_0067.uasset" 7211
"../../../Engine/Content/EngineMaterials/Substrate/Glints2/dict_0007_0068.uasset" 7212
"/Engine/EngineMaterials/Substrate/Glints2/dict_0007_0085" 7213
"/Engine/EngineMaterials/Substrate/Glints2/dict_0007_0086" 7214
"/Engine/EngineMaterials/Substrate/Glints2/dict_0007_0087" 7215
"/Engine/EngineMaterials/Substrate/Glints2/dict_0007_0088" 7216
"/Engine/EngineMaterials/Substrate/Glints2/dict_0007_0089" 7217
"/Engine/EngineMaterials/Substrate/Glints2/dict_0007_0090" 7218
"/Engine/EngineMaterials/Substrate/Glints2/dict_0007_0091" 7219
"/Engine/EngineMaterials/Substrate/Glints2/dict_0007_0092" 7220
"/Engine/EngineMaterials/Substrate/Glints2/dict_0007_0093" 7221
"/Engine/EngineMaterials/Substrate/Glints2/dict_0007_0094" 7222
"/Engine/EngineMaterials/Substrate/Glints2/dict_0007_0095" 7223
"/Engine/EngineMaterials/Substrate/Glints2/dict_0007_0096" 7224
"/Engine/EngineMaterials/Substrate/Glints2/dict_0007_0097" 7225
"/Engine/EngineMaterials/Substrate/Glints2/dict_0007_0098" 7226
"/Engine/EngineMaterials/Substrate/Glints2/dict_0007_0067" 7227
"../../../Engine/Content/EngineMaterials/Substrate/Glints2/dict_0007_0058.uasset" 7228
"../../../Engine/Content/EngineMaterials/Substrate/Glints2/dict_0007_0057.uasset" 7229
"../../../Engine/Content/EngineMaterials/Substrate/Glints2/dict_0007_0064.uasset" 7230
"../../../Engine/Content/EngineMaterials/Substrate/Glints2/dict_0007_0060.uasset" 7231
"../../../Engine/Content/EngineMaterials/Substrate/Glints2/dict_0007_0059.uasset" 7232
"../../../Engine/Content/EngineMaterials/Substrate/Glints2/dict_0007_0066.uasset" 7233
"../../../Engine/Content/EngineMaterials/Substrate/Glints2/dict_0007_0063.uasset" 7234
"../../../Engine/Content/EngineMaterials/Substrate/Glints2/dict_0007_0061.uasset" 7235
"../../../Engine/Content/EngineMaterials/Substrate/Glints2/dict_0007_0062.uasset" 7236
"../../../Engine/Content/EngineMaterials/Substrate/Glints2/dict_0007_0065.uasset" 7237
"/Engine/EngineMaterials/Substrate/Glints2/dict_0007_0068" 7238
"../../../Engine/Content/EngineMaterials/Substrate/Glints2/dict_0007_0056.uasset" 7239
"../../../Engine/Content/EngineMaterials/Substrate/Glints2/dict_0007_0053.uasset" 7240
"../../../Engine/Content/EngineMaterials/Substrate/Glints2/dict_0007_0054.uasset" 7241
"../../../Engine/Content/EngineMaterials/Substrate/Glints2/dict_0007_0055.uasset" 7242
"../../../Engine/Content/EngineMaterials/Substrate/Glints2/dict_0007_0051.uasset" 7243
"../../../Engine/Content/EngineMaterials/Substrate/Glints2/dict_0007_0052.uasset" 7244
"/Engine/EngineMaterials/Substrate/Glints2/dict_0007_0069" 7245
"/Engine/EngineMaterials/Substrate/Glints2/dict_0007_0070" 7246
"/Engine/EngineMaterials/Substrate/Glints2/dict_0007_0071" 7247
"/Engine/EngineMaterials/Substrate/Glints2/dict_0007_0072" 7248
"/Engine/EngineMaterials/Substrate/Glints2/dict_0007_0073" 7249
"/Engine/EngineMaterials/Substrate/Glints2/dict_0007_0074" 7250
"/Engine/EngineMaterials/Substrate/Glints2/dict_0007_0075" 7251
"/Engine/EngineMaterials/Substrate/Glints2/dict_0007_0076" 7252
"/Engine/EngineMaterials/Substrate/Glints2/dict_0007_0077" 7253
"/Engine/EngineMaterials/Substrate/Glints2/dict_0007_0078" 7254
"/Engine/EngineMaterials/Substrate/Glints2/dict_0007_0079" 7255
"/Engine/EngineMaterials/Substrate/Glints2/dict_0007_0080" 7256
"/Engine/EngineMaterials/Substrate/Glints2/dict_0007_0081" 7257
"/Engine/EngineMaterials/Substrate/Glints2/dict_0007_0082" 7258
"/Engine/EngineMaterials/Substrate/Glints2/dict_0007_0051" 7259
"../../../Engine/Content/EngineMaterials/Substrate/Glints2/dict_0007_0043.uasset" 7260
"../../../Engine/Content/EngineMaterials/Substrate/Glints2/dict_0007_0048.uasset" 7261
"../../../Engine/Content/EngineMaterials/Substrate/Glints2/dict_0007_0044.uasset" 7262
"../../../Engine/Content/EngineMaterials/Substrate/Glints2/dict_0007_0042.uasset" 7263
"../../../Engine/Content/EngineMaterials/Substrate/Glints2/dict_0007_0049.uasset" 7264
"/Engine/EngineMaterials/Substrate/Glints2/dict_0007_0052" 7265
"../../../Engine/Content/EngineMaterials/Substrate/Glints2/dict_0007_0045.uasset" 7266
"../../../Engine/Content/EngineMaterials/Substrate/Glints2/dict_0007_0046.uasset" 7267
"../../../Engine/Content/EngineMaterials/Substrate/Glints2/dict_0007_0041.uasset" 7268
"../../../Engine/Content/EngineMaterials/Substrate/Glints2/dict_0007_0047.uasset" 7269
"../../../Engine/Content/EngineMaterials/Substrate/Glints2/dict_0007_0050.uasset" 7270
"/Engine/EngineMaterials/Substrate/Glints2/dict_0007_0053" 7271
"../../../Engine/Content/EngineMaterials/Substrate/Glints2/dict_0007_0040.uasset" 7272
"../../../Engine/Content/EngineMaterials/Substrate/Glints2/dict_0007_0035.uasset" 7273
"/Engine/EngineMaterials/Substrate/Glints2/dict_0007_0054" 7274
"../../../Engine/Content/EngineMaterials/Substrate/Glints2/dict_0007_0038.uasset" 7275
"../../../Engine/Content/EngineMaterials/Substrate/Glints2/dict_0007_0037.uasset" 7276
"../../../Engine/Content/EngineMaterials/Substrate/Glints2/dict_0007_0036.uasset" 7277
"../../../Engine/Content/EngineMaterials/Substrate/Glints2/dict_0007_0039.uasset" 7278
"/Engine/EngineMaterials/Substrate/Glints2/dict_0007_0055" 7279
"/Engine/EngineMaterials/Substrate/Glints2/dict_0007_0056" 7280
"/Engine/EngineMaterials/Substrate/Glints2/dict_0007_0057" 7281
"/Engine/EngineMaterials/Substrate/Glints2/dict_0007_0058" 7282
"/Engine/EngineMaterials/Substrate/Glints2/dict_0007_0059" 7283
"/Engine/EngineMaterials/Substrate/Glints2/dict_0007_0060" 7284
"/Engine/EngineMaterials/Substrate/Glints2/dict_0007_0061" 7285
"/Engine/EngineMaterials/Substrate/Glints2/dict_0007_0062" 7286
"/Engine/EngineMaterials/Substrate/Glints2/dict_0007_0063" 7287
"/Engine/EngineMaterials/Substrate/Glints2/dict_0007_0064" 7288
"/Engine/EngineMaterials/Substrate/Glints2/dict_0007_0065" 7289
"/Engine/EngineMaterials/Substrate/Glints2/dict_0007_0066" 7290
"/Engine/EngineMaterials/Substrate/Glints2/dict_0007_0035" 7291
"../../../Engine/Content/EngineMaterials/Substrate/Glints2/dict_0007_0031.uasset" 7292
"../../../Engine/Content/EngineMaterials/Substrate/Glints2/dict_0007_0026.uasset" 7293
"../../../Engine/Content/EngineMaterials/Substrate/Glints2/dict_0007_0034.uasset" 7294
"../../../Engine/Content/EngineMaterials/Substrate/Glints2/dict_0007_0032.uasset" 7295
"../../../Engine/Content/EngineMaterials/Substrate/Glints2/dict_0007_0028.uasset" 7296
"../../../Engine/Content/EngineMaterials/Substrate/Glints2/dict_0007_0029.uasset" 7297
"../../../Engine/Content/EngineMaterials/Substrate/Glints2/dict_0007_0033.uasset" 7298
"../../../Engine/Content/EngineMaterials/Substrate/Glints2/dict_0007_0030.uasset" 7299
"../../../Engine/Content/EngineMaterials/Substrate/Glints2/dict_0007_0025.uasset" 7300
"/Engine/EngineMaterials/Substrate/Glints2/dict_0007_0036" 7301
"../../../Engine/Content/EngineMaterials/Substrate/Glints2/dict_0007_0027.uasset" 7302
"../../../Engine/Content/EngineMaterials/Substrate/Glints2/dict_0007_0022.uasset" 7303
"../../../Engine/Content/EngineMaterials/Substrate/Glints2/dict_0007_0023.uasset" 7304
"../../../Engine/Content/EngineMaterials/Substrate/Glints2/dict_0007_0024.uasset" 7305
"../../../Engine/Content/EngineMaterials/Substrate/Glints2/dict_0007_0019.uasset" 7306
"../../../Engine/Content/EngineMaterials/Substrate/Glints2/dict_0007_0020.uasset" 7307
"/Engine/EngineMaterials/Substrate/Glints2/dict_0007_0037" 7308
"../../../Engine/Content/EngineMaterials/Substrate/Glints2/dict_0007_0021.uasset" 7309
"/Engine/EngineMaterials/Substrate/Glints2/dict_0007_0038" 7310
"/Engine/EngineMaterials/Substrate/Glints2/dict_0007_0039" 7311
"/Engine/EngineMaterials/Substrate/Glints2/dict_0007_0040" 7312
"/Engine/EngineMaterials/Substrate/Glints2/dict_0007_0041" 7313
"/Engine/EngineMaterials/Substrate/Glints2/dict_0007_0042" 7314
"/Engine/EngineMaterials/Substrate/Glints2/dict_0007_0043" 7315
"/Engine/EngineMaterials/Substrate/Glints2/dict_0007_0044" 7316
"/Engine/EngineMaterials/Substrate/Glints2/dict_0007_0045" 7317
"/Engine/EngineMaterials/Substrate/Glints2/dict_0007_0046" 7318
"/Engine/EngineMaterials/Substrate/Glints2/dict_0007_0047" 7319
"/Engine/EngineMaterials/Substrate/Glints2/dict_0007_0048" 7320
"/Engine/EngineMaterials/Substrate/Glints2/dict_0007_0049" 7321
"/Engine/EngineMaterials/Substrate/Glints2/dict_0007_0050" 7322
"/Engine/EngineMaterials/Substrate/Glints2/dict_0007_0019" 7323
"../../../Engine/Content/EngineMaterials/Substrate/Glints2/dict_0007_0010.uasset" 7324
"../../../Engine/Content/EngineMaterials/Substrate/Glints2/dict_0007_0018.uasset" 7325
"../../../Engine/Content/EngineMaterials/Substrate/Glints2/dict_0007_0013.uasset" 7326
"/Engine/EngineMaterials/Substrate/Glints2/dict_0007_0020" 7327
"../../../Engine/Content/EngineMaterials/Substrate/Glints2/dict_0007_0009.uasset" 7328
"../../../Engine/Content/EngineMaterials/Substrate/Glints2/dict_0007_0011.uasset" 7329
"../../../Engine/Content/EngineMaterials/Substrate/Glints2/dict_0007_0014.uasset" 7330
"../../../Engine/Content/EngineMaterials/Substrate/Glints2/dict_0007_0015.uasset" 7331
"../../../Engine/Content/EngineMaterials/Substrate/Glints2/dict_0007_0012.uasset" 7332
"../../../Engine/Content/EngineMaterials/Substrate/Glints2/dict_0007_0017.uasset" 7333
"../../../Engine/Content/EngineMaterials/Substrate/Glints2/dict_0007_0016.uasset" 7334
"/Engine/EngineMaterials/Substrate/Glints2/dict_0007_0021" 7335
"../../../Engine/Content/EngineMaterials/Substrate/Glints2/dict_0007_0008.uasset" 7336
"../../../Engine/Content/EngineMaterials/Substrate/Glints2/dict_0007_0007.uasset" 7337
"../../../Engine/Content/EngineMaterials/Substrate/Glints2/dict_0007_0006.uasset" 7338
"../../../Engine/Content/EngineMaterials/Substrate/Glints2/dict_0007_0005.uasset" 7339
"../../../Engine/Content/EngineMaterials/Substrate/Glints2/dict_0007_0004.uasset" 7340
"/Engine/EngineMaterials/Substrate/Glints2/dict_0007_0022" 7341
"../../../Engine/Content/EngineMaterials/Substrate/Glints2/dict_0007_0003.uasset" 7342
"/Engine/EngineMaterials/Substrate/Glints2/dict_0007_0023" 7343
"/Engine/EngineMaterials/Substrate/Glints2/dict_0007_0024" 7344
"/Engine/EngineMaterials/Substrate/Glints2/dict_0007_0025" 7345
"/Engine/EngineMaterials/Substrate/Glints2/dict_0007_0026" 7346
"/Engine/EngineMaterials/Substrate/Glints2/dict_0007_0027" 7347
"/Engine/EngineMaterials/Substrate/Glints2/dict_0007_0028" 7348
"/Engine/EngineMaterials/Substrate/Glints2/dict_0007_0029" 7349
"/Engine/EngineMaterials/Substrate/Glints2/dict_0007_0030" 7350
"/Engine/EngineMaterials/Substrate/Glints2/dict_0007_0031" 7351
"/Engine/EngineMaterials/Substrate/Glints2/dict_0007_0032" 7352
"/Engine/EngineMaterials/Substrate/Glints2/dict_0007_0033" 7353
"/Engine/EngineMaterials/Substrate/Glints2/dict_0007_0034" 7354
"/Engine/EngineMaterials/Substrate/Glints2/dict_0007_0003" 7355
"../../../Engine/Content/EngineMaterials/Substrate/Glints2/dict_0006_0251.uasset" 7356
"../../../Engine/Content/EngineMaterials/Substrate/Glints2/dict_0006_0252.uasset" 7357
"../../../Engine/Content/EngineMaterials/Substrate/Glints2/dict_0007_0002.uasset" 7358
"../../../Engine/Content/EngineMaterials/Substrate/Glints2/dict_0006_0254.uasset" 7359
"../../../Engine/Content/EngineMaterials/Substrate/Glints2/dict_0007_0001.uasset" 7360
"../../../Engine/Content/EngineMaterials/Substrate/Glints2/dict_0006_0255.uasset" 7361
"../../../Engine/Content/EngineMaterials/Substrate/Glints2/dict_0006_0249.uasset" 7362
"../../../Engine/Content/EngineMaterials/Substrate/Glints2/dict_0007_0000.uasset" 7363
"../../../Engine/Content/EngineMaterials/Substrate/Glints2/dict_0006_0253.uasset" 7364
"../../../Engine/Content/EngineMaterials/Substrate/Glints2/dict_0006_0250.uasset" 7365
"/Engine/EngineMaterials/Substrate/Glints2/dict_0007_0004" 7366
"../../../Engine/Content/EngineMaterials/Substrate/Glints2/dict_0006_0245.uasset" 7367
"../../../Engine/Content/EngineMaterials/Substrate/Glints2/dict_0006_0248.uasset" 7368
"../../../Engine/Content/EngineMaterials/Substrate/Glints2/dict_0006_0246.uasset" 7369
"../../../Engine/Content/EngineMaterials/Substrate/Glints2/dict_0006_0243.uasset" 7370
"../../../Engine/Content/EngineMaterials/Substrate/Glints2/dict_0006_0244.uasset" 7371
"../../../Engine/Content/EngineMaterials/Substrate/Glints2/dict_0006_0247.uasset" 7372
"/Engine/EngineMaterials/Substrate/Glints2/dict_0007_0005" 7373
"/Engine/EngineMaterials/Substrate/Glints2/dict_0007_0006" 7374
"/Engine/EngineMaterials/Substrate/Glints2/dict_0007_0007" 7375
"/Engine/EngineMaterials/Substrate/Glints2/dict_0007_0008" 7376
"/Engine/EngineMaterials/Substrate/Glints2/dict_0007_0009" 7377
"/Engine/EngineMaterials/Substrate/Glints2/dict_0007_0010" 7378
"/Engine/EngineMaterials/Substrate/Glints2/dict_0007_0011" 7379
"/Engine/EngineMaterials/Substrate/Glints2/dict_0007_0012" 7380
"/Engine/EngineMaterials/Substrate/Glints2/dict_0007_0013" 7381
"/Engine/EngineMaterials/Substrate/Glints2/dict_0007_0014" 7382
"/Engine/EngineMaterials/Substrate/Glints2/dict_0007_0015" 7383
"/Engine/EngineMaterials/Substrate/Glints2/dict_0007_0016" 7384
"/Engine/EngineMaterials/Substrate/Glints2/dict_0007_0017" 7385
"/Engine/EngineMaterials/Substrate/Glints2/dict_0007_0018" 7386
"/Engine/EngineMaterials/Substrate/Glints2/dict_0006_0243" 7387
"../../../Engine/Content/EngineMaterials/Substrate/Glints2/dict_0006_0239.uasset" 7388
"../../../Engine/Content/EngineMaterials/Substrate/Glints2/dict_0006_0237.uasset" 7389
"../../../Engine/Content/EngineMaterials/Substrate/Glints2/dict_0006_0236.uasset" 7390
"../../../Engine/Content/EngineMaterials/Substrate/Glints2/dict_0006_0240.uasset" 7391
"../../../Engine/Content/EngineMaterials/Substrate/Glints2/dict_0006_0234.uasset" 7392
"../../../Engine/Content/EngineMaterials/Substrate/Glints2/dict_0006_0241.uasset" 7393
"../../../Engine/Content/EngineMaterials/Substrate/Glints2/dict_0006_0242.uasset" 7394
"../../../Engine/Content/EngineMaterials/Substrate/Glints2/dict_0006_0235.uasset" 7395
"../../../Engine/Content/EngineMaterials/Substrate/Glints2/dict_0006_0238.uasset" 7396
"/Engine/EngineMaterials/Substrate/Glints2/dict_0006_0244" 7397
"../../../Engine/Content/EngineMaterials/Substrate/Glints2/dict_0006_0233.uasset" 7398
"../../../Engine/Content/EngineMaterials/Substrate/Glints2/dict_0006_0232.uasset" 7399
"../../../Engine/Content/EngineMaterials/Substrate/Glints2/dict_0006_0231.uasset" 7400
"../../../Engine/Content/EngineMaterials/Substrate/Glints2/dict_0006_0230.uasset" 7401
"../../../Engine/Content/EngineMaterials/Substrate/Glints2/dict_0006_0229.uasset" 7402
"../../../Engine/Content/EngineMaterials/Substrate/Glints2/dict_0006_0228.uasset" 7403
"/Engine/EngineMaterials/Substrate/Glints2/dict_0006_0245" 7404
"../../../Engine/Content/EngineMaterials/Substrate/Glints2/dict_0006_0227.uasset" 7405
"/Engine/EngineMaterials/Substrate/Glints2/dict_0006_0246" 7406
"/Engine/EngineMaterials/Substrate/Glints2/dict_0006_0247" 7407
"/Engine/EngineMaterials/Substrate/Glints2/dict_0006_0248" 7408
"/Engine/EngineMaterials/Substrate/Glints2/dict_0006_0249" 7409
"/Engine/EngineMaterials/Substrate/Glints2/dict_0006_0250" 7410
"/Engine/EngineMaterials/Substrate/Glints2/dict_0006_0251" 7411
"/Engine/EngineMaterials/Substrate/Glints2/dict_0006_0252" 7412
"/Engine/EngineMaterials/Substrate/Glints2/dict_0006_0253" 7413
"/Engine/EngineMaterials/Substrate/Glints2/dict_0006_0254" 7414
"/Engine/EngineMaterials/Substrate/Glints2/dict_0006_0255" 7415
"/Engine/EngineMaterials/Substrate/Glints2/dict_0007_0000" 7416
"/Engine/EngineMaterials/Substrate/Glints2/dict_0007_0001" 7417
"/Engine/EngineMaterials/Substrate/Glints2/dict_0007_0002" 7418
"/Engine/EngineMaterials/Substrate/Glints2/dict_0006_0227" 7419
"../../../Engine/Content/EngineMaterials/Substrate/Glints2/dict_0006_0224.uasset" 7420
"../../../Engine/Content/EngineMaterials/Substrate/Glints2/dict_0006_0221.uasset" 7421
"../../../Engine/Content/EngineMaterials/Substrate/Glints2/dict_0006_0218.uasset" 7422
"../../../Engine/Content/EngineMaterials/Substrate/Glints2/dict_0006_0226.uasset" 7423
"/Engine/EngineMaterials/Substrate/Glints2/dict_0006_0228" 7424
"../../../Engine/Content/EngineMaterials/Substrate/Glints2/dict_0006_0220.uasset" 7425
"../../../Engine/Content/EngineMaterials/Substrate/Glints2/dict_0006_0219.uasset" 7426
"../../../Engine/Content/EngineMaterials/Substrate/Glints2/dict_0006_0225.uasset" 7427
"../../../Engine/Content/EngineMaterials/Substrate/Glints2/dict_0006_0222.uasset" 7428
"../../../Engine/Content/EngineMaterials/Substrate/Glints2/dict_0006_0223.uasset" 7429
"/Engine/EngineMaterials/Substrate/Glints2/dict_0006_0229" 7430
"../../../Engine/Content/EngineMaterials/Substrate/Glints2/dict_0006_0217.uasset" 7431
"../../../Engine/Content/EngineMaterials/Substrate/Glints2/dict_0006_0215.uasset" 7432
"../../../Engine/Content/EngineMaterials/Substrate/Glints2/dict_0006_0216.uasset" 7433
"../../../Engine/Content/EngineMaterials/Substrate/Glints2/dict_0006_0213.uasset" 7434
"../../../Engine/Content/EngineMaterials/Substrate/Glints2/dict_0006_0211.uasset" 7435
"../../../Engine/Content/EngineMaterials/Substrate/Glints2/dict_0006_0212.uasset" 7436
"../../../Engine/Content/EngineMaterials/Substrate/Glints2/dict_0006_0214.uasset" 7437
"/Engine/EngineMaterials/Substrate/Glints2/dict_0006_0230" 7438
"/Engine/EngineMaterials/Substrate/Glints2/dict_0006_0231" 7439
"/Engine/EngineMaterials/Substrate/Glints2/dict_0006_0232" 7440
"/Engine/EngineMaterials/Substrate/Glints2/dict_0006_0233" 7441
"/Engine/EngineMaterials/Substrate/Glints2/dict_0006_0234" 7442
"/Engine/EngineMaterials/Substrate/Glints2/dict_0006_0235" 7443
"/Engine/EngineMaterials/Substrate/Glints2/dict_0006_0236" 7444
"/Engine/EngineMaterials/Substrate/Glints2/dict_0006_0237" 7445
"/Engine/EngineMaterials/Substrate/Glints2/dict_0006_0238" 7446
"/Engine/EngineMaterials/Substrate/Glints2/dict_0006_0239" 7447
"/Engine/EngineMaterials/Substrate/Glints2/dict_0006_0240" 7448
"/Engine/EngineMaterials/Substrate/Glints2/dict_0006_0241" 7449
"/Engine/EngineMaterials/Substrate/Glints2/dict_0006_0242" 7450
"/Engine/EngineMaterials/Substrate/Glints2/dict_0006_0211" 7451
"../../../Engine/Content/EngineMaterials/Substrate/Glints2/dict_0006_0209.uasset" 7452
"../../../Engine/Content/EngineMaterials/Substrate/Glints2/dict_0006_0203.uasset" 7453
"../../../Engine/Content/EngineMaterials/Substrate/Glints2/dict_0006_0210.uasset" 7454
"../../../Engine/Content/EngineMaterials/Substrate/Glints2/dict_0006_0205.uasset" 7455
"../../../Engine/Content/EngineMaterials/Substrate/Glints2/dict_0006_0207.uasset" 7456
"/Engine/EngineMaterials/Substrate/Glints2/dict_0006_0212" 7457
"../../../Engine/Content/EngineMaterials/Substrate/Glints2/dict_0006_0206.uasset" 7458
"../../../Engine/Content/EngineMaterials/Substrate/Glints2/dict_0006_0204.uasset" 7459
"../../../Engine/Content/EngineMaterials/Substrate/Glints2/dict_0006_0201.uasset" 7460
"../../../Engine/Content/EngineMaterials/Substrate/Glints2/dict_0006_0208.uasset" 7461
"../../../Engine/Content/EngineMaterials/Substrate/Glints2/dict_0006_0202.uasset" 7462
"/Engine/EngineMaterials/Substrate/Glints2/dict_0006_0213" 7463
"../../../Engine/Content/EngineMaterials/Substrate/Glints2/dict_0006_0197.uasset" 7464
"../../../Engine/Content/EngineMaterials/Substrate/Glints2/dict_0006_0196.uasset" 7465
"../../../Engine/Content/EngineMaterials/Substrate/Glints2/dict_0006_0199.uasset" 7466
"../../../Engine/Content/EngineMaterials/Substrate/Glints2/dict_0006_0198.uasset" 7467
"../../../Engine/Content/EngineMaterials/Substrate/Glints2/dict_0006_0195.uasset" 7468
"../../../Engine/Content/EngineMaterials/Substrate/Glints2/dict_0006_0200.uasset" 7469
"/Engine/EngineMaterials/Substrate/Glints2/dict_0006_0214" 7470
"/Engine/EngineMaterials/Substrate/Glints2/dict_0006_0215" 7471
"/Engine/EngineMaterials/Substrate/Glints2/dict_0006_0216" 7472
"/Engine/EngineMaterials/Substrate/Glints2/dict_0006_0217" 7473
"/Engine/EngineMaterials/Substrate/Glints2/dict_0006_0218" 7474
"/Engine/EngineMaterials/Substrate/Glints2/dict_0006_0219" 7475
"/Engine/EngineMaterials/Substrate/Glints2/dict_0006_0220" 7476
"/Engine/EngineMaterials/Substrate/Glints2/dict_0006_0221" 7477
"/Engine/EngineMaterials/Substrate/Glints2/dict_0006_0222" 7478
"/Engine/EngineMaterials/Substrate/Glints2/dict_0006_0223" 7479
"/Engine/EngineMaterials/Substrate/Glints2/dict_0006_0224" 7480
"/Engine/EngineMaterials/Substrate/Glints2/dict_0006_0225" 7481
"/Engine/EngineMaterials/Substrate/Glints2/dict_0006_0226" 7482
"/Engine/EngineMaterials/Substrate/Glints2/dict_0006_0195" 7483
"../../../Engine/Content/EngineMaterials/Substrate/Glints2/dict_0006_0188.uasset" 7484
"../../../Engine/Content/EngineMaterials/Substrate/Glints2/dict_0006_0187.uasset" 7485
"../../../Engine/Content/EngineMaterials/Substrate/Glints2/dict_0006_0189.uasset" 7486
"../../../Engine/Content/EngineMaterials/Substrate/Glints2/dict_0006_0194.uasset" 7487
"../../../Engine/Content/EngineMaterials/Substrate/Glints2/dict_0006_0192.uasset" 7488
"../../../Engine/Content/EngineMaterials/Substrate/Glints2/dict_0006_0190.uasset" 7489
"../../../Engine/Content/EngineMaterials/Substrate/Glints2/dict_0006_0193.uasset" 7490
"../../../Engine/Content/EngineMaterials/Substrate/Glints2/dict_0006_0186.uasset" 7491
"../../../Engine/Content/EngineMaterials/Substrate/Glints2/dict_0006_0191.uasset" 7492
"/Engine/EngineMaterials/Substrate/Glints2/dict_0006_0196" 7493
"../../../Engine/Content/EngineMaterials/Substrate/Glints2/dict_0006_0183.uasset" 7494
"../../../Engine/Content/EngineMaterials/Substrate/Glints2/dict_0006_0181.uasset" 7495
"../../../Engine/Content/EngineMaterials/Substrate/Glints2/dict_0006_0184.uasset" 7496
"../../../Engine/Content/EngineMaterials/Substrate/Glints2/dict_0006_0182.uasset" 7497
"/Engine/EngineMaterials/Substrate/Glints2/dict_0006_0197" 7498
"../../../Engine/Content/EngineMaterials/Substrate/Glints2/dict_0006_0180.uasset" 7499
"../../../Engine/Content/EngineMaterials/Substrate/Glints2/dict_0006_0185.uasset" 7500
"../../../Engine/Content/EngineMaterials/Substrate/Glints2/dict_0006_0179.uasset" 7501
"/Engine/EngineMaterials/Substrate/Glints2/dict_0006_0198" 7502
"/Engine/EngineMaterials/Substrate/Glints2/dict_0006_0199" 7503
"/Engine/EngineMaterials/Substrate/Glints2/dict_0006_0200" 7504
"/Engine/EngineMaterials/Substrate/Glints2/dict_0006_0201" 7505
"/Engine/EngineMaterials/Substrate/Glints2/dict_0006_0202" 7506
"/Engine/EngineMaterials/Substrate/Glints2/dict_0006_0203" 7507
"/Engine/EngineMaterials/Substrate/Glints2/dict_0006_0204" 7508
"/Engine/EngineMaterials/Substrate/Glints2/dict_0006_0205" 7509
"/Engine/EngineMaterials/Substrate/Glints2/dict_0006_0206" 7510
"/Engine/EngineMaterials/Substrate/Glints2/dict_0006_0207" 7511
"/Engine/EngineMaterials/Substrate/Glints2/dict_0006_0208" 7512
"/Engine/EngineMaterials/Substrate/Glints2/dict_0006_0209" 7513
"/Engine/EngineMaterials/Substrate/Glints2/dict_0006_0210" 7514
"/Engine/EngineMaterials/Substrate/Glints2/dict_0006_0179" 7515
"../../../Engine/Content/EngineMaterials/Substrate/Glints2/dict_0006_0177.uasset" 7516
"../../../Engine/Content/EngineMaterials/Substrate/Glints2/dict_0006_0176.uasset" 7517
"../../../Engine/Content/EngineMaterials/Substrate/Glints2/dict_0006_0178.uasset" 7518
"/Engine/EngineMaterials/Substrate/Glints2/dict_0006_0180" 7519
"../../../Engine/Content/EngineMaterials/Substrate/Glints2/dict_0006_0170.uasset" 7520
"../../../Engine/Content/EngineMaterials/Substrate/Glints2/dict_0006_0173.uasset" 7521
"../../../Engine/Content/EngineMaterials/Substrate/Glints2/dict_0006_0171.uasset" 7522
"../../../Engine/Content/EngineMaterials/Substrate/Glints2/dict_0006_0175.uasset" 7523
"../../../Engine/Content/EngineMaterials/Substrate/Glints2/dict_0006_0172.uasset" 7524
"../../../Engine/Content/EngineMaterials/Substrate/Glints2/dict_0006_0174.uasset" 7525
"/Engine/EngineMaterials/Substrate/Glints2/dict_0006_0181" 7526
"../../../Engine/Content/EngineMaterials/Substrate/Glints2/dict_0006_0167.uasset" 7527
"../../../Engine/Content/EngineMaterials/Substrate/Glints2/dict_0006_0168.uasset" 7528
"../../../Engine/Content/EngineMaterials/Substrate/Glints2/dict_0006_0165.uasset" 7529
"../../../Engine/Content/EngineMaterials/Substrate/Glints2/dict_0006_0164.uasset" 7530
"/Engine/EngineMaterials/Substrate/Glints2/dict_0006_0182" 7531
"../../../Engine/Content/EngineMaterials/Substrate/Glints2/dict_0006_0163.uasset" 7532
"../../../Engine/Content/EngineMaterials/Substrate/Glints2/dict_0006_0169.uasset" 7533
"../../../Engine/Content/EngineMaterials/Substrate/Glints2/dict_0006_0166.uasset" 7534
"/Engine/EngineMaterials/Substrate/Glints2/dict_0006_0183" 7535
"/Engine/EngineMaterials/Substrate/Glints2/dict_0006_0184" 7536
"/Engine/EngineMaterials/Substrate/Glints2/dict_0006_0185" 7537
"/Engine/EngineMaterials/Substrate/Glints2/dict_0006_0186" 7538
"/Engine/EngineMaterials/Substrate/Glints2/dict_0006_0187" 7539
"/Engine/EngineMaterials/Substrate/Glints2/dict_0006_0188" 7540
"/Engine/EngineMaterials/Substrate/Glints2/dict_0006_0189" 7541
"/Engine/EngineMaterials/Substrate/Glints2/dict_0006_0190" 7542
"/Engine/EngineMaterials/Substrate/Glints2/dict_0006_0191" 7543
"/Engine/EngineMaterials/Substrate/Glints2/dict_0006_0192" 7544
"/Engine/EngineMaterials/Substrate/Glints2/dict_0006_0193" 7545
"/Engine/EngineMaterials/Substrate/Glints2/dict_0006_0194" 7546
"/Engine/EngineMaterials/Substrate/Glints2/dict_0006_0163" 7547
"../../../Engine/Content/EngineMaterials/Substrate/Glints2/dict_0006_0162.uasset" 7548
"../../../Engine/Content/EngineMaterials/Substrate/Glints2/dict_0006_0156.uasset" 7549
"../../../Engine/Content/EngineMaterials/Substrate/Glints2/dict_0006_0160.uasset" 7550
"/Engine/EngineMaterials/Substrate/Glints2/dict_0006_0164" 7551
"../../../Engine/Content/EngineMaterials/Substrate/Glints2/dict_0006_0161.uasset" 7552
"../../../Engine/Content/EngineMaterials/Substrate/Glints2/dict_0006_0157.uasset" 7553
"../../../Engine/Content/EngineMaterials/Substrate/Glints2/dict_0006_0154.uasset" 7554
"../../../Engine/Content/EngineMaterials/Substrate/Glints2/dict_0006_0155.uasset" 7555
"../../../Engine/Content/EngineMaterials/Substrate/Glints2/dict_0006_0159.uasset" 7556
"../../../Engine/Content/EngineMaterials/Substrate/Glints2/dict_0006_0158.uasset" 7557
"/Engine/EngineMaterials/Substrate/Glints2/dict_0006_0165" 7558
"../../../Engine/Content/EngineMaterials/Substrate/Glints2/dict_0006_0148.uasset" 7559
"../../../Engine/Content/EngineMaterials/Substrate/Glints2/dict_0006_0147.uasset" 7560
"../../../Engine/Content/EngineMaterials/Substrate/Glints2/dict_0006_0150.uasset" 7561
"../../../Engine/Content/EngineMaterials/Substrate/Glints2/dict_0006_0149.uasset" 7562
"../../../Engine/Content/EngineMaterials/Substrate/Glints2/dict_0006_0153.uasset" 7563
"../../../Engine/Content/EngineMaterials/Substrate/Glints2/dict_0006_0151.uasset" 7564
"/Engine/EngineMaterials/Substrate/Glints2/dict_0006_0166" 7565
"../../../Engine/Content/EngineMaterials/Substrate/Glints2/dict_0006_0152.uasset" 7566
"/Engine/EngineMaterials/Substrate/Glints2/dict_0006_0167" 7567
"/Engine/EngineMaterials/Substrate/Glints2/dict_0006_0168" 7568
"/Engine/EngineMaterials/Substrate/Glints2/dict_0006_0169" 7569
"/Engine/EngineMaterials/Substrate/Glints2/dict_0006_0170" 7570
"/Engine/EngineMaterials/Substrate/Glints2/dict_0006_0171" 7571
"/Engine/EngineMaterials/Substrate/Glints2/dict_0006_0172" 7572
"/Engine/EngineMaterials/Substrate/Glints2/dict_0006_0173" 7573
"/Engine/EngineMaterials/Substrate/Glints2/dict_0006_0174" 7574
"/Engine/EngineMaterials/Substrate/Glints2/dict_0006_0175" 7575
"/Engine/EngineMaterials/Substrate/Glints2/dict_0006_0176" 7576
"/Engine/EngineMaterials/Substrate/Glints2/dict_0006_0177" 7577
"/Engine/EngineMaterials/Substrate/Glints2/dict_0006_0178" 7578
"/Engine/EngineMaterials/Substrate/Glints2/dict_0006_0147" 7579
"../../../Engine/Content/EngineMaterials/Substrate/Glints2/dict_0006_0140.uasset" 7580
"../../../Engine/Content/EngineMaterials/Substrate/Glints2/dict_0006_0145.uasset" 7581
"../../../Engine/Content/EngineMaterials/Substrate/Glints2/dict_0006_0139.uasset" 7582
"../../../Engine/Content/EngineMaterials/Substrate/Glints2/dict_0006_0142.uasset" 7583
"../../../Engine/Content/EngineMaterials/Substrate/Glints2/dict_0006_0143.uasset" 7584
"../../../Engine/Content/EngineMaterials/Substrate/Glints2/dict_0006_0138.uasset" 7585
"../../../Engine/Content/EngineMaterials/Substrate/Glints2/dict_0006_0141.uasset" 7586
"/Engine/EngineMaterials/Substrate/Glints2/dict_0006_0148" 7587
"../../../Engine/Content/EngineMaterials/Substrate/Glints2/dict_0006_0144.uasset" 7588
"../../../Engine/Content/EngineMaterials/Substrate/Glints2/dict_0006_0146.uasset" 7589
"../../../Engine/Content/EngineMaterials/Substrate/Glints2/dict_0006_0137.uasset" 7590
"../../../Engine/Content/EngineMaterials/Substrate/Glints2/dict_0006_0136.uasset" 7591
"../../../Engine/Content/EngineMaterials/Substrate/Glints2/dict_0006_0133.uasset" 7592
"../../../Engine/Content/EngineMaterials/Substrate/Glints2/dict_0006_0132.uasset" 7593
"../../../Engine/Content/EngineMaterials/Substrate/Glints2/dict_0006_0134.uasset" 7594
"/Engine/EngineMaterials/Substrate/Glints2/dict_0006_0149" 7595
"../../../Engine/Content/EngineMaterials/Substrate/Glints2/dict_0006_0135.uasset" 7596
"../../../Engine/Content/EngineMaterials/Substrate/Glints2/dict_0006_0131.uasset" 7597
"/Engine/EngineMaterials/Substrate/Glints2/dict_0006_0150" 7598
"/Engine/EngineMaterials/Substrate/Glints2/dict_0006_0151" 7599
"/Engine/EngineMaterials/Substrate/Glints2/dict_0006_0152" 7600
"/Engine/EngineMaterials/Substrate/Glints2/dict_0006_0153" 7601
"/Engine/EngineMaterials/Substrate/Glints2/dict_0006_0154" 7602
"/Engine/EngineMaterials/Substrate/Glints2/dict_0006_0155" 7603
"/Engine/EngineMaterials/Substrate/Glints2/dict_0006_0156" 7604
"/Engine/EngineMaterials/Substrate/Glints2/dict_0006_0157" 7605
"/Engine/EngineMaterials/Substrate/Glints2/dict_0006_0158" 7606
"/Engine/EngineMaterials/Substrate/Glints2/dict_0006_0159" 7607
"/Engine/EngineMaterials/Substrate/Glints2/dict_0006_0160" 7608
"/Engine/EngineMaterials/Substrate/Glints2/dict_0006_0161" 7609
"/Engine/EngineMaterials/Substrate/Glints2/dict_0006_0162" 7610
"/Engine/EngineMaterials/Substrate/Glints2/dict_0006_0131" 7611
"../../../Engine/Content/EngineMaterials/Substrate/Glints2/dict_0006_0123.uasset" 7612
"../../../Engine/Content/EngineMaterials/Substrate/Glints2/dict_0006_0124.uasset" 7613
"../../../Engine/Content/EngineMaterials/Substrate/Glints2/dict_0006_0126.uasset" 7614
"../../../Engine/Content/EngineMaterials/Substrate/Glints2/dict_0006_0125.uasset" 7615
"../../../Engine/Content/EngineMaterials/Substrate/Glints2/dict_0006_0128.uasset" 7616
"/Engine/EngineMaterials/Substrate/Glints2/dict_0006_0132" 7617
"../../../Engine/Content/EngineMaterials/Substrate/Glints2/dict_0006_0127.uasset" 7618
"../../../Engine/Content/EngineMaterials/Substrate/Glints2/dict_0006_0130.uasset" 7619
"../../../Engine/Content/EngineMaterials/Substrate/Glints2/dict_0006_0122.uasset" 7620
"../../../Engine/Content/EngineMaterials/Substrate/Glints2/dict_0006_0129.uasset" 7621
"../../../Engine/Content/EngineMaterials/Substrate/Glints2/dict_0006_0119.uasset" 7622
"../../../Engine/Content/EngineMaterials/Substrate/Glints2/dict_0006_0121.uasset" 7623
"../../../Engine/Content/EngineMaterials/Substrate/Glints2/dict_0006_0117.uasset" 7624
"/Engine/EngineMaterials/Substrate/Glints2/dict_0006_0133" 7625
"../../../Engine/Content/EngineMaterials/Substrate/Glints2/dict_0006_0115.uasset" 7626
"../../../Engine/Content/EngineMaterials/Substrate/Glints2/dict_0006_0118.uasset" 7627
"../../../Engine/Content/EngineMaterials/Substrate/Glints2/dict_0006_0120.uasset" 7628
"../../../Engine/Content/EngineMaterials/Substrate/Glints2/dict_0006_0116.uasset" 7629
"/Engine/EngineMaterials/Substrate/Glints2/dict_0006_0134" 7630
"/Engine/EngineMaterials/Substrate/Glints2/dict_0006_0135" 7631
"/Engine/EngineMaterials/Substrate/Glints2/dict_0006_0136" 7632
"/Engine/EngineMaterials/Substrate/Glints2/dict_0006_0137" 7633
"/Engine/EngineMaterials/Substrate/Glints2/dict_0006_0138" 7634
"/Engine/EngineMaterials/Substrate/Glints2/dict_0006_0139" 7635
"/Engine/EngineMaterials/Substrate/Glints2/dict_0006_0140" 7636
"/Engine/EngineMaterials/Substrate/Glints2/dict_0006_0141" 7637
"/Engine/EngineMaterials/Substrate/Glints2/dict_0006_0142" 7638
"/Engine/EngineMaterials/Substrate/Glints2/dict_0006_0143" 7639
"/Engine/EngineMaterials/Substrate/Glints2/dict_0006_0144" 7640
"/Engine/EngineMaterials/Substrate/Glints2/dict_0006_0145" 7641
"/Engine/EngineMaterials/Substrate/Glints2/dict_0006_0146" 7642
"/Engine/EngineMaterials/Substrate/Glints2/dict_0006_0115" 7643
"../../../Engine/Content/EngineMaterials/Substrate/Glints2/dict_0006_0112.uasset" 7644
"../../../Engine/Content/EngineMaterials/Substrate/Glints2/dict_0006_0106.uasset" 7645
"../../../Engine/Content/EngineMaterials/Substrate/Glints2/dict_0006_0107.uasset" 7646
"../../../Engine/Content/EngineMaterials/Substrate/Glints2/dict_0006_0114.uasset" 7647
"/Engine/EngineMaterials/Substrate/Glints2/dict_0006_0116" 7648
"../../../Engine/Content/EngineMaterials/Substrate/Glints2/dict_0006_0109.uasset" 7649
"../../../Engine/Content/EngineMaterials/Substrate/Glints2/dict_0006_0110.uasset" 7650
"../../../Engine/Content/EngineMaterials/Substrate/Glints2/dict_0006_0108.uasset" 7651
"../../../Engine/Content/EngineMaterials/Substrate/Glints2/dict_0006_0113.uasset" 7652
"../../../Engine/Content/EngineMaterials/Substrate/Glints2/dict_0006_0111.uasset" 7653
"/Engine/EngineMaterials/Substrate/Glints2/dict_0006_0117" 7654
"../../../Engine/Content/EngineMaterials/Substrate/Glints2/dict_0006_0104.uasset" 7655
"../../../Engine/Content/EngineMaterials/Substrate/Glints2/dict_0006_0100.uasset" 7656
"../../../Engine/Content/EngineMaterials/Substrate/Glints2/dict_0006_0103.uasset" 7657
"../../../Engine/Content/EngineMaterials/Substrate/Glints2/dict_0006_0105.uasset" 7658
"/Engine/EngineMaterials/Substrate/Glints2/dict_0006_0118" 7659
"../../../Engine/Content/EngineMaterials/Substrate/Glints2/dict_0006_0102.uasset" 7660
"../../../Engine/Content/EngineMaterials/Substrate/Glints2/dict_0006_0101.uasset" 7661
"../../../Engine/Content/EngineMaterials/Substrate/Glints2/dict_0006_0099.uasset" 7662
"/Engine/EngineMaterials/Substrate/Glints2/dict_0006_0119" 7663
"/Engine/EngineMaterials/Substrate/Glints2/dict_0006_0120" 7664
"/Engine/EngineMaterials/Substrate/Glints2/dict_0006_0121" 7665
"/Engine/EngineMaterials/Substrate/Glints2/dict_0006_0122" 7666
"/Engine/EngineMaterials/Substrate/Glints2/dict_0006_0123" 7667
"/Engine/EngineMaterials/Substrate/Glints2/dict_0006_0124" 7668
"/Engine/EngineMaterials/Substrate/Glints2/dict_0006_0125" 7669
"/Engine/EngineMaterials/Substrate/Glints2/dict_0006_0126" 7670
"/Engine/EngineMaterials/Substrate/Glints2/dict_0006_0127" 7671
"/Engine/EngineMaterials/Substrate/Glints2/dict_0006_0128" 7672
"/Engine/EngineMaterials/Substrate/Glints2/dict_0006_0129" 7673
"/Engine/EngineMaterials/Substrate/Glints2/dict_0006_0130" 7674
"/Engine/EngineMaterials/Substrate/Glints2/dict_0006_0099" 7675
"../../../Engine/Content/EngineMaterials/Substrate/Glints2/dict_0006_0095.uasset" 7676
"/Engine/EngineMaterials/Substrate/Glints2/dict_0006_0100" 7677
"../../../Engine/Content/EngineMaterials/Substrate/Glints2/dict_0006_0090.uasset" 7678
"../../../Engine/Content/EngineMaterials/Substrate/Glints2/dict_0006_0092.uasset" 7679
"../../../Engine/Content/EngineMaterials/Substrate/Glints2/dict_0006_0094.uasset" 7680
"../../../Engine/Content/EngineMaterials/Substrate/Glints2/dict_0006_0093.uasset" 7681
"../../../Engine/Content/EngineMaterials/Substrate/Glints2/dict_0006_0098.uasset" 7682
"../../../Engine/Content/EngineMaterials/Substrate/Glints2/dict_0006_0091.uasset" 7683
"../../../Engine/Content/EngineMaterials/Substrate/Glints2/dict_0006_0096.uasset" 7684
"../../../Engine/Content/EngineMaterials/Substrate/Glints2/dict_0006_0097.uasset" 7685
"/Engine/EngineMaterials/Substrate/Glints2/dict_0006_0101" 7686
"../../../Engine/Content/EngineMaterials/Substrate/Glints2/dict_0006_0087.uasset" 7687
"../../../Engine/Content/EngineMaterials/Substrate/Glints2/dict_0006_0089.uasset" 7688
"../../../Engine/Content/EngineMaterials/Substrate/Glints2/dict_0006_0088.uasset" 7689
"../../../Engine/Content/EngineMaterials/Substrate/Glints2/dict_0006_0086.uasset" 7690
"../../../Engine/Content/EngineMaterials/Substrate/Glints2/dict_0006_0084.uasset" 7691
"../../../Engine/Content/EngineMaterials/Substrate/Glints2/dict_0006_0085.uasset" 7692
"../../../Engine/Content/EngineMaterials/Substrate/Glints2/dict_0006_0083.uasset" 7693
"/Engine/EngineMaterials/Substrate/Glints2/dict_0006_0102" 7694
"/Engine/EngineMaterials/Substrate/Glints2/dict_0006_0103" 7695
"/Engine/EngineMaterials/Substrate/Glints2/dict_0006_0104" 7696
"/Engine/EngineMaterials/Substrate/Glints2/dict_0006_0105" 7697
"/Engine/EngineMaterials/Substrate/Glints2/dict_0006_0106" 7698
"/Engine/EngineMaterials/Substrate/Glints2/dict_0006_0107" 7699
"/Engine/EngineMaterials/Substrate/Glints2/dict_0006_0108" 7700
"/Engine/EngineMaterials/Substrate/Glints2/dict_0006_0109" 7701
"/Engine/EngineMaterials/Substrate/Glints2/dict_0006_0110" 7702
"/Engine/EngineMaterials/Substrate/Glints2/dict_0006_0111" 7703
"/Engine/EngineMaterials/Substrate/Glints2/dict_0006_0112" 7704
"/Engine/EngineMaterials/Substrate/Glints2/dict_0006_0113" 7705
"/Engine/EngineMaterials/Substrate/Glints2/dict_0006_0114" 7706
"/Engine/EngineMaterials/Substrate/Glints2/dict_0006_0083" 7707
"../../../Engine/Content/EngineMaterials/Substrate/Glints2/dict_0006_0079.uasset" 7708
"../../../Engine/Content/EngineMaterials/Substrate/Glints2/dict_0006_0082.uasset" 7709
"../../../Engine/Content/EngineMaterials/Substrate/Glints2/dict_0006_0077.uasset" 7710
"../../../Engine/Content/EngineMaterials/Substrate/Glints2/dict_0006_0081.uasset" 7711
"../../../Engine/Content/EngineMaterials/Substrate/Glints2/dict_0006_0078.uasset" 7712
"../../../Engine/Content/EngineMaterials/Substrate/Glints2/dict_0006_0075.uasset" 7713
"../../../Engine/Content/EngineMaterials/Substrate/Glints2/dict_0006_0080.uasset" 7714
"../../../Engine/Content/EngineMaterials/Substrate/Glints2/dict_0006_0076.uasset" 7715
"../../../Engine/Content/EngineMaterials/Substrate/Glints2/dict_0006_0074.uasset" 7716
"/Engine/EngineMaterials/Substrate/Glints2/dict_0006_0084" 7717
"../../../Engine/Content/EngineMaterials/Substrate/Glints2/dict_0006_0073.uasset" 7718
"/Engine/EngineMaterials/Substrate/Glints2/dict_0006_0085" 7719
"../../../Engine/Content/EngineMaterials/Substrate/Glints2/dict_0006_0072.uasset" 7720
"../../../Engine/Content/EngineMaterials/Substrate/Glints2/dict_0006_0070.uasset" 7721
"../../../Engine/Content/EngineMaterials/Substrate/Glints2/dict_0006_0068.uasset" 7722
"../../../Engine/Content/EngineMaterials/Substrate/Glints2/dict_0006_0067.uasset" 7723
"../../../Engine/Content/EngineMaterials/Substrate/Glints2/dict_0006_0071.uasset" 7724
"../../../Engine/Content/EngineMaterials/Substrate/Glints2/dict_0006_0069.uasset" 7725
"/Engine/EngineMaterials/Substrate/Glints2/dict_0006_0086" 7726
"/Engine/EngineMaterials/Substrate/Glints2/dict_0006_0087" 7727
"/Engine/EngineMaterials/Substrate/Glints2/dict_0006_0088" 7728
"/Engine/EngineMaterials/Substrate/Glints2/dict_0006_0089" 7729
"/Engine/EngineMaterials/Substrate/Glints2/dict_0006_0090" 7730
"/Engine/EngineMaterials/Substrate/Glints2/dict_0006_0091" 7731
"/Engine/EngineMaterials/Substrate/Glints2/dict_0006_0092" 7732
"/Engine/EngineMaterials/Substrate/Glints2/dict_0006_0093" 7733
"/Engine/EngineMaterials/Substrate/Glints2/dict_0006_0094" 7734
"/Engine/EngineMaterials/Substrate/Glints2/dict_0006_0095" 7735
"/Engine/EngineMaterials/Substrate/Glints2/dict_0006_0096" 7736
"/Engine/EngineMaterials/Substrate/Glints2/dict_0006_0097" 7737
"/Engine/EngineMaterials/Substrate/Glints2/dict_0006_0098" 7738
"/Engine/EngineMaterials/Substrate/Glints2/dict_0006_0067" 7739
"/Engine/EngineMaterials/Substrate/Glints2/dict_0006_0068" 7740
"../../../Engine/Content/EngineMaterials/Substrate/Glints2/dict_0006_0057.uasset" 7741
"../../../Engine/Content/EngineMaterials/Substrate/Glints2/dict_0006_0058.uasset" 7742
"../../../Engine/Content/EngineMaterials/Substrate/Glints2/dict_0006_0059.uasset" 7743
"../../../Engine/Content/EngineMaterials/Substrate/Glints2/dict_0006_0060.uasset" 7744
"../../../Engine/Content/EngineMaterials/Substrate/Glints2/dict_0006_0061.uasset" 7745
"../../../Engine/Content/EngineMaterials/Substrate/Glints2/dict_0006_0062.uasset" 7746
"../../../Engine/Content/EngineMaterials/Substrate/Glints2/dict_0006_0065.uasset" 7747
"../../../Engine/Content/EngineMaterials/Substrate/Glints2/dict_0006_0064.uasset" 7748
"../../../Engine/Content/EngineMaterials/Substrate/Glints2/dict_0006_0063.uasset" 7749
"/Engine/EngineMaterials/Substrate/Glints2/dict_0006_0069" 7750
"../../../Engine/Content/EngineMaterials/Substrate/Glints2/dict_0006_0066.uasset" 7751
"../../../Engine/Content/EngineMaterials/Substrate/Glints2/dict_0006_0055.uasset" 7752
"../../../Engine/Content/EngineMaterials/Substrate/Glints2/dict_0006_0053.uasset" 7753
"../../../Engine/Content/EngineMaterials/Substrate/Glints2/dict_0006_0054.uasset" 7754
"../../../Engine/Content/EngineMaterials/Substrate/Glints2/dict_0006_0056.uasset" 7755
"../../../Engine/Content/EngineMaterials/Substrate/Glints2/dict_0006_0052.uasset" 7756
"../../../Engine/Content/EngineMaterials/Substrate/Glints2/dict_0006_0051.uasset" 7757
"/Engine/EngineMaterials/Substrate/Glints2/dict_0006_0070" 7758
"/Engine/EngineMaterials/Substrate/Glints2/dict_0006_0071" 7759
"/Engine/EngineMaterials/Substrate/Glints2/dict_0006_0072" 7760
"/Engine/EngineMaterials/Substrate/Glints2/dict_0006_0073" 7761
"/Engine/EngineMaterials/Substrate/Glints2/dict_0006_0074" 7762
"/Engine/EngineMaterials/Substrate/Glints2/dict_0006_0075" 7763
"/Engine/EngineMaterials/Substrate/Glints2/dict_0006_0076" 7764
"/Engine/EngineMaterials/Substrate/Glints2/dict_0006_0077" 7765
"/Engine/EngineMaterials/Substrate/Glints2/dict_0006_0078" 7766
"/Engine/EngineMaterials/Substrate/Glints2/dict_0006_0079" 7767
"/Engine/EngineMaterials/Substrate/Glints2/dict_0006_0080" 7768
"/Engine/EngineMaterials/Substrate/Glints2/dict_0006_0081" 7769
"/Engine/EngineMaterials/Substrate/Glints2/dict_0006_0082" 7770
"/Engine/EngineMaterials/Substrate/Glints2/dict_0006_0051" 7771
"../../../Engine/Content/EngineMaterials/Substrate/Glints2/dict_0006_0047.uasset" 7772
"../../../Engine/Content/EngineMaterials/Substrate/Glints2/dict_0006_0043.uasset" 7773
"../../../Engine/Content/EngineMaterials/Substrate/Glints2/dict_0006_0042.uasset" 7774
"../../../Engine/Content/EngineMaterials/Substrate/Glints2/dict_0006_0046.uasset" 7775
"../../../Engine/Content/EngineMaterials/Substrate/Glints2/dict_0006_0045.uasset" 7776
"../../../Engine/Content/EngineMaterials/Substrate/Glints2/dict_0006_0048.uasset" 7777
"../../../Engine/Content/EngineMaterials/Substrate/Glints2/dict_0006_0044.uasset" 7778
"../../../Engine/Content/EngineMaterials/Substrate/Glints2/dict_0006_0049.uasset" 7779
"../../../Engine/Content/EngineMaterials/Substrate/Glints2/dict_0006_0050.uasset" 7780
"/Engine/EngineMaterials/Substrate/Glints2/dict_0006_0052" 7781
"../../../Engine/Content/EngineMaterials/Substrate/Glints2/dict_0006_0041.uasset" 7782
"../../../Engine/Content/EngineMaterials/Substrate/Glints2/dict_0006_0040.uasset" 7783
"../../../Engine/Content/EngineMaterials/Substrate/Glints2/dict_0006_0036.uasset" 7784
"../../../Engine/Content/EngineMaterials/Substrate/Glints2/dict_0006_0039.uasset" 7785
"../../../Engine/Content/EngineMaterials/Substrate/Glints2/dict_0006_0038.uasset" 7786
"../../../Engine/Content/EngineMaterials/Substrate/Glints2/dict_0006_0037.uasset" 7787
"../../../Engine/Content/EngineMaterials/Substrate/Glints2/dict_0006_0035.uasset" 7788
"/Engine/EngineMaterials/Substrate/Glints2/dict_0006_0053" 7789
"/Engine/EngineMaterials/Substrate/Glints2/dict_0006_0054" 7790
"/Engine/EngineMaterials/Substrate/Glints2/dict_0006_0055" 7791
"/Engine/EngineMaterials/Substrate/Glints2/dict_0006_0056" 7792
"/Engine/EngineMaterials/Substrate/Glints2/dict_0006_0057" 7793
"/Engine/EngineMaterials/Substrate/Glints2/dict_0006_0058" 7794
"/Engine/EngineMaterials/Substrate/Glints2/dict_0006_0059" 7795
"/Engine/EngineMaterials/Substrate/Glints2/dict_0006_0060" 7796
"/Engine/EngineMaterials/Substrate/Glints2/dict_0006_0061" 7797
"/Engine/EngineMaterials/Substrate/Glints2/dict_0006_0062" 7798
"/Engine/EngineMaterials/Substrate/Glints2/dict_0006_0063" 7799
"/Engine/EngineMaterials/Substrate/Glints2/dict_0006_0064" 7800
"/Engine/EngineMaterials/Substrate/Glints2/dict_0006_0065" 7801
"/Engine/EngineMaterials/Substrate/Glints2/dict_0006_0066" 7802
"/Engine/EngineMaterials/Substrate/Glints2/dict_0006_0035" 7803
"../../../Engine/Content/EngineMaterials/Substrate/Glints2/dict_0006_0025.uasset" 7804
"../../../Engine/Content/EngineMaterials/Substrate/Glints2/dict_0006_0027.uasset" 7805
"../../../Engine/Content/EngineMaterials/Substrate/Glints2/dict_0006_0031.uasset" 7806
"../../../Engine/Content/EngineMaterials/Substrate/Glints2/dict_0006_0028.uasset" 7807
"../../../Engine/Content/EngineMaterials/Substrate/Glints2/dict_0006_0029.uasset" 7808
"../../../Engine/Content/EngineMaterials/Substrate/Glints2/dict_0006_0034.uasset" 7809
"/Engine/EngineMaterials/Substrate/Glints2/dict_0006_0036" 7810
"../../../Engine/Content/EngineMaterials/Substrate/Glints2/dict_0006_0026.uasset" 7811
"../../../Engine/Content/EngineMaterials/Substrate/Glints2/dict_0006_0033.uasset" 7812
"../../../Engine/Content/EngineMaterials/Substrate/Glints2/dict_0006_0030.uasset" 7813
"../../../Engine/Content/EngineMaterials/Substrate/Glints2/dict_0006_0032.uasset" 7814
"/Engine/EngineMaterials/Substrate/Glints2/dict_0006_0037" 7815
"../../../Engine/Content/EngineMaterials/Substrate/Glints2/dict_0006_0024.uasset" 7816
"../../../Engine/Content/EngineMaterials/Substrate/Glints2/dict_0006_0023.uasset" 7817
"../../../Engine/Content/EngineMaterials/Substrate/Glints2/dict_0006_0022.uasset" 7818
"../../../Engine/Content/EngineMaterials/Substrate/Glints2/dict_0006_0019.uasset" 7819
"../../../Engine/Content/EngineMaterials/Substrate/Glints2/dict_0006_0020.uasset" 7820
"../../../Engine/Content/EngineMaterials/Substrate/Glints2/dict_0006_0021.uasset" 7821
"/Engine/EngineMaterials/Substrate/Glints2/dict_0006_0038" 7822
"/Engine/EngineMaterials/Substrate/Glints2/dict_0006_0039" 7823
"/Engine/EngineMaterials/Substrate/Glints2/dict_0006_0040" 7824
"/Engine/EngineMaterials/Substrate/Glints2/dict_0006_0041" 7825
"/Engine/EngineMaterials/Substrate/Glints2/dict_0006_0042" 7826
"/Engine/EngineMaterials/Substrate/Glints2/dict_0006_0043" 7827
"/Engine/EngineMaterials/Substrate/Glints2/dict_0006_0044" 7828
"/Engine/EngineMaterials/Substrate/Glints2/dict_0006_0045" 7829
"/Engine/EngineMaterials/Substrate/Glints2/dict_0006_0046" 7830
"/Engine/EngineMaterials/Substrate/Glints2/dict_0006_0047" 7831
"/Engine/EngineMaterials/Substrate/Glints2/dict_0006_0048" 7832
"/Engine/EngineMaterials/Substrate/Glints2/dict_0006_0049" 7833
"/Engine/EngineMaterials/Substrate/Glints2/dict_0006_0050" 7834
"/Engine/EngineMaterials/Substrate/Glints2/dict_0006_0019" 7835
"../../../Engine/Content/EngineMaterials/Substrate/Glints2/dict_0006_0012.uasset" 7836
"../../../Engine/Content/EngineMaterials/Substrate/Glints2/dict_0006_0010.uasset" 7837
"../../../Engine/Content/EngineMaterials/Substrate/Glints2/dict_0006_0016.uasset" 7838
"/Engine/EngineMaterials/Substrate/Glints2/dict_0006_0020" 7839
"../../../Engine/Content/EngineMaterials/Substrate/Glints2/dict_0006_0018.uasset" 7840
"../../../Engine/Content/EngineMaterials/Substrate/Glints2/dict_0006_0014.uasset" 7841
"../../../Engine/Content/EngineMaterials/Substrate/Glints2/dict_0006_0013.uasset" 7842
"../../../Engine/Content/EngineMaterials/Substrate/Glints2/dict_0006_0017.uasset" 7843
"../../../Engine/Content/EngineMaterials/Substrate/Glints2/dict_0006_0015.uasset" 7844
"../../../Engine/Content/EngineMaterials/Substrate/Glints2/dict_0006_0011.uasset" 7845
"../../../Engine/Content/EngineMaterials/Substrate/Glints2/dict_0006_0009.uasset" 7846
"/Engine/EngineMaterials/Substrate/Glints2/dict_0006_0021" 7847
"../../../Engine/Content/EngineMaterials/Substrate/Glints2/dict_0006_0006.uasset" 7848
"../../../Engine/Content/EngineMaterials/Substrate/Glints2/dict_0006_0008.uasset" 7849
"../../../Engine/Content/EngineMaterials/Substrate/Glints2/dict_0006_0007.uasset" 7850
"../../../Engine/Content/EngineMaterials/Substrate/Glints2/dict_0006_0005.uasset" 7851
"../../../Engine/Content/EngineMaterials/Substrate/Glints2/dict_0006_0004.uasset" 7852
"../../../Engine/Content/EngineMaterials/Substrate/Glints2/dict_0006_0003.uasset" 7853
"/Engine/EngineMaterials/Substrate/Glints2/dict_0006_0022" 7854
"/Engine/EngineMaterials/Substrate/Glints2/dict_0006_0023" 7855
"/Engine/EngineMaterials/Substrate/Glints2/dict_0006_0024" 7856
"/Engine/EngineMaterials/Substrate/Glints2/dict_0006_0025" 7857
"/Engine/EngineMaterials/Substrate/Glints2/dict_0006_0026" 7858
"/Engine/EngineMaterials/Substrate/Glints2/dict_0006_0027" 7859
"/Engine/EngineMaterials/Substrate/Glints2/dict_0006_0028" 7860
"/Engine/EngineMaterials/Substrate/Glints2/dict_0006_0029" 7861
"/Engine/EngineMaterials/Substrate/Glints2/dict_0006_0030" 7862
"/Engine/EngineMaterials/Substrate/Glints2/dict_0006_0031" 7863
"/Engine/EngineMaterials/Substrate/Glints2/dict_0006_0032" 7864
"/Engine/EngineMaterials/Substrate/Glints2/dict_0006_0033" 7865
"/Engine/EngineMaterials/Substrate/Glints2/dict_0006_0034" 7866
"/Engine/EngineMaterials/Substrate/Glints2/dict_0006_0003" 7867
"../../../Engine/Content/EngineMaterials/Substrate/Glints2/dict_0006_0002.uasset" 7868
"../../../Engine/Content/EngineMaterials/Substrate/Glints2/dict_0005_0254.uasset" 7869
"../../../Engine/Content/EngineMaterials/Substrate/Glints2/dict_0006_0000.uasset" 7870
"../../../Engine/Content/EngineMaterials/Substrate/Glints2/dict_0005_0252.uasset" 7871
"../../../Engine/Content/EngineMaterials/Substrate/Glints2/dict_0005_0253.uasset" 7872
"../../../Engine/Content/EngineMaterials/Substrate/Glints2/dict_0005_0251.uasset" 7873
"../../../Engine/Content/EngineMaterials/Substrate/Glints2/dict_0006_0001.uasset" 7874
"/Engine/EngineMaterials/Substrate/Glints2/dict_0006_0004" 7875
"../../../Engine/Content/EngineMaterials/Substrate/Glints2/dict_0005_0255.uasset" 7876
"../../../Engine/Content/EngineMaterials/Substrate/Glints2/dict_0005_0250.uasset" 7877
"../../../Engine/Content/EngineMaterials/Substrate/Glints2/dict_0005_0247.uasset" 7878
"../../../Engine/Content/EngineMaterials/Substrate/Glints2/dict_0005_0248.uasset" 7879
"../../../Engine/Content/EngineMaterials/Substrate/Glints2/dict_0005_0245.uasset" 7880
"../../../Engine/Content/EngineMaterials/Substrate/Glints2/dict_0005_0244.uasset" 7881
"/Engine/EngineMaterials/Substrate/Glints2/dict_0006_0005" 7882
"../../../Engine/Content/EngineMaterials/Substrate/Glints2/dict_0005_0243.uasset" 7883
"../../../Engine/Content/EngineMaterials/Substrate/Glints2/dict_0005_0249.uasset" 7884
"../../../Engine/Content/EngineMaterials/Substrate/Glints2/dict_0005_0246.uasset" 7885
"/Engine/EngineMaterials/Substrate/Glints2/dict_0006_0006" 7886
"/Engine/EngineMaterials/Substrate/Glints2/dict_0006_0007" 7887
"/Engine/EngineMaterials/Substrate/Glints2/dict_0006_0008" 7888
"/Engine/EngineMaterials/Substrate/Glints2/dict_0006_0009" 7889
"/Engine/EngineMaterials/Substrate/Glints2/dict_0006_0010" 7890
"/Engine/EngineMaterials/Substrate/Glints2/dict_0006_0011" 7891
"/Engine/EngineMaterials/Substrate/Glints2/dict_0006_0012" 7892
"/Engine/EngineMaterials/Substrate/Glints2/dict_0006_0013" 7893
"/Engine/EngineMaterials/Substrate/Glints2/dict_0006_0014" 7894
"/Engine/EngineMaterials/Substrate/Glints2/dict_0006_0015" 7895
"/Engine/EngineMaterials/Substrate/Glints2/dict_0006_0016" 7896
"/Engine/EngineMaterials/Substrate/Glints2/dict_0006_0017" 7897
"/Engine/EngineMaterials/Substrate/Glints2/dict_0006_0018" 7898
"/Engine/EngineMaterials/Substrate/Glints2/dict_0005_0243" 7899
"../../../Engine/Content/EngineMaterials/Substrate/Glints2/dict_0005_0239.uasset" 7900
"../../../Engine/Content/EngineMaterials/Substrate/Glints2/dict_0005_0235.uasset" 7901
"../../../Engine/Content/EngineMaterials/Substrate/Glints2/dict_0005_0238.uasset" 7902
"../../../Engine/Content/EngineMaterials/Substrate/Glints2/dict_0005_0236.uasset" 7903
"/Engine/EngineMaterials/Substrate/Glints2/dict_0005_0244" 7904
"../../../Engine/Content/EngineMaterials/Substrate/Glints2/dict_0005_0237.uasset" 7905
"../../../Engine/Content/EngineMaterials/Substrate/Glints2/dict_0005_0242.uasset" 7906
"../../../Engine/Content/EngineMaterials/Substrate/Glints2/dict_0005_0234.uasset" 7907
"../../../Engine/Content/EngineMaterials/Substrate/Glints2/dict_0005_0241.uasset" 7908
"../../../Engine/Content/EngineMaterials/Substrate/Glints2/dict_0005_0240.uasset" 7909
"/Engine/EngineMaterials/Substrate/Glints2/dict_0005_0245" 7910
"../../../Engine/Content/EngineMaterials/Substrate/Glints2/dict_0005_0233.uasset" 7911
"../../../Engine/Content/EngineMaterials/Substrate/Glints2/dict_0005_0232.uasset" 7912
"/Engine/EngineMaterials/Substrate/Glints2/dict_0005_0246" 7913
"../../../Engine/Content/EngineMaterials/Substrate/Glints2/dict_0005_0227.uasset" 7914
"../../../Engine/Content/EngineMaterials/Substrate/Glints2/dict_0005_0228.uasset" 7915
"../../../Engine/Content/EngineMaterials/Substrate/Glints2/dict_0005_0229.uasset" 7916
"../../../Engine/Content/EngineMaterials/Substrate/Glints2/dict_0005_0230.uasset" 7917
"../../../Engine/Content/EngineMaterials/Substrate/Glints2/dict_0005_0231.uasset" 7918
"/Engine/EngineMaterials/Substrate/Glints2/dict_0005_0247" 7919
"/Engine/EngineMaterials/Substrate/Glints2/dict_0005_0248" 7920
"/Engine/EngineMaterials/Substrate/Glints2/dict_0005_0249" 7921
"/Engine/EngineMaterials/Substrate/Glints2/dict_0005_0250" 7922
"/Engine/EngineMaterials/Substrate/Glints2/dict_0005_0251" 7923
"/Engine/EngineMaterials/Substrate/Glints2/dict_0005_0252" 7924
"/Engine/EngineMaterials/Substrate/Glints2/dict_0005_0253" 7925
"/Engine/EngineMaterials/Substrate/Glints2/dict_0005_0254" 7926
"/Engine/EngineMaterials/Substrate/Glints2/dict_0005_0255" 7927
"/Engine/EngineMaterials/Substrate/Glints2/dict_0006_0000" 7928
"/Engine/EngineMaterials/Substrate/Glints2/dict_0006_0001" 7929
"/Engine/EngineMaterials/Substrate/Glints2/dict_0006_0002" 7930
"/Engine/EngineMaterials/Substrate/Glints2/dict_0005_0227" 7931
"../../../Engine/Content/EngineMaterials/Substrate/Glints2/dict_0005_0224.uasset" 7932
"/Engine/EngineMaterials/Substrate/Glints2/dict_0005_0228" 7933
"../../../Engine/Content/EngineMaterials/Substrate/Glints2/dict_0005_0220.uasset" 7934
"../../../Engine/Content/EngineMaterials/Substrate/Glints2/dict_0005_0222.uasset" 7935
"../../../Engine/Content/EngineMaterials/Substrate/Glints2/dict_0005_0226.uasset" 7936
"../../../Engine/Content/EngineMaterials/Substrate/Glints2/dict_0005_0219.uasset" 7937
"../../../Engine/Content/EngineMaterials/Substrate/Glints2/dict_0005_0223.uasset" 7938
"../../../Engine/Content/EngineMaterials/Substrate/Glints2/dict_0005_0225.uasset" 7939
"../../../Engine/Content/EngineMaterials/Substrate/Glints2/dict_0005_0221.uasset" 7940
"../../../Engine/Content/EngineMaterials/Substrate/Glints2/dict_0005_0218.uasset" 7941
"/Engine/EngineMaterials/Substrate/Glints2/dict_0005_0229" 7942
"../../../Engine/Content/EngineMaterials/Substrate/Glints2/dict_0005_0217.uasset" 7943
"../../../Engine/Content/EngineMaterials/Substrate/Glints2/dict_0005_0215.uasset" 7944
"../../../Engine/Content/EngineMaterials/Substrate/Glints2/dict_0005_0216.uasset" 7945
"/Engine/EngineMaterials/Substrate/Glints2/dict_0005_0230" 7946
"../../../Engine/Content/EngineMaterials/Substrate/Glints2/dict_0005_0214.uasset" 7947
"../../../Engine/Content/EngineMaterials/Substrate/Glints2/dict_0005_0213.uasset" 7948
"../../../Engine/Content/EngineMaterials/Substrate/Glints2/dict_0005_0211.uasset" 7949
"../../../Engine/Content/EngineMaterials/Substrate/Glints2/dict_0005_0212.uasset" 7950
"/Engine/EngineMaterials/Substrate/Glints2/dict_0005_0231" 7951
"/Engine/EngineMaterials/Substrate/Glints2/dict_0005_0232" 7952
"/Engine/EngineMaterials/Substrate/Glints2/dict_0005_0233" 7953
"/Engine/EngineMaterials/Substrate/Glints2/dict_0005_0234" 7954
"/Engine/EngineMaterials/Substrate/Glints2/dict_0005_0235" 7955
"/Engine/EngineMaterials/Substrate/Glints2/dict_0005_0236" 7956
"/Engine/EngineMaterials/Substrate/Glints2/dict_0005_0237" 7957
"/Engine/EngineMaterials/Substrate/Glints2/dict_0005_0238" 7958
"/Engine/EngineMaterials/Substrate/Glints2/dict_0005_0239" 7959
"/Engine/EngineMaterials/Substrate/Glints2/dict_0005_0240" 7960
"/Engine/EngineMaterials/Substrate/Glints2/dict_0005_0241" 7961
"/Engine/EngineMaterials/Substrate/Glints2/dict_0005_0242" 7962
"/Engine/EngineMaterials/Substrate/Glints2/dict_0005_0211" 7963
"../../../Engine/Content/EngineMaterials/Substrate/Glints2/dict_0005_0202.uasset" 7964
"../../../Engine/Content/EngineMaterials/Substrate/Glints2/dict_0005_0204.uasset" 7965
"/Engine/EngineMaterials/Substrate/Glints2/dict_0005_0212" 7966
"../../../Engine/Content/EngineMaterials/Substrate/Glints2/dict_0005_0208.uasset" 7967
"../../../Engine/Content/EngineMaterials/Substrate/Glints2/dict_0005_0209.uasset" 7968
"../../../Engine/Content/EngineMaterials/Substrate/Glints2/dict_0005_0203.uasset" 7969
"../../../Engine/Content/EngineMaterials/Substrate/Glints2/dict_0005_0210.uasset" 7970
"../../../Engine/Content/EngineMaterials/Substrate/Glints2/dict_0005_0207.uasset" 7971
"../../../Engine/Content/EngineMaterials/Substrate/Glints2/dict_0005_0206.uasset" 7972
"../../../Engine/Content/EngineMaterials/Substrate/Glints2/dict_0005_0205.uasset" 7973
"../../../Engine/Content/EngineMaterials/Substrate/Glints2/dict_0005_0201.uasset" 7974
"/Engine/EngineMaterials/Substrate/Glints2/dict_0005_0213" 7975
"../../../Engine/Content/EngineMaterials/Substrate/Glints2/dict_0005_0200.uasset" 7976
"../../../Engine/Content/EngineMaterials/Substrate/Glints2/dict_0005_0199.uasset" 7977
"../../../Engine/Content/EngineMaterials/Substrate/Glints2/dict_0005_0198.uasset" 7978
"../../../Engine/Content/EngineMaterials/Substrate/Glints2/dict_0005_0195.uasset" 7979
"../../../Engine/Content/EngineMaterials/Substrate/Glints2/dict_0005_0196.uasset" 7980
"../../../Engine/Content/EngineMaterials/Substrate/Glints2/dict_0005_0197.uasset" 7981
"/Engine/EngineMaterials/Substrate/Glints2/dict_0005_0214" 7982
"/Engine/EngineMaterials/Substrate/Glints2/dict_0005_0215" 7983
"/Engine/EngineMaterials/Substrate/Glints2/dict_0005_0216" 7984
"/Engine/EngineMaterials/Substrate/Glints2/dict_0005_0217" 7985
"/Engine/EngineMaterials/Substrate/Glints2/dict_0005_0218" 7986
"/Engine/EngineMaterials/Substrate/Glints2/dict_0005_0219" 7987
"/Engine/EngineMaterials/Substrate/Glints2/dict_0005_0220" 7988
"/Engine/EngineMaterials/Substrate/Glints2/dict_0005_0221" 7989
"/Engine/EngineMaterials/Substrate/Glints2/dict_0005_0222" 7990
"/Engine/EngineMaterials/Substrate/Glints2/dict_0005_0223" 7991
"/Engine/EngineMaterials/Substrate/Glints2/dict_0005_0224" 7992
"/Engine/EngineMaterials/Substrate/Glints2/dict_0005_0225" 7993
"/Engine/EngineMaterials/Substrate/Glints2/dict_0005_0226" 7994
"/Engine/EngineMaterials/Substrate/Glints2/dict_0005_0195" 7995
"../../../Engine/Content/EngineMaterials/Substrate/Glints2/dict_0005_0190.uasset" 7996
"../../../Engine/Content/EngineMaterials/Substrate/Glints2/dict_0005_0191.uasset" 7997
"../../../Engine/Content/EngineMaterials/Substrate/Glints2/dict_0005_0187.uasset" 7998
"../../../Engine/Content/EngineMaterials/Substrate/Glints2/dict_0005_0189.uasset" 7999
"../../../Engine/Content/EngineMaterials/Substrate/Glints2/dict_0005_0186.uasset" 8000
"../../../Engine/Content/EngineMaterials/Substrate/Glints2/dict_0005_0188.uasset" 8001
"../../../Engine/Content/EngineMaterials/Substrate/Glints2/dict_0005_0192.uasset" 8002
"../../../Engine/Content/EngineMaterials/Substrate/Glints2/dict_0005_0193.uasset" 8003
"../../../Engine/Content/EngineMaterials/Substrate/Glints2/dict_0005_0194.uasset" 8004
"/Engine/EngineMaterials/Substrate/Glints2/dict_0005_0196" 8005
"../../../Engine/Content/EngineMaterials/Substrate/Glints2/dict_0005_0184.uasset" 8006
"../../../Engine/Content/EngineMaterials/Substrate/Glints2/dict_0005_0185.uasset" 8007
"../../../Engine/Content/EngineMaterials/Substrate/Glints2/dict_0005_0183.uasset" 8008
"../../../Engine/Content/EngineMaterials/Substrate/Glints2/dict_0005_0180.uasset" 8009
"../../../Engine/Content/EngineMaterials/Substrate/Glints2/dict_0005_0181.uasset" 8010
"../../../Engine/Content/EngineMaterials/Substrate/Glints2/dict_0005_0182.uasset" 8011
"/Engine/EngineMaterials/Substrate/Glints2/dict_0005_0197" 8012
"../../../Engine/Content/EngineMaterials/Substrate/Glints2/dict_0005_0179.uasset" 8013
"/Engine/EngineMaterials/Substrate/Glints2/dict_0005_0198" 8014
"/Engine/EngineMaterials/Substrate/Glints2/dict_0005_0199" 8015
"/Engine/EngineMaterials/Substrate/Glints2/dict_0005_0200" 8016
"/Engine/EngineMaterials/Substrate/Glints2/dict_0005_0201" 8017
"/Engine/EngineMaterials/Substrate/Glints2/dict_0005_0202" 8018
"/Engine/EngineMaterials/Substrate/Glints2/dict_0005_0203" 8019
"/Engine/EngineMaterials/Substrate/Glints2/dict_0005_0204" 8020
"/Engine/EngineMaterials/Substrate/Glints2/dict_0005_0205" 8021
"/Engine/EngineMaterials/Substrate/Glints2/dict_0005_0206" 8022
"/Engine/EngineMaterials/Substrate/Glints2/dict_0005_0207" 8023
"/Engine/EngineMaterials/Substrate/Glints2/dict_0005_0208" 8024
"/Engine/EngineMaterials/Substrate/Glints2/dict_0005_0209" 8025
"/Engine/EngineMaterials/Substrate/Glints2/dict_0005_0210" 8026
"/Engine/EngineMaterials/Substrate/Glints2/dict_0005_0179" 8027
"/Engine/EngineMaterials/Substrate/Glints2/dict_0005_0180" 8028
"../../../Engine/Content/EngineMaterials/Substrate/Glints2/dict_0005_0174.uasset" 8029
"../../../Engine/Content/EngineMaterials/Substrate/Glints2/dict_0005_0176.uasset" 8030
"../../../Engine/Content/EngineMaterials/Substrate/Glints2/dict_0005_0170.uasset" 8031
"../../../Engine/Content/EngineMaterials/Substrate/Glints2/dict_0005_0173.uasset" 8032
"../../../Engine/Content/EngineMaterials/Substrate/Glints2/dict_0005_0175.uasset" 8033
"../../../Engine/Content/EngineMaterials/Substrate/Glints2/dict_0005_0172.uasset" 8034
"../../../Engine/Content/EngineMaterials/Substrate/Glints2/dict_0005_0178.uasset" 8035
"../../../Engine/Content/EngineMaterials/Substrate/Glints2/dict_0005_0177.uasset" 8036
"../../../Engine/Content/EngineMaterials/Substrate/Glints2/dict_0005_0171.uasset" 8037
"/Engine/EngineMaterials/Substrate/Glints2/dict_0005_0181" 8038
"../../../Engine/Content/EngineMaterials/Substrate/Glints2/dict_0005_0169.uasset" 8039
"../../../Engine/Content/EngineMaterials/Substrate/Glints2/dict_0005_0166.uasset" 8040
"../../../Engine/Content/EngineMaterials/Substrate/Glints2/dict_0005_0168.uasset" 8041
"../../../Engine/Content/EngineMaterials/Substrate/Glints2/dict_0005_0165.uasset" 8042
"../../../Engine/Content/EngineMaterials/Substrate/Glints2/dict_0005_0167.uasset" 8043
"/Engine/EngineMaterials/Substrate/Glints2/dict_0005_0182" 8044
"../../../Engine/Content/EngineMaterials/Substrate/Glints2/dict_0005_0164.uasset" 8045
"../../../Engine/Content/EngineMaterials/Substrate/Glints2/dict_0005_0163.uasset" 8046
"/Engine/EngineMaterials/Substrate/Glints2/dict_0005_0183" 8047
"/Engine/EngineMaterials/Substrate/Glints2/dict_0005_0184" 8048
"/Engine/EngineMaterials/Substrate/Glints2/dict_0005_0185" 8049
"/Engine/EngineMaterials/Substrate/Glints2/dict_0005_0186" 8050
"/Engine/EngineMaterials/Substrate/Glints2/dict_0005_0187" 8051
"/Engine/EngineMaterials/Substrate/Glints2/dict_0005_0188" 8052
"/Engine/EngineMaterials/Substrate/Glints2/dict_0005_0189" 8053
"/Engine/EngineMaterials/Substrate/Glints2/dict_0005_0190" 8054
"/Engine/EngineMaterials/Substrate/Glints2/dict_0005_0191" 8055
"/Engine/EngineMaterials/Substrate/Glints2/dict_0005_0192" 8056
"/Engine/EngineMaterials/Substrate/Glints2/dict_0005_0193" 8057
"/Engine/EngineMaterials/Substrate/Glints2/dict_0005_0194" 8058
"/Engine/EngineMaterials/Substrate/Glints2/dict_0005_0163" 8059
"../../../Engine/Content/EngineMaterials/Substrate/Glints2/dict_0005_0160.uasset" 8060
"../../../Engine/Content/EngineMaterials/Substrate/Glints2/dict_0005_0161.uasset" 8061
"../../../Engine/Content/EngineMaterials/Substrate/Glints2/dict_0005_0157.uasset" 8062
"../../../Engine/Content/EngineMaterials/Substrate/Glints2/dict_0005_0159.uasset" 8063
"../../../Engine/Content/EngineMaterials/Substrate/Glints2/dict_0005_0162.uasset" 8064
"../../../Engine/Content/EngineMaterials/Substrate/Glints2/dict_0005_0155.uasset" 8065
"../../../Engine/Content/EngineMaterials/Substrate/Glints2/dict_0005_0156.uasset" 8066
"../../../Engine/Content/EngineMaterials/Substrate/Glints2/dict_0005_0158.uasset" 8067
"../../../Engine/Content/EngineMaterials/Substrate/Glints2/dict_0005_0154.uasset" 8068
"/Engine/EngineMaterials/Substrate/Glints2/dict_0005_0164" 8069
"../../../Engine/Content/EngineMaterials/Substrate/Glints2/dict_0005_0147.uasset" 8070
"../../../Engine/Content/EngineMaterials/Substrate/Glints2/dict_0005_0150.uasset" 8071
"../../../Engine/Content/EngineMaterials/Substrate/Glints2/dict_0005_0151.uasset" 8072
"../../../Engine/Content/EngineMaterials/Substrate/Glints2/dict_0005_0152.uasset" 8073
"../../../Engine/Content/EngineMaterials/Substrate/Glints2/dict_0005_0149.uasset" 8074
"../../../Engine/Content/EngineMaterials/Substrate/Glints2/dict_0005_0148.uasset" 8075
"../../../Engine/Content/EngineMaterials/Substrate/Glints2/dict_0005_0153.uasset" 8076
"/Engine/EngineMaterials/Substrate/Glints2/dict_0005_0165" 8077
"/Engine/EngineMaterials/Substrate/Glints2/dict_0005_0166" 8078
"/Engine/EngineMaterials/Substrate/Glints2/dict_0005_0167" 8079
"/Engine/EngineMaterials/Substrate/Glints2/dict_0005_0168" 8080
"/Engine/EngineMaterials/Substrate/Glints2/dict_0005_0169" 8081
"/Engine/EngineMaterials/Substrate/Glints2/dict_0005_0170" 8082
"/Engine/EngineMaterials/Substrate/Glints2/dict_0005_0171" 8083
"/Engine/EngineMaterials/Substrate/Glints2/dict_0005_0172" 8084
"/Engine/EngineMaterials/Substrate/Glints2/dict_0005_0173" 8085
"/Engine/EngineMaterials/Substrate/Glints2/dict_0005_0174" 8086
"/Engine/EngineMaterials/Substrate/Glints2/dict_0005_0175" 8087
"/Engine/EngineMaterials/Substrate/Glints2/dict_0005_0176" 8088
"/Engine/EngineMaterials/Substrate/Glints2/dict_0005_0177" 8089
"/Engine/EngineMaterials/Substrate/Glints2/dict_0005_0178" 8090
"/Engine/EngineMaterials/Substrate/Glints2/dict_0005_0147" 8091
"../../../Engine/Content/EngineMaterials/Substrate/Glints2/dict_0005_0137.uasset" 8092
"../../../Engine/Content/EngineMaterials/Substrate/Glints2/dict_0005_0139.uasset" 8093
"../../../Engine/Content/EngineMaterials/Substrate/Glints2/dict_0005_0142.uasset" 8094
"../../../Engine/Content/EngineMaterials/Substrate/Glints2/dict_0005_0144.uasset" 8095
"../../../Engine/Content/EngineMaterials/Substrate/Glints2/dict_0005_0140.uasset" 8096
"../../../Engine/Content/EngineMaterials/Substrate/Glints2/dict_0005_0141.uasset" 8097
"../../../Engine/Content/EngineMaterials/Substrate/Glints2/dict_0005_0146.uasset" 8098
"../../../Engine/Content/EngineMaterials/Substrate/Glints2/dict_0005_0143.uasset" 8099
"../../../Engine/Content/EngineMaterials/Substrate/Glints2/dict_0005_0138.uasset" 8100
"../../../Engine/Content/EngineMaterials/Substrate/Glints2/dict_0005_0145.uasset" 8101
"/Engine/EngineMaterials/Substrate/Glints2/dict_0005_0148" 8102
"../../../Engine/Content/EngineMaterials/Substrate/Glints2/dict_0005_0136.uasset" 8103
"../../../Engine/Content/EngineMaterials/Substrate/Glints2/dict_0005_0132.uasset" 8104
"../../../Engine/Content/EngineMaterials/Substrate/Glints2/dict_0005_0134.uasset" 8105
"../../../Engine/Content/EngineMaterials/Substrate/Glints2/dict_0005_0133.uasset" 8106
"../../../Engine/Content/EngineMaterials/Substrate/Glints2/dict_0005_0135.uasset" 8107
"/Engine/EngineMaterials/Substrate/Glints2/dict_0005_0149" 8108
"../../../Engine/Content/EngineMaterials/Substrate/Glints2/dict_0005_0131.uasset" 8109
"/Engine/EngineMaterials/Substrate/Glints2/dict_0005_0150" 8110
"/Engine/EngineMaterials/Substrate/Glints2/dict_0005_0151" 8111
"/Engine/EngineMaterials/Substrate/Glints2/dict_0005_0152" 8112
"/Engine/EngineMaterials/Substrate/Glints2/dict_0005_0153" 8113
"/Engine/EngineMaterials/Substrate/Glints2/dict_0005_0154" 8114
"/Engine/EngineMaterials/Substrate/Glints2/dict_0005_0155" 8115
"/Engine/EngineMaterials/Substrate/Glints2/dict_0005_0156" 8116
"/Engine/EngineMaterials/Substrate/Glints2/dict_0005_0157" 8117
"/Engine/EngineMaterials/Substrate/Glints2/dict_0005_0158" 8118
"/Engine/EngineMaterials/Substrate/Glints2/dict_0005_0159" 8119
"/Engine/EngineMaterials/Substrate/Glints2/dict_0005_0160" 8120
"/Engine/EngineMaterials/Substrate/Glints2/dict_0005_0161" 8121
"/Engine/EngineMaterials/Substrate/Glints2/dict_0005_0162" 8122
"/Engine/EngineMaterials/Substrate/Glints2/dict_0005_0131" 8123
"../../../Engine/Content/EngineMaterials/Substrate/Glints2/dict_0005_0124.uasset" 8124
"../../../Engine/Content/EngineMaterials/Substrate/Glints2/dict_0005_0123.uasset" 8125
"../../../Engine/Content/EngineMaterials/Substrate/Glints2/dict_0005_0125.uasset" 8126
"../../../Engine/Content/EngineMaterials/Substrate/Glints2/dict_0005_0126.uasset" 8127
"../../../Engine/Content/EngineMaterials/Substrate/Glints2/dict_0005_0128.uasset" 8128
"../../../Engine/Content/EngineMaterials/Substrate/Glints2/dict_0005_0130.uasset" 8129
"../../../Engine/Content/EngineMaterials/Substrate/Glints2/dict_0005_0127.uasset" 8130
"../../../Engine/Content/EngineMaterials/Substrate/Glints2/dict_0005_0122.uasset" 8131
"/Engine/EngineMaterials/Substrate/Glints2/dict_0005_0132" 8132
"../../../Engine/Content/EngineMaterials/Substrate/Glints2/dict_0005_0129.uasset" 8133
"../../../Engine/Content/EngineMaterials/Substrate/Glints2/dict_0005_0120.uasset" 8134
"../../../Engine/Content/EngineMaterials/Substrate/Glints2/dict_0005_0121.uasset" 8135
"../../../Engine/Content/EngineMaterials/Substrate/Glints2/dict_0005_0119.uasset" 8136
"../../../Engine/Content/EngineMaterials/Substrate/Glints2/dict_0005_0117.uasset" 8137
"../../../Engine/Content/EngineMaterials/Substrate/Glints2/dict_0005_0116.uasset" 8138
"../../../Engine/Content/EngineMaterials/Substrate/Glints2/dict_0005_0118.uasset" 8139
"../../../Engine/Content/EngineMaterials/Substrate/Glints2/dict_0005_0115.uasset" 8140
"/Engine/EngineMaterials/Substrate/Glints2/dict_0005_0133" 8141
"/Engine/EngineMaterials/Substrate/Glints2/dict_0005_0134" 8142
"/Engine/EngineMaterials/Substrate/Glints2/dict_0005_0135" 8143
"/Engine/EngineMaterials/Substrate/Glints2/dict_0005_0136" 8144
"/Engine/EngineMaterials/Substrate/Glints2/dict_0005_0137" 8145
"/Engine/EngineMaterials/Substrate/Glints2/dict_0005_0138" 8146
"/Engine/EngineMaterials/Substrate/Glints2/dict_0005_0139" 8147
"/Engine/EngineMaterials/Substrate/Glints2/dict_0005_0140" 8148
"/Engine/EngineMaterials/Substrate/Glints2/dict_0005_0141" 8149
"/Engine/EngineMaterials/Substrate/Glints2/dict_0005_0142" 8150
"/Engine/EngineMaterials/Substrate/Glints2/dict_0005_0143" 8151
"/Engine/EngineMaterials/Substrate/Glints2/dict_0005_0144" 8152
"/Engine/EngineMaterials/Substrate/Glints2/dict_0005_0145" 8153
"/Engine/EngineMaterials/Substrate/Glints2/dict_0005_0146" 8154
"/Engine/EngineMaterials/Substrate/Glints2/dict_0005_0115" 8155
"../../../Engine/Content/EngineMaterials/Substrate/Glints2/dict_0005_0107.uasset" 8156
"../../../Engine/Content/EngineMaterials/Substrate/Glints2/dict_0005_0113.uasset" 8157
"../../../Engine/Content/EngineMaterials/Substrate/Glints2/dict_0005_0110.uasset" 8158
"../../../Engine/Content/EngineMaterials/Substrate/Glints2/dict_0005_0109.uasset" 8159
"/Engine/EngineMaterials/Substrate/Glints2/dict_0005_0116" 8160
"../../../Engine/Content/EngineMaterials/Substrate/Glints2/dict_0005_0108.uasset" 8161
"../../../Engine/Content/EngineMaterials/Substrate/Glints2/dict_0005_0106.uasset" 8162
"../../../Engine/Content/EngineMaterials/Substrate/Glints2/dict_0005_0111.uasset" 8163
"../../../Engine/Content/EngineMaterials/Substrate/Glints2/dict_0005_0114.uasset" 8164
"../../../Engine/Content/EngineMaterials/Substrate/Glints2/dict_0005_0112.uasset" 8165
"/Engine/EngineMaterials/Substrate/Glints2/dict_0005_0117" 8166
"../../../Engine/Content/EngineMaterials/Substrate/Glints2/dict_0005_0104.uasset" 8167
"../../../Engine/Content/EngineMaterials/Substrate/Glints2/dict_0005_0100.uasset" 8168
"../../../Engine/Content/EngineMaterials/Substrate/Glints2/dict_0005_0099.uasset" 8169
"../../../Engine/Content/EngineMaterials/Substrate/Glints2/dict_0005_0102.uasset" 8170
"../../../Engine/Content/EngineMaterials/Substrate/Glints2/dict_0005_0105.uasset" 8171
"../../../Engine/Content/EngineMaterials/Substrate/Glints2/dict_0005_0103.uasset" 8172
"/Engine/EngineMaterials/Substrate/Glints2/dict_0005_0118" 8173
"../../../Engine/Content/EngineMaterials/Substrate/Glints2/dict_0005_0101.uasset" 8174
"/Engine/EngineMaterials/Substrate/Glints2/dict_0005_0119" 8175
"/Engine/EngineMaterials/Substrate/Glints2/dict_0005_0120" 8176
"/Engine/EngineMaterials/Substrate/Glints2/dict_0005_0121" 8177
"/Engine/EngineMaterials/Substrate/Glints2/dict_0005_0122" 8178
"/Engine/EngineMaterials/Substrate/Glints2/dict_0005_0123" 8179
"/Engine/EngineMaterials/Substrate/Glints2/dict_0005_0124" 8180
"/Engine/EngineMaterials/Substrate/Glints2/dict_0005_0125" 8181
"/Engine/EngineMaterials/Substrate/Glints2/dict_0005_0126" 8182
"/Engine/EngineMaterials/Substrate/Glints2/dict_0005_0127" 8183
"/Engine/EngineMaterials/Substrate/Glints2/dict_0005_0128" 8184
"/Engine/EngineMaterials/Substrate/Glints2/dict_0005_0129" 8185
"/Engine/EngineMaterials/Substrate/Glints2/dict_0005_0130" 8186
"/Engine/EngineMaterials/Substrate/Glints2/dict_0005_0099" 8187
"../../../Engine/Content/EngineMaterials/Substrate/Glints2/dict_0005_0096.uasset" 8188
"../../../Engine/Content/EngineMaterials/Substrate/Glints2/dict_0005_0090.uasset" 8189
"../../../Engine/Content/EngineMaterials/Substrate/Glints2/dict_0005_0095.uasset" 8190
"../../../Engine/Content/EngineMaterials/Substrate/Glints2/dict_0005_0093.uasset" 8191
"../../../Engine/Content/EngineMaterials/Substrate/Glints2/dict_0005_0094.uasset" 8192
"../../../Engine/Content/EngineMaterials/Substrate/Glints2/dict_0005_0097.uasset" 8193
"../../../Engine/Content/EngineMaterials/Substrate/Glints2/dict_0005_0091.uasset" 8194
"../../../Engine/Content/EngineMaterials/Substrate/Glints2/dict_0005_0098.uasset" 8195
"../../../Engine/Content/EngineMaterials/Substrate/Glints2/dict_0005_0092.uasset" 8196
"/Engine/EngineMaterials/Substrate/Glints2/dict_0005_0100" 8197
"../../../Engine/Content/EngineMaterials/Substrate/Glints2/dict_0005_0088.uasset" 8198
"../../../Engine/Content/EngineMaterials/Substrate/Glints2/dict_0005_0086.uasset" 8199
"../../../Engine/Content/EngineMaterials/Substrate/Glints2/dict_0005_0087.uasset" 8200
"../../../Engine/Content/EngineMaterials/Substrate/Glints2/dict_0005_0083.uasset" 8201
"../../../Engine/Content/EngineMaterials/Substrate/Glints2/dict_0005_0089.uasset" 8202
"../../../Engine/Content/EngineMaterials/Substrate/Glints2/dict_0005_0085.uasset" 8203
"../../../Engine/Content/EngineMaterials/Substrate/Glints2/dict_0005_0084.uasset" 8204
"/Engine/EngineMaterials/Substrate/Glints2/dict_0005_0101" 8205
"/Engine/EngineMaterials/Substrate/Glints2/dict_0005_0102" 8206
"/Engine/EngineMaterials/Substrate/Glints2/dict_0005_0103" 8207
"/Engine/EngineMaterials/Substrate/Glints2/dict_0005_0104" 8208
"/Engine/EngineMaterials/Substrate/Glints2/dict_0005_0105" 8209
"/Engine/EngineMaterials/Substrate/Glints2/dict_0005_0106" 8210
"/Engine/EngineMaterials/Substrate/Glints2/dict_0005_0107" 8211
"/Engine/EngineMaterials/Substrate/Glints2/dict_0005_0108" 8212
"/Engine/EngineMaterials/Substrate/Glints2/dict_0005_0109" 8213
"/Engine/EngineMaterials/Substrate/Glints2/dict_0005_0110" 8214
"/Engine/EngineMaterials/Substrate/Glints2/dict_0005_0111" 8215
"/Engine/EngineMaterials/Substrate/Glints2/dict_0005_0112" 8216
"/Engine/EngineMaterials/Substrate/Glints2/dict_0005_0113" 8217
"/Engine/EngineMaterials/Substrate/Glints2/dict_0005_0114" 8218
"/Engine/EngineMaterials/Substrate/Glints2/dict_0005_0083" 8219
"../../../Engine/Content/EngineMaterials/Substrate/Glints2/dict_0005_0074.uasset" 8220
"../../../Engine/Content/EngineMaterials/Substrate/Glints2/dict_0005_0081.uasset" 8221
"../../../Engine/Content/EngineMaterials/Substrate/Glints2/dict_0005_0075.uasset" 8222
"../../../Engine/Content/EngineMaterials/Substrate/Glints2/dict_0005_0078.uasset" 8223
"../../../Engine/Content/EngineMaterials/Substrate/Glints2/dict_0005_0077.uasset" 8224
"../../../Engine/Content/EngineMaterials/Substrate/Glints2/dict_0005_0076.uasset" 8225
"../../../Engine/Content/EngineMaterials/Substrate/Glints2/dict_0005_0082.uasset" 8226
"../../../Engine/Content/EngineMaterials/Substrate/Glints2/dict_0005_0079.uasset" 8227
"../../../Engine/Content/EngineMaterials/Substrate/Glints2/dict_0005_0080.uasset" 8228
"/Engine/EngineMaterials/Substrate/Glints2/dict_0005_0084" 8229
"../../../Engine/Content/EngineMaterials/Substrate/Glints2/dict_0005_0073.uasset" 8230
"../../../Engine/Content/EngineMaterials/Substrate/Glints2/dict_0005_0072.uasset" 8231
"../../../Engine/Content/EngineMaterials/Substrate/Glints2/dict_0005_0071.uasset" 8232
"../../../Engine/Content/EngineMaterials/Substrate/Glints2/dict_0005_0070.uasset" 8233
"../../../Engine/Content/EngineMaterials/Substrate/Glints2/dict_0005_0069.uasset" 8234
"../../../Engine/Content/EngineMaterials/Substrate/Glints2/dict_0005_0068.uasset" 8235
"/Engine/EngineMaterials/Substrate/Glints2/dict_0005_0085" 8236
"../../../Engine/Content/EngineMaterials/Substrate/Glints2/dict_0005_0067.uasset" 8237
"/Engine/EngineMaterials/Substrate/Glints2/dict_0005_0086" 8238
"/Engine/EngineMaterials/Substrate/Glints2/dict_0005_0087" 8239
"/Engine/EngineMaterials/Substrate/Glints2/dict_0005_0088" 8240
"/Engine/EngineMaterials/Substrate/Glints2/dict_0005_0089" 8241
"/Engine/EngineMaterials/Substrate/Glints2/dict_0005_0090" 8242
"/Engine/EngineMaterials/Substrate/Glints2/dict_0005_0091" 8243
"/Engine/EngineMaterials/Substrate/Glints2/dict_0005_0092" 8244
"/Engine/EngineMaterials/Substrate/Glints2/dict_0005_0093" 8245
"/Engine/EngineMaterials/Substrate/Glints2/dict_0005_0094" 8246
"/Engine/EngineMaterials/Substrate/Glints2/dict_0005_0095" 8247
"/Engine/EngineMaterials/Substrate/Glints2/dict_0005_0096" 8248
"/Engine/EngineMaterials/Substrate/Glints2/dict_0005_0097" 8249
"/Engine/EngineMaterials/Substrate/Glints2/dict_0005_0098" 8250
"/Engine/EngineMaterials/Substrate/Glints2/dict_0005_0067" 8251
"../../../Engine/Content/EngineMaterials/Substrate/Glints2/dict_0005_0059.uasset" 8252
"../../../Engine/Content/EngineMaterials/Substrate/Glints2/dict_0005_0060.uasset" 8253
"../../../Engine/Content/EngineMaterials/Substrate/Glints2/dict_0005_0062.uasset" 8254
"../../../Engine/Content/EngineMaterials/Substrate/Glints2/dict_0005_0064.uasset" 8255
"../../../Engine/Content/EngineMaterials/Substrate/Glints2/dict_0005_0065.uasset" 8256
"../../../Engine/Content/EngineMaterials/Substrate/Glints2/dict_0005_0066.uasset" 8257
"../../../Engine/Content/EngineMaterials/Substrate/Glints2/dict_0005_0061.uasset" 8258
"../../../Engine/Content/EngineMaterials/Substrate/Glints2/dict_0005_0063.uasset" 8259
"../../../Engine/Content/EngineMaterials/Substrate/Glints2/dict_0005_0058.uasset" 8260
"/Engine/EngineMaterials/Substrate/Glints2/dict_0005_0068" 8261
"../../../Engine/Content/EngineMaterials/Substrate/Glints2/dict_0005_0056.uasset" 8262
"../../../Engine/Content/EngineMaterials/Substrate/Glints2/dict_0005_0057.uasset" 8263
"../../../Engine/Content/EngineMaterials/Substrate/Glints2/dict_0005_0055.uasset" 8264
"../../../Engine/Content/EngineMaterials/Substrate/Glints2/dict_0005_0054.uasset" 8265
"../../../Engine/Content/EngineMaterials/Substrate/Glints2/dict_0005_0053.uasset" 8266
"../../../Engine/Content/EngineMaterials/Substrate/Glints2/dict_0005_0052.uasset" 8267
"../../../Engine/Content/EngineMaterials/Substrate/Glints2/dict_0005_0051.uasset" 8268
"/Engine/EngineMaterials/Substrate/Glints2/dict_0005_0069" 8269
"/Engine/EngineMaterials/Substrate/Glints2/dict_0005_0070" 8270
"/Engine/EngineMaterials/Substrate/Glints2/dict_0005_0071" 8271
"/Engine/EngineMaterials/Substrate/Glints2/dict_0005_0072" 8272
"/Engine/EngineMaterials/Substrate/Glints2/dict_0005_0073" 8273
"/Engine/EngineMaterials/Substrate/Glints2/dict_0005_0074" 8274
"/Engine/EngineMaterials/Substrate/Glints2/dict_0005_0075" 8275
"/Engine/EngineMaterials/Substrate/Glints2/dict_0005_0076" 8276
"/Engine/EngineMaterials/Substrate/Glints2/dict_0005_0077" 8277
"/Engine/EngineMaterials/Substrate/Glints2/dict_0005_0078" 8278
"/Engine/EngineMaterials/Substrate/Glints2/dict_0005_0079" 8279
"/Engine/EngineMaterials/Substrate/Glints2/dict_0005_0080" 8280
"/Engine/EngineMaterials/Substrate/Glints2/dict_0005_0081" 8281
"/Engine/EngineMaterials/Substrate/Glints2/dict_0005_0082" 8282
"/Engine/EngineMaterials/Substrate/Glints2/dict_0005_0051" 8283
"/Engine/EngineMaterials/Substrate/Glints2/dict_0005_0052" 8284
"../../../Engine/Content/EngineMaterials/Substrate/Glints2/dict_0005_0049.uasset" 8285
"../../../Engine/Content/EngineMaterials/Substrate/Glints2/dict_0005_0042.uasset" 8286
"../../../Engine/Content/EngineMaterials/Substrate/Glints2/dict_0005_0047.uasset" 8287
"../../../Engine/Content/EngineMaterials/Substrate/Glints2/dict_0005_0048.uasset" 8288
"../../../Engine/Content/EngineMaterials/Substrate/Glints2/dict_0005_0044.uasset" 8289
"../../../Engine/Content/EngineMaterials/Substrate/Glints2/dict_0005_0043.uasset" 8290
"../../../Engine/Content/EngineMaterials/Substrate/Glints2/dict_0005_0046.uasset" 8291
"../../../Engine/Content/EngineMaterials/Substrate/Glints2/dict_0005_0050.uasset" 8292
"/Engine/EngineMaterials/Substrate/Glints2/dict_0005_0053" 8293
"../../../Engine/Content/EngineMaterials/Substrate/Glints2/dict_0005_0045.uasset" 8294
"../../../Engine/Content/EngineMaterials/Substrate/Glints2/dict_0005_0039.uasset" 8295
"../../../Engine/Content/EngineMaterials/Substrate/Glints2/dict_0005_0038.uasset" 8296
"../../../Engine/Content/EngineMaterials/Substrate/Glints2/dict_0005_0040.uasset" 8297
"../../../Engine/Content/EngineMaterials/Substrate/Glints2/dict_0005_0036.uasset" 8298
"../../../Engine/Content/EngineMaterials/Substrate/Glints2/dict_0005_0037.uasset" 8299
"/Engine/EngineMaterials/Substrate/Glints2/dict_0005_0054" 8300
"../../../Engine/Content/EngineMaterials/Substrate/Glints2/dict_0005_0035.uasset" 8301
"../../../Engine/Content/EngineMaterials/Substrate/Glints2/dict_0005_0041.uasset" 8302
"/Engine/EngineMaterials/Substrate/Glints2/dict_0005_0055" 8303
"/Engine/EngineMaterials/Substrate/Glints2/dict_0005_0056" 8304
"/Engine/EngineMaterials/Substrate/Glints2/dict_0005_0057" 8305
"/Engine/EngineMaterials/Substrate/Glints2/dict_0005_0058" 8306
"/Engine/EngineMaterials/Substrate/Glints2/dict_0005_0059" 8307
"/Engine/EngineMaterials/Substrate/Glints2/dict_0005_0060" 8308
"/Engine/EngineMaterials/Substrate/Glints2/dict_0005_0061" 8309
"/Engine/EngineMaterials/Substrate/Glints2/dict_0005_0062" 8310
"/Engine/EngineMaterials/Substrate/Glints2/dict_0005_0063" 8311
"/Engine/EngineMaterials/Substrate/Glints2/dict_0005_0064" 8312
"/Engine/EngineMaterials/Substrate/Glints2/dict_0005_0065" 8313
"/Engine/EngineMaterials/Substrate/Glints2/dict_0005_0066" 8314
"/Engine/EngineMaterials/Substrate/Glints2/dict_0005_0035" 8315
"../../../Engine/Content/EngineMaterials/Substrate/Glints2/dict_0005_0031.uasset" 8316
"../../../Engine/Content/EngineMaterials/Substrate/Glints2/dict_0005_0028.uasset" 8317
"../../../Engine/Content/EngineMaterials/Substrate/Glints2/dict_0005_0027.uasset" 8318
"../../../Engine/Content/EngineMaterials/Substrate/Glints2/dict_0005_0030.uasset" 8319
"../../../Engine/Content/EngineMaterials/Substrate/Glints2/dict_0005_0026.uasset" 8320
"/Engine/EngineMaterials/Substrate/Glints2/dict_0005_0036" 8321
"../../../Engine/Content/EngineMaterials/Substrate/Glints2/dict_0005_0029.uasset" 8322
"../../../Engine/Content/EngineMaterials/Substrate/Glints2/dict_0005_0032.uasset" 8323
"../../../Engine/Content/EngineMaterials/Substrate/Glints2/dict_0005_0033.uasset" 8324
"../../../Engine/Content/EngineMaterials/Substrate/Glints2/dict_0005_0034.uasset" 8325
"../../../Engine/Content/EngineMaterials/Substrate/Glints2/dict_0005_0025.uasset" 8326
"../../../Engine/Content/EngineMaterials/Substrate/Glints2/dict_0005_0023.uasset" 8327
"/Engine/EngineMaterials/Substrate/Glints2/dict_0005_0037" 8328
"../../../Engine/Content/EngineMaterials/Substrate/Glints2/dict_0005_0024.uasset" 8329
"../../../Engine/Content/EngineMaterials/Substrate/Glints2/dict_0005_0022.uasset" 8330
"../../../Engine/Content/EngineMaterials/Substrate/Glints2/dict_0005_0021.uasset" 8331
"../../../Engine/Content/EngineMaterials/Substrate/Glints2/dict_0005_0019.uasset" 8332
"../../../Engine/Content/EngineMaterials/Substrate/Glints2/dict_0005_0020.uasset" 8333
"/Engine/EngineMaterials/Substrate/Glints2/dict_0005_0038" 8334
"/Engine/EngineMaterials/Substrate/Glints2/dict_0005_0039" 8335
"/Engine/EngineMaterials/Substrate/Glints2/dict_0005_0040" 8336
"/Engine/EngineMaterials/Substrate/Glints2/dict_0005_0041" 8337
"/Engine/EngineMaterials/Substrate/Glints2/dict_0005_0042" 8338
"/Engine/EngineMaterials/Substrate/Glints2/dict_0005_0043" 8339
"/Engine/EngineMaterials/Substrate/Glints2/dict_0005_0044" 8340
"/Engine/EngineMaterials/Substrate/Glints2/dict_0005_0045" 8341
"/Engine/EngineMaterials/Substrate/Glints2/dict_0005_0046" 8342
"/Engine/EngineMaterials/Substrate/Glints2/dict_0005_0047" 8343
"/Engine/EngineMaterials/Substrate/Glints2/dict_0005_0048" 8344
"/Engine/EngineMaterials/Substrate/Glints2/dict_0005_0049" 8345
"/Engine/EngineMaterials/Substrate/Glints2/dict_0005_0050" 8346
"/Engine/EngineMaterials/Substrate/Glints2/dict_0005_0019" 8347
"../../../Engine/Content/EngineMaterials/Substrate/Glints2/dict_0005_0010.uasset" 8348
"../../../Engine/Content/EngineMaterials/Substrate/Glints2/dict_0005_0014.uasset" 8349
"../../../Engine/Content/EngineMaterials/Substrate/Glints2/dict_0005_0012.uasset" 8350
"../../../Engine/Content/EngineMaterials/Substrate/Glints2/dict_0005_0013.uasset" 8351
"../../../Engine/Content/EngineMaterials/Substrate/Glints2/dict_0005_0011.uasset" 8352
"/Engine/EngineMaterials/Substrate/Glints2/dict_0005_0020" 8353
"../../../Engine/Content/EngineMaterials/Substrate/Glints2/dict_0005_0016.uasset" 8354
"../../../Engine/Content/EngineMaterials/Substrate/Glints2/dict_0005_0018.uasset" 8355
"../../../Engine/Content/EngineMaterials/Substrate/Glints2/dict_0005_0015.uasset" 8356
"../../../Engine/Content/EngineMaterials/Substrate/Glints2/dict_0005_0017.uasset" 8357
"../../../Engine/Content/EngineMaterials/Substrate/Glints2/dict_0005_0009.uasset" 8358
"../../../Engine/Content/EngineMaterials/Substrate/Glints2/dict_0005_0008.uasset" 8359
"../../../Engine/Content/EngineMaterials/Substrate/Glints2/dict_0005_0007.uasset" 8360
"/Engine/EngineMaterials/Substrate/Glints2/dict_0005_0021" 8361
"../../../Engine/Content/EngineMaterials/Substrate/Glints2/dict_0005_0005.uasset" 8362
"../../../Engine/Content/EngineMaterials/Substrate/Glints2/dict_0005_0006.uasset" 8363
"../../../Engine/Content/EngineMaterials/Substrate/Glints2/dict_0005_0004.uasset" 8364
"../../../Engine/Content/EngineMaterials/Substrate/Glints2/dict_0005_0003.uasset" 8365
"/Engine/EngineMaterials/Substrate/Glints2/dict_0005_0022" 8366
"/Engine/EngineMaterials/Substrate/Glints2/dict_0005_0023" 8367
"/Engine/EngineMaterials/Substrate/Glints2/dict_0005_0024" 8368
"/Engine/EngineMaterials/Substrate/Glints2/dict_0005_0025" 8369
"/Engine/EngineMaterials/Substrate/Glints2/dict_0005_0026" 8370
"/Engine/EngineMaterials/Substrate/Glints2/dict_0005_0027" 8371
"/Engine/EngineMaterials/Substrate/Glints2/dict_0005_0028" 8372
"/Engine/EngineMaterials/Substrate/Glints2/dict_0005_0029" 8373
"/Engine/EngineMaterials/Substrate/Glints2/dict_0005_0030" 8374
"/Engine/EngineMaterials/Substrate/Glints2/dict_0005_0031" 8375
"/Engine/EngineMaterials/Substrate/Glints2/dict_0005_0032" 8376
"/Engine/EngineMaterials/Substrate/Glints2/dict_0005_0033" 8377
"/Engine/EngineMaterials/Substrate/Glints2/dict_0005_0034" 8378
"/Engine/EngineMaterials/Substrate/Glints2/dict_0005_0003" 8379
"../../../Engine/Content/EngineMaterials/Substrate/Glints2/dict_0004_0255.uasset" 8380
"../../../Engine/Content/EngineMaterials/Substrate/Glints2/dict_0004_0254.uasset" 8381
"../../../Engine/Content/EngineMaterials/Substrate/Glints2/dict_0004_0253.uasset" 8382
"../../../Engine/Content/EngineMaterials/Substrate/Glints2/dict_0004_0251.uasset" 8383
"../../../Engine/Content/EngineMaterials/Substrate/Glints2/dict_0004_0252.uasset" 8384
"../../../Engine/Content/EngineMaterials/Substrate/Glints2/dict_0004_0250.uasset" 8385
"../../../Engine/Content/EngineMaterials/Substrate/Glints2/dict_0005_0001.uasset" 8386
"/Engine/EngineMaterials/Substrate/Glints2/dict_0005_0004" 8387
"../../../Engine/Content/EngineMaterials/Substrate/Glints2/dict_0005_0002.uasset" 8388
"../../../Engine/Content/EngineMaterials/Substrate/Glints2/dict_0005_0000.uasset" 8389
"../../../Engine/Content/EngineMaterials/Substrate/Glints2/dict_0004_0249.uasset" 8390
"../../../Engine/Content/EngineMaterials/Substrate/Glints2/dict_0004_0247.uasset" 8391
"../../../Engine/Content/EngineMaterials/Substrate/Glints2/dict_0004_0246.uasset" 8392
"../../../Engine/Content/EngineMaterials/Substrate/Glints2/dict_0004_0248.uasset" 8393
"../../../Engine/Content/EngineMaterials/Substrate/Glints2/dict_0004_0245.uasset" 8394
"../../../Engine/Content/EngineMaterials/Substrate/Glints2/dict_0004_0244.uasset" 8395
"../../../Engine/Content/EngineMaterials/Substrate/Glints2/dict_0004_0243.uasset" 8396
"/Engine/EngineMaterials/Substrate/Glints2/dict_0005_0005" 8397
"/Engine/EngineMaterials/Substrate/Glints2/dict_0005_0006" 8398
"/Engine/EngineMaterials/Substrate/Glints2/dict_0005_0007" 8399
"/Engine/EngineMaterials/Substrate/Glints2/dict_0005_0008" 8400
"/Engine/EngineMaterials/Substrate/Glints2/dict_0005_0009" 8401
"/Engine/EngineMaterials/Substrate/Glints2/dict_0005_0010" 8402
"/Engine/EngineMaterials/Substrate/Glints2/dict_0005_0011" 8403
"/Engine/EngineMaterials/Substrate/Glints2/dict_0005_0012" 8404
"/Engine/EngineMaterials/Substrate/Glints2/dict_0005_0013" 8405
"/Engine/EngineMaterials/Substrate/Glints2/dict_0005_0014" 8406
"/Engine/EngineMaterials/Substrate/Glints2/dict_0005_0015" 8407
"/Engine/EngineMaterials/Substrate/Glints2/dict_0005_0016" 8408
"/Engine/EngineMaterials/Substrate/Glints2/dict_0005_0017" 8409
"/Engine/EngineMaterials/Substrate/Glints2/dict_0005_0018" 8410
"/Engine/EngineMaterials/Substrate/Glints2/dict_0004_0243" 8411
"/Engine/EngineMaterials/Substrate/Glints2/dict_0004_0244" 8412
"../../../Engine/Content/EngineMaterials/Substrate/Glints2/dict_0004_0241.uasset" 8413
"../../../Engine/Content/EngineMaterials/Substrate/Glints2/dict_0004_0236.uasset" 8414
"../../../Engine/Content/EngineMaterials/Substrate/Glints2/dict_0004_0234.uasset" 8415
"../../../Engine/Content/EngineMaterials/Substrate/Glints2/dict_0004_0237.uasset" 8416
"../../../Engine/Content/EngineMaterials/Substrate/Glints2/dict_0004_0242.uasset" 8417
"../../../Engine/Content/EngineMaterials/Substrate/Glints2/dict_0004_0238.uasset" 8418
"../../../Engine/Content/EngineMaterials/Substrate/Glints2/dict_0004_0240.uasset" 8419
"../../../Engine/Content/EngineMaterials/Substrate/Glints2/dict_0004_0239.uasset" 8420
"../../../Engine/Content/EngineMaterials/Substrate/Glints2/dict_0004_0235.uasset" 8421
"/Engine/EngineMaterials/Substrate/Glints2/dict_0004_0245" 8422
"../../../Engine/Content/EngineMaterials/Substrate/Glints2/dict_0004_0233.uasset" 8423
"/Engine/EngineMaterials/Substrate/Glints2/dict_0004_0246" 8424
"../../../Engine/Content/EngineMaterials/Substrate/Glints2/dict_0004_0232.uasset" 8425
"../../../Engine/Content/EngineMaterials/Substrate/Glints2/dict_0004_0231.uasset" 8426
"../../../Engine/Content/EngineMaterials/Substrate/Glints2/dict_0004_0228.uasset" 8427
"../../../Engine/Content/EngineMaterials/Substrate/Glints2/dict_0004_0229.uasset" 8428
"../../../Engine/Content/EngineMaterials/Substrate/Glints2/dict_0004_0227.uasset" 8429
"../../../Engine/Content/EngineMaterials/Substrate/Glints2/dict_0004_0230.uasset" 8430
"/Engine/EngineMaterials/Substrate/Glints2/dict_0004_0247" 8431
"/Engine/EngineMaterials/Substrate/Glints2/dict_0004_0248" 8432
"/Engine/EngineMaterials/Substrate/Glints2/dict_0004_0249" 8433
"/Engine/EngineMaterials/Substrate/Glints2/dict_0004_0250" 8434
"/Engine/EngineMaterials/Substrate/Glints2/dict_0004_0251" 8435
"/Engine/EngineMaterials/Substrate/Glints2/dict_0004_0252" 8436
"/Engine/EngineMaterials/Substrate/Glints2/dict_0004_0253" 8437
"/Engine/EngineMaterials/Substrate/Glints2/dict_0004_0254" 8438
"/Engine/EngineMaterials/Substrate/Glints2/dict_0004_0255" 8439
"/Engine/EngineMaterials/Substrate/Glints2/dict_0005_0000" 8440
"/Engine/EngineMaterials/Substrate/Glints2/dict_0005_0001" 8441
"/Engine/EngineMaterials/Substrate/Glints2/dict_0005_0002" 8442
"/Engine/EngineMaterials/Substrate/Glints2/dict_0004_0227" 8443
"../../../Engine/Content/EngineMaterials/Substrate/Glints2/dict_0004_0220.uasset" 8444
"../../../Engine/Content/EngineMaterials/Substrate/Glints2/dict_0004_0221.uasset" 8445
"../../../Engine/Content/EngineMaterials/Substrate/Glints2/dict_0004_0218.uasset" 8446
"../../../Engine/Content/EngineMaterials/Substrate/Glints2/dict_0004_0219.uasset" 8447
"../../../Engine/Content/EngineMaterials/Substrate/Glints2/dict_0004_0226.uasset" 8448
"../../../Engine/Content/EngineMaterials/Substrate/Glints2/dict_0004_0223.uasset" 8449
"/Engine/EngineMaterials/Substrate/Glints2/dict_0004_0228" 8450
"../../../Engine/Content/EngineMaterials/Substrate/Glints2/dict_0004_0225.uasset" 8451
"../../../Engine/Content/EngineMaterials/Substrate/Glints2/dict_0004_0224.uasset" 8452
"../../../Engine/Content/EngineMaterials/Substrate/Glints2/dict_0004_0222.uasset" 8453
"../../../Engine/Content/EngineMaterials/Substrate/Glints2/dict_0004_0217.uasset" 8454
"/Engine/EngineMaterials/Substrate/Glints2/dict_0004_0229" 8455
"../../../Engine/Content/EngineMaterials/Substrate/Glints2/dict_0004_0216.uasset" 8456
"../../../Engine/Content/EngineMaterials/Substrate/Glints2/dict_0004_0215.uasset" 8457
"../../../Engine/Content/EngineMaterials/Substrate/Glints2/dict_0004_0214.uasset" 8458
"../../../Engine/Content/EngineMaterials/Substrate/Glints2/dict_0004_0212.uasset" 8459
"../../../Engine/Content/EngineMaterials/Substrate/Glints2/dict_0004_0211.uasset" 8460
"../../../Engine/Content/EngineMaterials/Substrate/Glints2/dict_0004_0213.uasset" 8461
"/Engine/EngineMaterials/Substrate/Glints2/dict_0004_0230" 8462
"/Engine/EngineMaterials/Substrate/Glints2/dict_0004_0231" 8463
"/Engine/EngineMaterials/Substrate/Glints2/dict_0004_0232" 8464
"/Engine/EngineMaterials/Substrate/Glints2/dict_0004_0233" 8465
"/Engine/EngineMaterials/Substrate/Glints2/dict_0004_0234" 8466
"/Engine/EngineMaterials/Substrate/Glints2/dict_0004_0235" 8467
"/Engine/EngineMaterials/Substrate/Glints2/dict_0004_0236" 8468
"/Engine/EngineMaterials/Substrate/Glints2/dict_0004_0237" 8469
"/Engine/EngineMaterials/Substrate/Glints2/dict_0004_0238" 8470
"/Engine/EngineMaterials/Substrate/Glints2/dict_0004_0239" 8471
"/Engine/EngineMaterials/Substrate/Glints2/dict_0004_0240" 8472
"/Engine/EngineMaterials/Substrate/Glints2/dict_0004_0241" 8473
"/Engine/EngineMaterials/Substrate/Glints2/dict_0004_0242" 8474
"/Engine/EngineMaterials/Substrate/Glints2/dict_0004_0211" 8475
"../../../Engine/Content/EngineMaterials/Substrate/Glints2/dict_0004_0210.uasset" 8476
"../../../Engine/Content/EngineMaterials/Substrate/Glints2/dict_0004_0207.uasset" 8477
"../../../Engine/Content/EngineMaterials/Substrate/Glints2/dict_0004_0204.uasset" 8478
"../../../Engine/Content/EngineMaterials/Substrate/Glints2/dict_0004_0209.uasset" 8479
"../../../Engine/Content/EngineMaterials/Substrate/Glints2/dict_0004_0202.uasset" 8480
"/Engine/EngineMaterials/Substrate/Glints2/dict_0004_0212" 8481
"../../../Engine/Content/EngineMaterials/Substrate/Glints2/dict_0004_0208.uasset" 8482
"../../../Engine/Content/EngineMaterials/Substrate/Glints2/dict_0004_0206.uasset" 8483
"../../../Engine/Content/EngineMaterials/Substrate/Glints2/dict_0004_0205.uasset" 8484
"../../../Engine/Content/EngineMaterials/Substrate/Glints2/dict_0004_0203.uasset" 8485
"../../../Engine/Content/EngineMaterials/Substrate/Glints2/dict_0004_0201.uasset" 8486
"/Engine/EngineMaterials/Substrate/Glints2/dict_0004_0213" 8487
"../../../Engine/Content/EngineMaterials/Substrate/Glints2/dict_0004_0199.uasset" 8488
"../../../Engine/Content/EngineMaterials/Substrate/Glints2/dict_0004_0200.uasset" 8489
"../../../Engine/Content/EngineMaterials/Substrate/Glints2/dict_0004_0197.uasset" 8490
"../../../Engine/Content/EngineMaterials/Substrate/Glints2/dict_0004_0198.uasset" 8491
"../../../Engine/Content/EngineMaterials/Substrate/Glints2/dict_0004_0196.uasset" 8492
"../../../Engine/Content/EngineMaterials/Substrate/Glints2/dict_0004_0195.uasset" 8493
"/Engine/EngineMaterials/Substrate/Glints2/dict_0004_0214" 8494
"/Engine/EngineMaterials/Substrate/Glints2/dict_0004_0215" 8495
"/Engine/EngineMaterials/Substrate/Glints2/dict_0004_0216" 8496
"/Engine/EngineMaterials/Substrate/Glints2/dict_0004_0217" 8497
"/Engine/EngineMaterials/Substrate/Glints2/dict_0004_0218" 8498
"/Engine/EngineMaterials/Substrate/Glints2/dict_0004_0219" 8499
"/Engine/EngineMaterials/Substrate/Glints2/dict_0004_0220" 8500
"/Engine/EngineMaterials/Substrate/Glints2/dict_0004_0221" 8501
"/Engine/EngineMaterials/Substrate/Glints2/dict_0004_0222" 8502
"/Engine/EngineMaterials/Substrate/Glints2/dict_0004_0223" 8503
"/Engine/EngineMaterials/Substrate/Glints2/dict_0004_0224" 8504
"/Engine/EngineMaterials/Substrate/Glints2/dict_0004_0225" 8505
"/Engine/EngineMaterials/Substrate/Glints2/dict_0004_0226" 8506
"/Engine/EngineMaterials/Substrate/Glints2/dict_0004_0195" 8507
"/Engine/EngineMaterials/Substrate/Glints2/dict_0004_0196" 8508
"../../../Engine/Content/EngineMaterials/Substrate/Glints2/dict_0004_0194.uasset" 8509
"../../../Engine/Content/EngineMaterials/Substrate/Glints2/dict_0004_0192.uasset" 8510
"../../../Engine/Content/EngineMaterials/Substrate/Glints2/dict_0004_0185.uasset" 8511
"../../../Engine/Content/EngineMaterials/Substrate/Glints2/dict_0004_0189.uasset" 8512
"../../../Engine/Content/EngineMaterials/Substrate/Glints2/dict_0004_0191.uasset" 8513
"../../../Engine/Content/EngineMaterials/Substrate/Glints2/dict_0004_0187.uasset" 8514
"../../../Engine/Content/EngineMaterials/Substrate/Glints2/dict_0004_0186.uasset" 8515
"../../../Engine/Content/EngineMaterials/Substrate/Glints2/dict_0004_0188.uasset" 8516
"/Engine/EngineMaterials/Substrate/Glints2/dict_0004_0197" 8517
"../../../Engine/Content/EngineMaterials/Substrate/Glints2/dict_0004_0193.uasset" 8518
"../../../Engine/Content/EngineMaterials/Substrate/Glints2/dict_0004_0190.uasset" 8519
"../../../Engine/Content/EngineMaterials/Substrate/Glints2/dict_0004_0183.uasset" 8520
"../../../Engine/Content/EngineMaterials/Substrate/Glints2/dict_0004_0184.uasset" 8521
"/Engine/EngineMaterials/Substrate/Glints2/dict_0004_0198" 8522
"../../../Engine/Content/EngineMaterials/Substrate/Glints2/dict_0004_0182.uasset" 8523
"../../../Engine/Content/EngineMaterials/Substrate/Glints2/dict_0004_0180.uasset" 8524
"../../../Engine/Content/EngineMaterials/Substrate/Glints2/dict_0004_0179.uasset" 8525
"../../../Engine/Content/EngineMaterials/Substrate/Glints2/dict_0004_0181.uasset" 8526
"/Engine/EngineMaterials/Substrate/Glints2/dict_0004_0199" 8527
"/Engine/EngineMaterials/Substrate/Glints2/dict_0004_0200" 8528
"/Engine/EngineMaterials/Substrate/Glints2/dict_0004_0201" 8529
"/Engine/EngineMaterials/Substrate/Glints2/dict_0004_0202" 8530
"/Engine/EngineMaterials/Substrate/Glints2/dict_0004_0203" 8531
"/Engine/EngineMaterials/Substrate/Glints2/dict_0004_0204" 8532
"/Engine/EngineMaterials/Substrate/Glints2/dict_0004_0205" 8533
"/Engine/EngineMaterials/Substrate/Glints2/dict_0004_0206" 8534
"/Engine/EngineMaterials/Substrate/Glints2/dict_0004_0207" 8535
"/Engine/EngineMaterials/Substrate/Glints2/dict_0004_0208" 8536
"/Engine/EngineMaterials/Substrate/Glints2/dict_0004_0209" 8537
"/Engine/EngineMaterials/Substrate/Glints2/dict_0004_0210" 8538
"/Engine/EngineMaterials/Substrate/Glints2/dict_0004_0179" 8539
"../../../Engine/Content/EngineMaterials/Substrate/Glints2/dict_0004_0170.uasset" 8540
"../../../Engine/Content/EngineMaterials/Substrate/Glints2/dict_0004_0176.uasset" 8541
"../../../Engine/Content/EngineMaterials/Substrate/Glints2/dict_0004_0174.uasset" 8542
"/Engine/EngineMaterials/Substrate/Glints2/dict_0004_0180" 8543
"../../../Engine/Content/EngineMaterials/Substrate/Glints2/dict_0004_0169.uasset" 8544
"../../../Engine/Content/EngineMaterials/Substrate/Glints2/dict_0004_0175.uasset" 8545
"../../../Engine/Content/EngineMaterials/Substrate/Glints2/dict_0004_0171.uasset" 8546
"../../../Engine/Content/EngineMaterials/Substrate/Glints2/dict_0004_0172.uasset" 8547
"../../../Engine/Content/EngineMaterials/Substrate/Glints2/dict_0004_0173.uasset" 8548
"../../../Engine/Content/EngineMaterials/Substrate/Glints2/dict_0004_0177.uasset" 8549
"../../../Engine/Content/EngineMaterials/Substrate/Glints2/dict_0004_0178.uasset" 8550
"/Engine/EngineMaterials/Substrate/Glints2/dict_0004_0181" 8551
"../../../Engine/Content/EngineMaterials/Substrate/Glints2/dict_0004_0168.uasset" 8552
"../../../Engine/Content/EngineMaterials/Substrate/Glints2/dict_0004_0167.uasset" 8553
"/Engine/EngineMaterials/Substrate/Glints2/dict_0004_0182" 8554
"../../../Engine/Content/EngineMaterials/Substrate/Glints2/dict_0004_0165.uasset" 8555
"../../../Engine/Content/EngineMaterials/Substrate/Glints2/dict_0004_0164.uasset" 8556
"../../../Engine/Content/EngineMaterials/Substrate/Glints2/dict_0004_0163.uasset" 8557
"../../../Engine/Content/EngineMaterials/Substrate/Glints2/dict_0004_0166.uasset" 8558
"/Engine/EngineMaterials/Substrate/Glints2/dict_0004_0183" 8559
"/Engine/EngineMaterials/Substrate/Glints2/dict_0004_0184" 8560
"/Engine/EngineMaterials/Substrate/Glints2/dict_0004_0185" 8561
"/Engine/EngineMaterials/Substrate/Glints2/dict_0004_0186" 8562
"/Engine/EngineMaterials/Substrate/Glints2/dict_0004_0187" 8563
"/Engine/EngineMaterials/Substrate/Glints2/dict_0004_0188" 8564
"/Engine/EngineMaterials/Substrate/Glints2/dict_0004_0189" 8565
"/Engine/EngineMaterials/Substrate/Glints2/dict_0004_0190" 8566
"/Engine/EngineMaterials/Substrate/Glints2/dict_0004_0191" 8567
"/Engine/EngineMaterials/Substrate/Glints2/dict_0004_0192" 8568
"/Engine/EngineMaterials/Substrate/Glints2/dict_0004_0193" 8569
"/Engine/EngineMaterials/Substrate/Glints2/dict_0004_0194" 8570
"/Engine/EngineMaterials/Substrate/Glints2/dict_0004_0163" 8571
"../../../Engine/Content/EngineMaterials/Substrate/Glints2/dict_0004_0158.uasset" 8572
"../../../Engine/Content/EngineMaterials/Substrate/Glints2/dict_0004_0160.uasset" 8573
"../../../Engine/Content/EngineMaterials/Substrate/Glints2/dict_0004_0154.uasset" 8574
"/Engine/EngineMaterials/Substrate/Glints2/dict_0004_0164" 8575
"../../../Engine/Content/EngineMaterials/Substrate/Glints2/dict_0004_0159.uasset" 8576
"../../../Engine/Content/EngineMaterials/Substrate/Glints2/dict_0004_0155.uasset" 8577
"../../../Engine/Content/EngineMaterials/Substrate/Glints2/dict_0004_0161.uasset" 8578
"../../../Engine/Content/EngineMaterials/Substrate/Glints2/dict_0004_0157.uasset" 8579
"../../../Engine/Content/EngineMaterials/Substrate/Glints2/dict_0004_0156.uasset" 8580
"../../../Engine/Content/EngineMaterials/Substrate/Glints2/dict_0004_0153.uasset" 8581
"../../../Engine/Content/EngineMaterials/Substrate/Glints2/dict_0004_0162.uasset" 8582
"/Engine/EngineMaterials/Substrate/Glints2/dict_0004_0165" 8583
"../../../Engine/Content/EngineMaterials/Substrate/Glints2/dict_0004_0152.uasset" 8584
"../../../Engine/Content/EngineMaterials/Substrate/Glints2/dict_0004_0149.uasset" 8585
"../../../Engine/Content/EngineMaterials/Substrate/Glints2/dict_0004_0151.uasset" 8586
"../../../Engine/Content/EngineMaterials/Substrate/Glints2/dict_0004_0150.uasset" 8587
"../../../Engine/Content/EngineMaterials/Substrate/Glints2/dict_0004_0147.uasset" 8588
"../../../Engine/Content/EngineMaterials/Substrate/Glints2/dict_0004_0148.uasset" 8589
"/Engine/EngineMaterials/Substrate/Glints2/dict_0004_0166" 8590
"/Engine/EngineMaterials/Substrate/Glints2/dict_0004_0167" 8591
"/Engine/EngineMaterials/Substrate/Glints2/dict_0004_0168" 8592
"/Engine/EngineMaterials/Substrate/Glints2/dict_0004_0169" 8593
"/Engine/EngineMaterials/Substrate/Glints2/dict_0004_0170" 8594
"/Engine/EngineMaterials/Substrate/Glints2/dict_0004_0171" 8595
"/Engine/EngineMaterials/Substrate/Glints2/dict_0004_0172" 8596
"/Engine/EngineMaterials/Substrate/Glints2/dict_0004_0173" 8597
"/Engine/EngineMaterials/Substrate/Glints2/dict_0004_0174" 8598
"/Engine/EngineMaterials/Substrate/Glints2/dict_0004_0175" 8599
"/Engine/EngineMaterials/Substrate/Glints2/dict_0004_0176" 8600
"/Engine/EngineMaterials/Substrate/Glints2/dict_0004_0177" 8601
"/Engine/EngineMaterials/Substrate/Glints2/dict_0004_0178" 8602
"/Engine/EngineMaterials/Substrate/Glints2/dict_0004_0147" 8603
"../../../Engine/Content/EngineMaterials/Substrate/Glints2/dict_0004_0142.uasset" 8604
"../../../Engine/Content/EngineMaterials/Substrate/Glints2/dict_0004_0145.uasset" 8605
"../../../Engine/Content/EngineMaterials/Substrate/Glints2/dict_0004_0141.uasset" 8606
"/Engine/EngineMaterials/Substrate/Glints2/dict_0004_0148" 8607
"../../../Engine/Content/EngineMaterials/Substrate/Glints2/dict_0004_0144.uasset" 8608
"../../../Engine/Content/EngineMaterials/Substrate/Glints2/dict_0004_0139.uasset" 8609
"../../../Engine/Content/EngineMaterials/Substrate/Glints2/dict_0004_0146.uasset" 8610
"../../../Engine/Content/EngineMaterials/Substrate/Glints2/dict_0004_0138.uasset" 8611
"../../../Engine/Content/EngineMaterials/Substrate/Glints2/dict_0004_0137.uasset" 8612
"../../../Engine/Content/EngineMaterials/Substrate/Glints2/dict_0004_0143.uasset" 8613
"../../../Engine/Content/EngineMaterials/Substrate/Glints2/dict_0004_0140.uasset" 8614
"/Engine/EngineMaterials/Substrate/Glints2/dict_0004_0149" 8615
"../../../Engine/Content/EngineMaterials/Substrate/Glints2/dict_0004_0136.uasset" 8616
"../../../Engine/Content/EngineMaterials/Substrate/Glints2/dict_0004_0135.uasset" 8617
"../../../Engine/Content/EngineMaterials/Substrate/Glints2/dict_0004_0134.uasset" 8618
"/Engine/EngineMaterials/Substrate/Glints2/dict_0004_0150" 8619
"../../../Engine/Content/EngineMaterials/Substrate/Glints2/dict_0004_0132.uasset" 8620
"../../../Engine/Content/EngineMaterials/Substrate/Glints2/dict_0004_0133.uasset" 8621
"../../../Engine/Content/EngineMaterials/Substrate/Glints2/dict_0004_0131.uasset" 8622
"/Engine/EngineMaterials/Substrate/Glints2/dict_0004_0151" 8623
"/Engine/EngineMaterials/Substrate/Glints2/dict_0004_0152" 8624
"/Engine/EngineMaterials/Substrate/Glints2/dict_0004_0153" 8625
"/Engine/EngineMaterials/Substrate/Glints2/dict_0004_0154" 8626
"/Engine/EngineMaterials/Substrate/Glints2/dict_0004_0155" 8627
"/Engine/EngineMaterials/Substrate/Glints2/dict_0004_0156" 8628
"/Engine/EngineMaterials/Substrate/Glints2/dict_0004_0157" 8629
"/Engine/EngineMaterials/Substrate/Glints2/dict_0004_0158" 8630
"/Engine/EngineMaterials/Substrate/Glints2/dict_0004_0159" 8631
"/Engine/EngineMaterials/Substrate/Glints2/dict_0004_0160" 8632
"/Engine/EngineMaterials/Substrate/Glints2/dict_0004_0161" 8633
"/Engine/EngineMaterials/Substrate/Glints2/dict_0004_0162" 8634
"/Engine/EngineMaterials/Substrate/Glints2/dict_0004_0131" 8635
"../../../Engine/Content/EngineMaterials/Substrate/Glints2/dict_0004_0128.uasset" 8636
"../../../Engine/Content/EngineMaterials/Substrate/Glints2/dict_0004_0124.uasset" 8637
"../../../Engine/Content/EngineMaterials/Substrate/Glints2/dict_0004_0125.uasset" 8638
"/Engine/EngineMaterials/Substrate/Glints2/dict_0004_0132" 8639
"../../../Engine/Content/EngineMaterials/Substrate/Glints2/dict_0004_0130.uasset" 8640
"../../../Engine/Content/EngineMaterials/Substrate/Glints2/dict_0004_0122.uasset" 8641
"../../../Engine/Content/EngineMaterials/Substrate/Glints2/dict_0004_0126.uasset" 8642
"../../../Engine/Content/EngineMaterials/Substrate/Glints2/dict_0004_0127.uasset" 8643
"../../../Engine/Content/EngineMaterials/Substrate/Glints2/dict_0004_0121.uasset" 8644
"../../../Engine/Content/EngineMaterials/Substrate/Glints2/dict_0004_0123.uasset" 8645
"../../../Engine/Content/EngineMaterials/Substrate/Glints2/dict_0004_0129.uasset" 8646
"/Engine/EngineMaterials/Substrate/Glints2/dict_0004_0133" 8647
"../../../Engine/Content/EngineMaterials/Substrate/Glints2/dict_0004_0120.uasset" 8648
"../../../Engine/Content/EngineMaterials/Substrate/Glints2/dict_0004_0119.uasset" 8649
"../../../Engine/Content/EngineMaterials/Substrate/Glints2/dict_0004_0118.uasset" 8650
"../../../Engine/Content/EngineMaterials/Substrate/Glints2/dict_0004_0115.uasset" 8651
"../../../Engine/Content/EngineMaterials/Substrate/Glints2/dict_0004_0116.uasset" 8652
"/Engine/EngineMaterials/Substrate/Glints2/dict_0004_0134" 8653
"../../../Engine/Content/EngineMaterials/Substrate/Glints2/dict_0004_0117.uasset" 8654
"/Engine/EngineMaterials/Substrate/Glints2/dict_0004_0135" 8655
"/Engine/EngineMaterials/Substrate/Glints2/dict_0004_0136" 8656
"/Engine/EngineMaterials/Substrate/Glints2/dict_0004_0137" 8657
"/Engine/EngineMaterials/Substrate/Glints2/dict_0004_0138" 8658
"/Engine/EngineMaterials/Substrate/Glints2/dict_0004_0139" 8659
"/Engine/EngineMaterials/Substrate/Glints2/dict_0004_0140" 8660
"/Engine/EngineMaterials/Substrate/Glints2/dict_0004_0141" 8661
"/Engine/EngineMaterials/Substrate/Glints2/dict_0004_0142" 8662
"/Engine/EngineMaterials/Substrate/Glints2/dict_0004_0143" 8663
"/Engine/EngineMaterials/Substrate/Glints2/dict_0004_0144" 8664
"/Engine/EngineMaterials/Substrate/Glints2/dict_0004_0145" 8665
"/Engine/EngineMaterials/Substrate/Glints2/dict_0004_0146" 8666
"/Engine/EngineMaterials/Substrate/Glints2/dict_0004_0115" 8667
"../../../Engine/Content/EngineMaterials/Substrate/Glints2/dict_0004_0110.uasset" 8668
"../../../Engine/Content/EngineMaterials/Substrate/Glints2/dict_0004_0108.uasset" 8669
"../../../Engine/Content/EngineMaterials/Substrate/Glints2/dict_0004_0114.uasset" 8670
"../../../Engine/Content/EngineMaterials/Substrate/Glints2/dict_0004_0112.uasset" 8671
"../../../Engine/Content/EngineMaterials/Substrate/Glints2/dict_0004_0109.uasset" 8672
"../../../Engine/Content/EngineMaterials/Substrate/Glints2/dict_0004_0107.uasset" 8673
"../../../Engine/Content/EngineMaterials/Substrate/Glints2/dict_0004_0111.uasset" 8674
"../../../Engine/Content/EngineMaterials/Substrate/Glints2/dict_0004_0113.uasset" 8675
"../../../Engine/Content/EngineMaterials/Substrate/Glints2/dict_0004_0105.uasset" 8676
"../../../Engine/Content/EngineMaterials/Substrate/Glints2/dict_0004_0106.uasset" 8677
"/Engine/EngineMaterials/Substrate/Glints2/dict_0004_0116" 8678
"../../../Engine/Content/EngineMaterials/Substrate/Glints2/dict_0004_0100.uasset" 8679
"../../../Engine/Content/EngineMaterials/Substrate/Glints2/dict_0004_0101.uasset" 8680
"../../../Engine/Content/EngineMaterials/Substrate/Glints2/dict_0004_0103.uasset" 8681
"../../../Engine/Content/EngineMaterials/Substrate/Glints2/dict_0004_0104.uasset" 8682
"../../../Engine/Content/EngineMaterials/Substrate/Glints2/dict_0004_0102.uasset" 8683
"../../../Engine/Content/EngineMaterials/Substrate/Glints2/dict_0004_0099.uasset" 8684
"/Engine/EngineMaterials/Substrate/Glints2/dict_0004_0117" 8685
"/Engine/EngineMaterials/Substrate/Glints2/dict_0004_0118" 8686
"/Engine/EngineMaterials/Substrate/Glints2/dict_0004_0119" 8687
"/Engine/EngineMaterials/Substrate/Glints2/dict_0004_0120" 8688
"/Engine/EngineMaterials/Substrate/Glints2/dict_0004_0121" 8689
"/Engine/EngineMaterials/Substrate/Glints2/dict_0004_0122" 8690
"/Engine/EngineMaterials/Substrate/Glints2/dict_0004_0123" 8691
"/Engine/EngineMaterials/Substrate/Glints2/dict_0004_0124" 8692
"/Engine/EngineMaterials/Substrate/Glints2/dict_0004_0125" 8693
"/Engine/EngineMaterials/Substrate/Glints2/dict_0004_0126" 8694
"/Engine/EngineMaterials/Substrate/Glints2/dict_0004_0127" 8695
"/Engine/EngineMaterials/Substrate/Glints2/dict_0004_0128" 8696
"/Engine/EngineMaterials/Substrate/Glints2/dict_0004_0129" 8697
"/Engine/EngineMaterials/Substrate/Glints2/dict_0004_0130" 8698
"/Engine/EngineMaterials/Substrate/Glints2/dict_0004_0099" 8699
"../../../Engine/Content/EngineMaterials/Substrate/Glints2/dict_0004_0093.uasset" 8700
"../../../Engine/Content/EngineMaterials/Substrate/Glints2/dict_0004_0096.uasset" 8701
"../../../Engine/Content/EngineMaterials/Substrate/Glints2/dict_0004_0089.uasset" 8702
"../../../Engine/Content/EngineMaterials/Substrate/Glints2/dict_0004_0097.uasset" 8703
"../../../Engine/Content/EngineMaterials/Substrate/Glints2/dict_0004_0091.uasset" 8704
"../../../Engine/Content/EngineMaterials/Substrate/Glints2/dict_0004_0092.uasset" 8705
"../../../Engine/Content/EngineMaterials/Substrate/Glints2/dict_0004_0095.uasset" 8706
"../../../Engine/Content/EngineMaterials/Substrate/Glints2/dict_0004_0094.uasset" 8707
"/Engine/EngineMaterials/Substrate/Glints2/dict_0004_0100" 8708
"../../../Engine/Content/EngineMaterials/Substrate/Glints2/dict_0004_0098.uasset" 8709
"../../../Engine/Content/EngineMaterials/Substrate/Glints2/dict_0004_0090.uasset" 8710
"../../../Engine/Content/EngineMaterials/Substrate/Glints2/dict_0004_0088.uasset" 8711
"../../../Engine/Content/EngineMaterials/Substrate/Glints2/dict_0004_0085.uasset" 8712
"../../../Engine/Content/EngineMaterials/Substrate/Glints2/dict_0004_0087.uasset" 8713
"../../../Engine/Content/EngineMaterials/Substrate/Glints2/dict_0004_0084.uasset" 8714
"../../../Engine/Content/EngineMaterials/Substrate/Glints2/dict_0004_0086.uasset" 8715
"/Engine/EngineMaterials/Substrate/Glints2/dict_0004_0101" 8716
"../../../Engine/Content/EngineMaterials/Substrate/Glints2/dict_0004_0083.uasset" 8717
"/Engine/EngineMaterials/Substrate/Glints2/dict_0004_0102" 8718
"/Engine/EngineMaterials/Substrate/Glints2/dict_0004_0103" 8719
"/Engine/EngineMaterials/Substrate/Glints2/dict_0004_0104" 8720
"/Engine/EngineMaterials/Substrate/Glints2/dict_0004_0105" 8721
"/Engine/EngineMaterials/Substrate/Glints2/dict_0004_0106" 8722
"/Engine/EngineMaterials/Substrate/Glints2/dict_0004_0107" 8723
"/Engine/EngineMaterials/Substrate/Glints2/dict_0004_0108" 8724
"/Engine/EngineMaterials/Substrate/Glints2/dict_0004_0109" 8725
"/Engine/EngineMaterials/Substrate/Glints2/dict_0004_0110" 8726
"/Engine/EngineMaterials/Substrate/Glints2/dict_0004_0111" 8727
"/Engine/EngineMaterials/Substrate/Glints2/dict_0004_0112" 8728
"/Engine/EngineMaterials/Substrate/Glints2/dict_0004_0113" 8729
"/Engine/EngineMaterials/Substrate/Glints2/dict_0004_0114" 8730
"/Engine/EngineMaterials/Substrate/Glints2/dict_0004_0083" 8731
"/Engine/EngineMaterials/Substrate/Glints2/dict_0004_0084" 8732
"../../../Engine/Content/EngineMaterials/Substrate/Glints2/dict_0004_0080.uasset" 8733
"../../../Engine/Content/EngineMaterials/Substrate/Glints2/dict_0004_0074.uasset" 8734
"../../../Engine/Content/EngineMaterials/Substrate/Glints2/dict_0004_0073.uasset" 8735
"../../../Engine/Content/EngineMaterials/Substrate/Glints2/dict_0004_0076.uasset" 8736
"../../../Engine/Content/EngineMaterials/Substrate/Glints2/dict_0004_0079.uasset" 8737
"../../../Engine/Content/EngineMaterials/Substrate/Glints2/dict_0004_0077.uasset" 8738
"../../../Engine/Content/EngineMaterials/Substrate/Glints2/dict_0004_0082.uasset" 8739
"../../../Engine/Content/EngineMaterials/Substrate/Glints2/dict_0004_0081.uasset" 8740
"../../../Engine/Content/EngineMaterials/Substrate/Glints2/dict_0004_0075.uasset" 8741
"../../../Engine/Content/EngineMaterials/Substrate/Glints2/dict_0004_0078.uasset" 8742
"/Engine/EngineMaterials/Substrate/Glints2/dict_0004_0085" 8743
"../../../Engine/Content/EngineMaterials/Substrate/Glints2/dict_0004_0072.uasset" 8744
"../../../Engine/Content/EngineMaterials/Substrate/Glints2/dict_0004_0070.uasset" 8745
"../../../Engine/Content/EngineMaterials/Substrate/Glints2/dict_0004_0071.uasset" 8746
"../../../Engine/Content/EngineMaterials/Substrate/Glints2/dict_0004_0069.uasset" 8747
"../../../Engine/Content/EngineMaterials/Substrate/Glints2/dict_0004_0067.uasset" 8748
"../../../Engine/Content/EngineMaterials/Substrate/Glints2/dict_0004_0068.uasset" 8749
"/Engine/EngineMaterials/Substrate/Glints2/dict_0004_0086" 8750
"/Engine/EngineMaterials/Substrate/Glints2/dict_0004_0087" 8751
"/Engine/EngineMaterials/Substrate/Glints2/dict_0004_0088" 8752
"/Engine/EngineMaterials/Substrate/Glints2/dict_0004_0089" 8753
"/Engine/EngineMaterials/Substrate/Glints2/dict_0004_0090" 8754
"/Engine/EngineMaterials/Substrate/Glints2/dict_0004_0091" 8755
"/Engine/EngineMaterials/Substrate/Glints2/dict_0004_0092" 8756
"/Engine/EngineMaterials/Substrate/Glints2/dict_0004_0093" 8757
"/Engine/EngineMaterials/Substrate/Glints2/dict_0004_0094" 8758
"/Engine/EngineMaterials/Substrate/Glints2/dict_0004_0095" 8759
"/Engine/EngineMaterials/Substrate/Glints2/dict_0004_0096" 8760
"/Engine/EngineMaterials/Substrate/Glints2/dict_0004_0097" 8761
"/Engine/EngineMaterials/Substrate/Glints2/dict_0004_0098" 8762
"/Engine/EngineMaterials/Substrate/Glints2/dict_0004_0067" 8763
"../../../Engine/Content/EngineMaterials/Substrate/Glints2/dict_0004_0063.uasset" 8764
"../../../Engine/Content/EngineMaterials/Substrate/Glints2/dict_0004_0062.uasset" 8765
"../../../Engine/Content/EngineMaterials/Substrate/Glints2/dict_0004_0059.uasset" 8766
"../../../Engine/Content/EngineMaterials/Substrate/Glints2/dict_0004_0064.uasset" 8767
"../../../Engine/Content/EngineMaterials/Substrate/Glints2/dict_0004_0065.uasset" 8768
"../../../Engine/Content/EngineMaterials/Substrate/Glints2/dict_0004_0057.uasset" 8769
"/Engine/EngineMaterials/Substrate/Glints2/dict_0004_0068" 8770
"../../../Engine/Content/EngineMaterials/Substrate/Glints2/dict_0004_0056.uasset" 8771
"../../../Engine/Content/EngineMaterials/Substrate/Glints2/dict_0004_0061.uasset" 8772
"../../../Engine/Content/EngineMaterials/Substrate/Glints2/dict_0004_0060.uasset" 8773
"../../../Engine/Content/EngineMaterials/Substrate/Glints2/dict_0004_0058.uasset" 8774
"../../../Engine/Content/EngineMaterials/Substrate/Glints2/dict_0004_0066.uasset" 8775
"../../../Engine/Content/EngineMaterials/Substrate/Glints2/dict_0004_0055.uasset" 8776
"../../../Engine/Content/EngineMaterials/Substrate/Glints2/dict_0004_0054.uasset" 8777
"/Engine/EngineMaterials/Substrate/Glints2/dict_0004_0069" 8778
"../../../Engine/Content/EngineMaterials/Substrate/Glints2/dict_0004_0053.uasset" 8779
"../../../Engine/Content/EngineMaterials/Substrate/Glints2/dict_0004_0051.uasset" 8780
"../../../Engine/Content/EngineMaterials/Substrate/Glints2/dict_0004_0052.uasset" 8781
"/Engine/EngineMaterials/Substrate/Glints2/dict_0004_0070" 8782
"/Engine/EngineMaterials/Substrate/Glints2/dict_0004_0071" 8783
"/Engine/EngineMaterials/Substrate/Glints2/dict_0004_0072" 8784
"/Engine/EngineMaterials/Substrate/Glints2/dict_0004_0073" 8785
"/Engine/EngineMaterials/Substrate/Glints2/dict_0004_0074" 8786
"/Engine/EngineMaterials/Substrate/Glints2/dict_0004_0075" 8787
"/Engine/EngineMaterials/Substrate/Glints2/dict_0004_0076" 8788
"/Engine/EngineMaterials/Substrate/Glints2/dict_0004_0077" 8789
"/Engine/EngineMaterials/Substrate/Glints2/dict_0004_0078" 8790
"/Engine/EngineMaterials/Substrate/Glints2/dict_0004_0079" 8791
"/Engine/EngineMaterials/Substrate/Glints2/dict_0004_0080" 8792
"/Engine/EngineMaterials/Substrate/Glints2/dict_0004_0081" 8793
"/Engine/EngineMaterials/Substrate/Glints2/dict_0004_0082" 8794
"/Engine/EngineMaterials/Substrate/Glints2/dict_0004_0051" 8795
"../../../Engine/Content/EngineMaterials/Substrate/Glints2/dict_0004_0045.uasset" 8796
"../../../Engine/Content/EngineMaterials/Substrate/Glints2/dict_0004_0050.uasset" 8797
"../../../Engine/Content/EngineMaterials/Substrate/Glints2/dict_0004_0041.uasset" 8798
"../../../Engine/Content/EngineMaterials/Substrate/Glints2/dict_0004_0044.uasset" 8799
"../../../Engine/Content/EngineMaterials/Substrate/Glints2/dict_0004_0046.uasset" 8800
"../../../Engine/Content/EngineMaterials/Substrate/Glints2/dict_0004_0048.uasset" 8801
"../../../Engine/Content/EngineMaterials/Substrate/Glints2/dict_0004_0040.uasset" 8802
"/Engine/EngineMaterials/Substrate/Glints2/dict_0004_0052" 8803
"../../../Engine/Content/EngineMaterials/Substrate/Glints2/dict_0004_0047.uasset" 8804
"../../../Engine/Content/EngineMaterials/Substrate/Glints2/dict_0004_0043.uasset" 8805
"../../../Engine/Content/EngineMaterials/Substrate/Glints2/dict_0004_0042.uasset" 8806
"../../../Engine/Content/EngineMaterials/Substrate/Glints2/dict_0004_0049.uasset" 8807
"/Engine/EngineMaterials/Substrate/Glints2/dict_0004_0053" 8808
"../../../Engine/Content/EngineMaterials/Substrate/Glints2/dict_0004_0037.uasset" 8809
"../../../Engine/Content/EngineMaterials/Substrate/Glints2/dict_0004_0035.uasset" 8810
"../../../Engine/Content/EngineMaterials/Substrate/Glints2/dict_0004_0038.uasset" 8811
"../../../Engine/Content/EngineMaterials/Substrate/Glints2/dict_0004_0036.uasset" 8812
"../../../Engine/Content/EngineMaterials/Substrate/Glints2/dict_0004_0039.uasset" 8813
"/Engine/EngineMaterials/Substrate/Glints2/dict_0004_0054" 8814
"/Engine/EngineMaterials/Substrate/Glints2/dict_0004_0055" 8815
"/Engine/EngineMaterials/Substrate/Glints2/dict_0004_0056" 8816
"/Engine/EngineMaterials/Substrate/Glints2/dict_0004_0057" 8817
"/Engine/EngineMaterials/Substrate/Glints2/dict_0004_0058" 8818
"/Engine/EngineMaterials/Substrate/Glints2/dict_0004_0059" 8819
"/Engine/EngineMaterials/Substrate/Glints2/dict_0004_0060" 8820
"/Engine/EngineMaterials/Substrate/Glints2/dict_0004_0061" 8821
"/Engine/EngineMaterials/Substrate/Glints2/dict_0004_0062" 8822
"/Engine/EngineMaterials/Substrate/Glints2/dict_0004_0063" 8823
"/Engine/EngineMaterials/Substrate/Glints2/dict_0004_0064" 8824
"/Engine/EngineMaterials/Substrate/Glints2/dict_0004_0065" 8825
"/Engine/EngineMaterials/Substrate/Glints2/dict_0004_0066" 8826
"/Engine/EngineMaterials/Substrate/Glints2/dict_0004_0035" 8827
"../../../Engine/Content/EngineMaterials/Substrate/Glints2/dict_0004_0032.uasset" 8828
"../../../Engine/Content/EngineMaterials/Substrate/Glints2/dict_0004_0030.uasset" 8829
"../../../Engine/Content/EngineMaterials/Substrate/Glints2/dict_0004_0033.uasset" 8830
"../../../Engine/Content/EngineMaterials/Substrate/Glints2/dict_0004_0031.uasset" 8831
"../../../Engine/Content/EngineMaterials/Substrate/Glints2/dict_0004_0029.uasset" 8832
"/Engine/EngineMaterials/Substrate/Glints2/dict_0004_0036" 8833
"../../../Engine/Content/EngineMaterials/Substrate/Glints2/dict_0004_0034.uasset" 8834
"../../../Engine/Content/EngineMaterials/Substrate/Glints2/dict_0004_0026.uasset" 8835
"/Engine/EngineMaterials/Substrate/Glints2/dict_0004_0037" 8836
"../../../Engine/Content/EngineMaterials/Substrate/Glints2/dict_0004_0027.uasset" 8837
"../../../Engine/Content/EngineMaterials/Substrate/Glints2/dict_0004_0025.uasset" 8838
"../../../Engine/Content/EngineMaterials/Substrate/Glints2/dict_0004_0028.uasset" 8839
"../../../Engine/Content/EngineMaterials/Substrate/Glints2/dict_0004_0024.uasset" 8840
"../../../Engine/Content/EngineMaterials/Substrate/Glints2/dict_0004_0023.uasset" 8841
"../../../Engine/Content/EngineMaterials/Substrate/Glints2/dict_0004_0019.uasset" 8842
"../../../Engine/Content/EngineMaterials/Substrate/Glints2/dict_0004_0021.uasset" 8843
"/Engine/EngineMaterials/Substrate/Glints2/dict_0004_0038" 8844
"../../../Engine/Content/EngineMaterials/Substrate/Glints2/dict_0004_0022.uasset" 8845
"../../../Engine/Content/EngineMaterials/Substrate/Glints2/dict_0004_0020.uasset" 8846
"/Engine/EngineMaterials/Substrate/Glints2/dict_0004_0039" 8847
"/Engine/EngineMaterials/Substrate/Glints2/dict_0004_0040" 8848
"/Engine/EngineMaterials/Substrate/Glints2/dict_0004_0041" 8849
"/Engine/EngineMaterials/Substrate/Glints2/dict_0004_0042" 8850
"/Engine/EngineMaterials/Substrate/Glints2/dict_0004_0043" 8851
"/Engine/EngineMaterials/Substrate/Glints2/dict_0004_0044" 8852
"/Engine/EngineMaterials/Substrate/Glints2/dict_0004_0045" 8853
"/Engine/EngineMaterials/Substrate/Glints2/dict_0004_0046" 8854
"/Engine/EngineMaterials/Substrate/Glints2/dict_0004_0047" 8855
"/Engine/EngineMaterials/Substrate/Glints2/dict_0004_0048" 8856
"/Engine/EngineMaterials/Substrate/Glints2/dict_0004_0049" 8857
"/Engine/EngineMaterials/Substrate/Glints2/dict_0004_0050" 8858
"/Engine/EngineMaterials/Substrate/Glints2/dict_0004_0019" 8859
"../../../Engine/Content/EngineMaterials/Substrate/Glints2/dict_0004_0016.uasset" 8860
"../../../Engine/Content/EngineMaterials/Substrate/Glints2/dict_0004_0017.uasset" 8861
"../../../Engine/Content/EngineMaterials/Substrate/Glints2/dict_0004_0010.uasset" 8862
"/Engine/EngineMaterials/Substrate/Glints2/dict_0004_0020" 8863
"../../../Engine/Content/EngineMaterials/Substrate/Glints2/dict_0004_0012.uasset" 8864
"../../../Engine/Content/EngineMaterials/Substrate/Glints2/dict_0004_0011.uasset" 8865
"../../../Engine/Content/EngineMaterials/Substrate/Glints2/dict_0004_0014.uasset" 8866
"../../../Engine/Content/EngineMaterials/Substrate/Glints2/dict_0004_0018.uasset" 8867
"../../../Engine/Content/EngineMaterials/Substrate/Glints2/dict_0004_0013.uasset" 8868
"../../../Engine/Content/EngineMaterials/Substrate/Glints2/dict_0004_0015.uasset" 8869
"../../../Engine/Content/EngineMaterials/Substrate/Glints2/dict_0004_0009.uasset" 8870
"/Engine/EngineMaterials/Substrate/Glints2/dict_0004_0021" 8871
"../../../Engine/Content/EngineMaterials/Substrate/Glints2/dict_0004_0003.uasset" 8872
"../../../Engine/Content/EngineMaterials/Substrate/Glints2/dict_0004_0005.uasset" 8873
"../../../Engine/Content/EngineMaterials/Substrate/Glints2/dict_0004_0006.uasset" 8874
"../../../Engine/Content/EngineMaterials/Substrate/Glints2/dict_0004_0004.uasset" 8875
"../../../Engine/Content/EngineMaterials/Substrate/Glints2/dict_0004_0008.uasset" 8876
"/Engine/EngineMaterials/Substrate/Glints2/dict_0004_0022" 8877
"../../../Engine/Content/EngineMaterials/Substrate/Glints2/dict_0004_0007.uasset" 8878
"/Engine/EngineMaterials/Substrate/Glints2/dict_0004_0023" 8879
"/Engine/EngineMaterials/Substrate/Glints2/dict_0004_0024" 8880
"/Engine/EngineMaterials/Substrate/Glints2/dict_0004_0025" 8881
"/Engine/EngineMaterials/Substrate/Glints2/dict_0004_0026" 8882
"/Engine/EngineMaterials/Substrate/Glints2/dict_0004_0027" 8883
"/Engine/EngineMaterials/Substrate/Glints2/dict_0004_0028" 8884
"/Engine/EngineMaterials/Substrate/Glints2/dict_0004_0029" 8885
"/Engine/EngineMaterials/Substrate/Glints2/dict_0004_0030" 8886
"/Engine/EngineMaterials/Substrate/Glints2/dict_0004_0031" 8887
"/Engine/EngineMaterials/Substrate/Glints2/dict_0004_0032" 8888
"/Engine/EngineMaterials/Substrate/Glints2/dict_0004_0033" 8889
"/Engine/EngineMaterials/Substrate/Glints2/dict_0004_0034" 8890
"/Engine/EngineMaterials/Substrate/Glints2/dict_0004_0003" 8891
"../../../Engine/Content/EngineMaterials/Substrate/Glints2/dict_0003_0250.uasset" 8892
"../../../Engine/Content/EngineMaterials/Substrate/Glints2/dict_0003_0251.uasset" 8893
"../../../Engine/Content/EngineMaterials/Substrate/Glints2/dict_0003_0253.uasset" 8894
"../../../Engine/Content/EngineMaterials/Substrate/Glints2/dict_0003_0254.uasset" 8895
"/Engine/EngineMaterials/Substrate/Glints2/dict_0004_0004" 8896
"../../../Engine/Content/EngineMaterials/Substrate/Glints2/dict_0004_0002.uasset" 8897
"../../../Engine/Content/EngineMaterials/Substrate/Glints2/dict_0004_0001.uasset" 8898
"../../../Engine/Content/EngineMaterials/Substrate/Glints2/dict_0003_0255.uasset" 8899
"../../../Engine/Content/EngineMaterials/Substrate/Glints2/dict_0003_0252.uasset" 8900
"../../../Engine/Content/EngineMaterials/Substrate/Glints2/dict_0004_0000.uasset" 8901
"../../../Engine/Content/EngineMaterials/Substrate/Glints2/dict_0003_0249.uasset" 8902
"/Engine/EngineMaterials/Substrate/Glints2/dict_0004_0005" 8903
"../../../Engine/Content/EngineMaterials/Substrate/Glints2/dict_0003_0247.uasset" 8904
"../../../Engine/Content/EngineMaterials/Substrate/Glints2/dict_0003_0248.uasset" 8905
"../../../Engine/Content/EngineMaterials/Substrate/Glints2/dict_0003_0244.uasset" 8906
"../../../Engine/Content/EngineMaterials/Substrate/Glints2/dict_0003_0243.uasset" 8907
"../../../Engine/Content/EngineMaterials/Substrate/Glints2/dict_0003_0245.uasset" 8908
"../../../Engine/Content/EngineMaterials/Substrate/Glints2/dict_0003_0246.uasset" 8909
"/Engine/EngineMaterials/Substrate/Glints2/dict_0004_0006" 8910
"/Engine/EngineMaterials/Substrate/Glints2/dict_0004_0007" 8911
"/Engine/EngineMaterials/Substrate/Glints2/dict_0004_0008" 8912
"/Engine/EngineMaterials/Substrate/Glints2/dict_0004_0009" 8913
"/Engine/EngineMaterials/Substrate/Glints2/dict_0004_0010" 8914
"/Engine/EngineMaterials/Substrate/Glints2/dict_0004_0011" 8915
"/Engine/EngineMaterials/Substrate/Glints2/dict_0004_0012" 8916
"/Engine/EngineMaterials/Substrate/Glints2/dict_0004_0013" 8917
"/Engine/EngineMaterials/Substrate/Glints2/dict_0004_0014" 8918
"/Engine/EngineMaterials/Substrate/Glints2/dict_0004_0015" 8919
"/Engine/EngineMaterials/Substrate/Glints2/dict_0004_0016" 8920
"/Engine/EngineMaterials/Substrate/Glints2/dict_0004_0017" 8921
"/Engine/EngineMaterials/Substrate/Glints2/dict_0004_0018" 8922
"/Engine/EngineMaterials/Substrate/Glints2/dict_0003_0243" 8923
"../../../Engine/Content/EngineMaterials/Substrate/Glints2/dict_0003_0241.uasset" 8924
"../../../Engine/Content/EngineMaterials/Substrate/Glints2/dict_0003_0239.uasset" 8925
"../../../Engine/Content/EngineMaterials/Substrate/Glints2/dict_0003_0237.uasset" 8926
"/Engine/EngineMaterials/Substrate/Glints2/dict_0003_0244" 8927
"../../../Engine/Content/EngineMaterials/Substrate/Glints2/dict_0003_0238.uasset" 8928
"../../../Engine/Content/EngineMaterials/Substrate/Glints2/dict_0003_0234.uasset" 8929
"../../../Engine/Content/EngineMaterials/Substrate/Glints2/dict_0003_0242.uasset" 8930
"../../../Engine/Content/EngineMaterials/Substrate/Glints2/dict_0003_0240.uasset" 8931
"../../../Engine/Content/EngineMaterials/Substrate/Glints2/dict_0003_0236.uasset" 8932
"../../../Engine/Content/EngineMaterials/Substrate/Glints2/dict_0003_0235.uasset" 8933
"/Engine/EngineMaterials/Substrate/Glints2/dict_0003_0245" 8934
"../../../Engine/Content/EngineMaterials/Substrate/Glints2/dict_0003_0233.uasset" 8935
"../../../Engine/Content/EngineMaterials/Substrate/Glints2/dict_0003_0230.uasset" 8936
"../../../Engine/Content/EngineMaterials/Substrate/Glints2/dict_0003_0227.uasset" 8937
"../../../Engine/Content/EngineMaterials/Substrate/Glints2/dict_0003_0232.uasset" 8938
"../../../Engine/Content/EngineMaterials/Substrate/Glints2/dict_0003_0229.uasset" 8939
"/Engine/EngineMaterials/Substrate/Glints2/dict_0003_0246" 8940
"../../../Engine/Content/EngineMaterials/Substrate/Glints2/dict_0003_0228.uasset" 8941
"../../../Engine/Content/EngineMaterials/Substrate/Glints2/dict_0003_0231.uasset" 8942
"/Engine/EngineMaterials/Substrate/Glints2/dict_0003_0247" 8943
"/Engine/EngineMaterials/Substrate/Glints2/dict_0003_0248" 8944
"/Engine/EngineMaterials/Substrate/Glints2/dict_0003_0249" 8945
"/Engine/EngineMaterials/Substrate/Glints2/dict_0003_0250" 8946
"/Engine/EngineMaterials/Substrate/Glints2/dict_0003_0251" 8947
"/Engine/EngineMaterials/Substrate/Glints2/dict_0003_0252" 8948
"/Engine/EngineMaterials/Substrate/Glints2/dict_0003_0253" 8949
"/Engine/EngineMaterials/Substrate/Glints2/dict_0003_0254" 8950
"/Engine/EngineMaterials/Substrate/Glints2/dict_0003_0255" 8951
"/Engine/EngineMaterials/Substrate/Glints2/dict_0004_0000" 8952
"/Engine/EngineMaterials/Substrate/Glints2/dict_0004_0001" 8953
"/Engine/EngineMaterials/Substrate/Glints2/dict_0004_0002" 8954
"/Engine/EngineMaterials/Substrate/Glints2/dict_0003_0227" 8955
"../../../Engine/Content/EngineMaterials/Substrate/Glints2/dict_0003_0223.uasset" 8956
"../../../Engine/Content/EngineMaterials/Substrate/Glints2/dict_0003_0218.uasset" 8957
"../../../Engine/Content/EngineMaterials/Substrate/Glints2/dict_0003_0221.uasset" 8958
"../../../Engine/Content/EngineMaterials/Substrate/Glints2/dict_0003_0220.uasset" 8959
"../../../Engine/Content/EngineMaterials/Substrate/Glints2/dict_0003_0217.uasset" 8960
"../../../Engine/Content/EngineMaterials/Substrate/Glints2/dict_0003_0219.uasset" 8961
"../../../Engine/Content/EngineMaterials/Substrate/Glints2/dict_0003_0222.uasset" 8962
"../../../Engine/Content/EngineMaterials/Substrate/Glints2/dict_0003_0225.uasset" 8963
"/Engine/EngineMaterials/Substrate/Glints2/dict_0003_0228" 8964
"../../../Engine/Content/EngineMaterials/Substrate/Glints2/dict_0003_0226.uasset" 8965
"../../../Engine/Content/EngineMaterials/Substrate/Glints2/dict_0003_0224.uasset" 8966
"../../../Engine/Content/EngineMaterials/Substrate/Glints2/dict_0003_0215.uasset" 8967
"../../../Engine/Content/EngineMaterials/Substrate/Glints2/dict_0003_0216.uasset" 8968
"../../../Engine/Content/EngineMaterials/Substrate/Glints2/dict_0003_0214.uasset" 8969
"../../../Engine/Content/EngineMaterials/Substrate/Glints2/dict_0003_0213.uasset" 8970
"../../../Engine/Content/EngineMaterials/Substrate/Glints2/dict_0003_0212.uasset" 8971
"/Engine/EngineMaterials/Substrate/Glints2/dict_0003_0229" 8972
"../../../Engine/Content/EngineMaterials/Substrate/Glints2/dict_0003_0211.uasset" 8973
"/Engine/EngineMaterials/Substrate/Glints2/dict_0003_0230" 8974
"/Engine/EngineMaterials/Substrate/Glints2/dict_0003_0231" 8975
"/Engine/EngineMaterials/Substrate/Glints2/dict_0003_0232" 8976
"/Engine/EngineMaterials/Substrate/Glints2/dict_0003_0233" 8977
"/Engine/EngineMaterials/Substrate/Glints2/dict_0003_0234" 8978
"/Engine/EngineMaterials/Substrate/Glints2/dict_0003_0235" 8979
"/Engine/EngineMaterials/Substrate/Glints2/dict_0003_0236" 8980
"/Engine/EngineMaterials/Substrate/Glints2/dict_0003_0237" 8981
"/Engine/EngineMaterials/Substrate/Glints2/dict_0003_0238" 8982
"/Engine/EngineMaterials/Substrate/Glints2/dict_0003_0239" 8983
"/Engine/EngineMaterials/Substrate/Glints2/dict_0003_0240" 8984
"/Engine/EngineMaterials/Substrate/Glints2/dict_0003_0241" 8985
"/Engine/EngineMaterials/Substrate/Glints2/dict_0003_0242" 8986
"/Engine/EngineMaterials/Substrate/Glints2/dict_0003_0211" 8987
"../../../Engine/Content/EngineMaterials/Substrate/Glints2/dict_0003_0206.uasset" 8988
"../../../Engine/Content/EngineMaterials/Substrate/Glints2/dict_0003_0202.uasset" 8989
"../../../Engine/Content/EngineMaterials/Substrate/Glints2/dict_0003_0204.uasset" 8990
"../../../Engine/Content/EngineMaterials/Substrate/Glints2/dict_0003_0208.uasset" 8991
"/Engine/EngineMaterials/Substrate/Glints2/dict_0003_0212" 8992
"../../../Engine/Content/EngineMaterials/Substrate/Glints2/dict_0003_0207.uasset" 8993
"../../../Engine/Content/EngineMaterials/Substrate/Glints2/dict_0003_0210.uasset" 8994
"../../../Engine/Content/EngineMaterials/Substrate/Glints2/dict_0003_0205.uasset" 8995
"../../../Engine/Content/EngineMaterials/Substrate/Glints2/dict_0003_0203.uasset" 8996
"../../../Engine/Content/EngineMaterials/Substrate/Glints2/dict_0003_0209.uasset" 8997
"/Engine/EngineMaterials/Substrate/Glints2/dict_0003_0213" 8998
"../../../Engine/Content/EngineMaterials/Substrate/Glints2/dict_0003_0200.uasset" 8999
"../../../Engine/Content/EngineMaterials/Substrate/Glints2/dict_0003_0201.uasset" 9000
"../../../Engine/Content/EngineMaterials/Substrate/Glints2/dict_0003_0199.uasset" 9001
"../../../Engine/Content/EngineMaterials/Substrate/Glints2/dict_0003_0197.uasset" 9002
"/Engine/EngineMaterials/Substrate/Glints2/dict_0003_0214" 9003
"../../../Engine/Content/EngineMaterials/Substrate/Glints2/dict_0003_0198.uasset" 9004
"../../../Engine/Content/EngineMaterials/Substrate/Glints2/dict_0003_0196.uasset" 9005
"../../../Engine/Content/EngineMaterials/Substrate/Glints2/dict_0003_0195.uasset" 9006
"/Engine/EngineMaterials/Substrate/Glints2/dict_0003_0215" 9007
"/Engine/EngineMaterials/Substrate/Glints2/dict_0003_0216" 9008
"/Engine/EngineMaterials/Substrate/Glints2/dict_0003_0217" 9009
"/Engine/EngineMaterials/Substrate/Glints2/dict_0003_0218" 9010
"/Engine/EngineMaterials/Substrate/Glints2/dict_0003_0219" 9011
"/Engine/EngineMaterials/Substrate/Glints2/dict_0003_0220" 9012
"/Engine/EngineMaterials/Substrate/Glints2/dict_0003_0221" 9013
"/Engine/EngineMaterials/Substrate/Glints2/dict_0003_0222" 9014
"/Engine/EngineMaterials/Substrate/Glints2/dict_0003_0223" 9015
"/Engine/EngineMaterials/Substrate/Glints2/dict_0003_0224" 9016
"/Engine/EngineMaterials/Substrate/Glints2/dict_0003_0225" 9017
"/Engine/EngineMaterials/Substrate/Glints2/dict_0003_0226" 9018
"/Engine/EngineMaterials/Substrate/Glints2/dict_0003_0195" 9019
"../../../Engine/Content/EngineMaterials/Substrate/Glints2/dict_0003_0192.uasset" 9020
"../../../Engine/Content/EngineMaterials/Substrate/Glints2/dict_0003_0186.uasset" 9021
"../../../Engine/Content/EngineMaterials/Substrate/Glints2/dict_0003_0189.uasset" 9022
"../../../Engine/Content/EngineMaterials/Substrate/Glints2/dict_0003_0191.uasset" 9023
"/Engine/EngineMaterials/Substrate/Glints2/dict_0003_0196" 9024
"../../../Engine/Content/EngineMaterials/Substrate/Glints2/dict_0003_0190.uasset" 9025
"../../../Engine/Content/EngineMaterials/Substrate/Glints2/dict_0003_0193.uasset" 9026
"../../../Engine/Content/EngineMaterials/Substrate/Glints2/dict_0003_0188.uasset" 9027
"../../../Engine/Content/EngineMaterials/Substrate/Glints2/dict_0003_0187.uasset" 9028
"../../../Engine/Content/EngineMaterials/Substrate/Glints2/dict_0003_0194.uasset" 9029
"../../../Engine/Content/EngineMaterials/Substrate/Glints2/dict_0003_0185.uasset" 9030
"/Engine/EngineMaterials/Substrate/Glints2/dict_0003_0197" 9031
"../../../Engine/Content/EngineMaterials/Substrate/Glints2/dict_0003_0184.uasset" 9032
"../../../Engine/Content/EngineMaterials/Substrate/Glints2/dict_0003_0182.uasset" 9033
"../../../Engine/Content/EngineMaterials/Substrate/Glints2/dict_0003_0183.uasset" 9034
"../../../Engine/Content/EngineMaterials/Substrate/Glints2/dict_0003_0181.uasset" 9035
"../../../Engine/Content/EngineMaterials/Substrate/Glints2/dict_0003_0180.uasset" 9036
"/Engine/EngineMaterials/Substrate/Glints2/dict_0003_0198" 9037
"../../../Engine/Content/EngineMaterials/Substrate/Glints2/dict_0003_0179.uasset" 9038
"/Engine/EngineMaterials/Substrate/Glints2/dict_0003_0199" 9039
"/Engine/EngineMaterials/Substrate/Glints2/dict_0003_0200" 9040
"/Engine/EngineMaterials/Substrate/Glints2/dict_0003_0201" 9041
"/Engine/EngineMaterials/Substrate/Glints2/dict_0003_0202" 9042
"/Engine/EngineMaterials/Substrate/Glints2/dict_0003_0203" 9043
"/Engine/EngineMaterials/Substrate/Glints2/dict_0003_0204" 9044
"/Engine/EngineMaterials/Substrate/Glints2/dict_0003_0205" 9045
"/Engine/EngineMaterials/Substrate/Glints2/dict_0003_0206" 9046
"/Engine/EngineMaterials/Substrate/Glints2/dict_0003_0207" 9047
"/Engine/EngineMaterials/Substrate/Glints2/dict_0003_0208" 9048
"/Engine/EngineMaterials/Substrate/Glints2/dict_0003_0209" 9049
"/Engine/EngineMaterials/Substrate/Glints2/dict_0003_0210" 9050
"/Engine/EngineMaterials/Substrate/Glints2/dict_0003_0179" 9051
"../../../Engine/Content/EngineMaterials/Substrate/Glints2/dict_0003_0171.uasset" 9052
"../../../Engine/Content/EngineMaterials/Substrate/Glints2/dict_0003_0178.uasset" 9053
"/Engine/EngineMaterials/Substrate/Glints2/dict_0003_0180" 9054
"../../../Engine/Content/EngineMaterials/Substrate/Glints2/dict_0003_0170.uasset" 9055
"../../../Engine/Content/EngineMaterials/Substrate/Glints2/dict_0003_0175.uasset" 9056
"../../../Engine/Content/EngineMaterials/Substrate/Glints2/dict_0003_0177.uasset" 9057
"../../../Engine/Content/EngineMaterials/Substrate/Glints2/dict_0003_0173.uasset" 9058
"../../../Engine/Content/EngineMaterials/Substrate/Glints2/dict_0003_0176.uasset" 9059
"../../../Engine/Content/EngineMaterials/Substrate/Glints2/dict_0003_0172.uasset" 9060
"../../../Engine/Content/EngineMaterials/Substrate/Glints2/dict_0003_0174.uasset" 9061
"/Engine/EngineMaterials/Substrate/Glints2/dict_0003_0181" 9062
"../../../Engine/Content/EngineMaterials/Substrate/Glints2/dict_0003_0169.uasset" 9063
"../../../Engine/Content/EngineMaterials/Substrate/Glints2/dict_0003_0168.uasset" 9064
"../../../Engine/Content/EngineMaterials/Substrate/Glints2/dict_0003_0167.uasset" 9065
"/Engine/EngineMaterials/Substrate/Glints2/dict_0003_0182" 9066
"../../../Engine/Content/EngineMaterials/Substrate/Glints2/dict_0003_0164.uasset" 9067
"../../../Engine/Content/EngineMaterials/Substrate/Glints2/dict_0003_0165.uasset" 9068
"../../../Engine/Content/EngineMaterials/Substrate/Glints2/dict_0003_0163.uasset" 9069
"../../../Engine/Content/EngineMaterials/Substrate/Glints2/dict_0003_0166.uasset" 9070
"/Engine/EngineMaterials/Substrate/Glints2/dict_0003_0183" 9071
"/Engine/EngineMaterials/Substrate/Glints2/dict_0003_0184" 9072
"/Engine/EngineMaterials/Substrate/Glints2/dict_0003_0185" 9073
"/Engine/EngineMaterials/Substrate/Glints2/dict_0003_0186" 9074
"/Engine/EngineMaterials/Substrate/Glints2/dict_0003_0187" 9075
"/Engine/EngineMaterials/Substrate/Glints2/dict_0003_0188" 9076
"/Engine/EngineMaterials/Substrate/Glints2/dict_0003_0189" 9077
"/Engine/EngineMaterials/Substrate/Glints2/dict_0003_0190" 9078
"/Engine/EngineMaterials/Substrate/Glints2/dict_0003_0191" 9079
"/Engine/EngineMaterials/Substrate/Glints2/dict_0003_0192" 9080
"/Engine/EngineMaterials/Substrate/Glints2/dict_0003_0193" 9081
"/Engine/EngineMaterials/Substrate/Glints2/dict_0003_0194" 9082
"/Engine/EngineMaterials/Substrate/Glints2/dict_0003_0163" 9083
"../../../Engine/Content/EngineMaterials/Substrate/Glints2/dict_0003_0155.uasset" 9084
"../../../Engine/Content/EngineMaterials/Substrate/Glints2/dict_0003_0156.uasset" 9085
"../../../Engine/Content/EngineMaterials/Substrate/Glints2/dict_0003_0162.uasset" 9086
"../../../Engine/Content/EngineMaterials/Substrate/Glints2/dict_0003_0161.uasset" 9087
"/Engine/EngineMaterials/Substrate/Glints2/dict_0003_0164" 9088
"../../../Engine/Content/EngineMaterials/Substrate/Glints2/dict_0003_0158.uasset" 9089
"../../../Engine/Content/EngineMaterials/Substrate/Glints2/dict_0003_0160.uasset" 9090
"../../../Engine/Content/EngineMaterials/Substrate/Glints2/dict_0003_0154.uasset" 9091
"../../../Engine/Content/EngineMaterials/Substrate/Glints2/dict_0003_0157.uasset" 9092
"../../../Engine/Content/EngineMaterials/Substrate/Glints2/dict_0003_0159.uasset" 9093
"/Engine/EngineMaterials/Substrate/Glints2/dict_0003_0165" 9094
"../../../Engine/Content/EngineMaterials/Substrate/Glints2/dict_0003_0153.uasset" 9095
"../../../Engine/Content/EngineMaterials/Substrate/Glints2/dict_0003_0152.uasset" 9096
"../../../Engine/Content/EngineMaterials/Substrate/Glints2/dict_0003_0151.uasset" 9097
"../../../Engine/Content/EngineMaterials/Substrate/Glints2/dict_0003_0150.uasset" 9098
"../../../Engine/Content/EngineMaterials/Substrate/Glints2/dict_0003_0148.uasset" 9099
"../../../Engine/Content/EngineMaterials/Substrate/Glints2/dict_0003_0149.uasset" 9100
"/Engine/EngineMaterials/Substrate/Glints2/dict_0003_0166" 9101
"../../../Engine/Content/EngineMaterials/Substrate/Glints2/dict_0003_0147.uasset" 9102
"/Engine/EngineMaterials/Substrate/Glints2/dict_0003_0167" 9103
"/Engine/EngineMaterials/Substrate/Glints2/dict_0003_0168" 9104
"/Engine/EngineMaterials/Substrate/Glints2/dict_0003_0169" 9105
"/Engine/EngineMaterials/Substrate/Glints2/dict_0003_0170" 9106
"/Engine/EngineMaterials/Substrate/Glints2/dict_0003_0171" 9107
"/Engine/EngineMaterials/Substrate/Glints2/dict_0003_0172" 9108
"/Engine/EngineMaterials/Substrate/Glints2/dict_0003_0173" 9109
"/Engine/EngineMaterials/Substrate/Glints2/dict_0003_0174" 9110
"/Engine/EngineMaterials/Substrate/Glints2/dict_0003_0175" 9111
"/Engine/EngineMaterials/Substrate/Glints2/dict_0003_0176" 9112
"/Engine/EngineMaterials/Substrate/Glints2/dict_0003_0177" 9113
"/Engine/EngineMaterials/Substrate/Glints2/dict_0003_0178" 9114
"/Engine/EngineMaterials/Substrate/Glints2/dict_0003_0147" 9115
"../../../Engine/Content/EngineMaterials/Substrate/Glints2/dict_0003_0142.uasset" 9116
"../../../Engine/Content/EngineMaterials/Substrate/Glints2/dict_0003_0141.uasset" 9117
"../../../Engine/Content/EngineMaterials/Substrate/Glints2/dict_0003_0140.uasset" 9118
"../../../Engine/Content/EngineMaterials/Substrate/Glints2/dict_0003_0143.uasset" 9119
"../../../Engine/Content/EngineMaterials/Substrate/Glints2/dict_0003_0144.uasset" 9120
"/Engine/EngineMaterials/Substrate/Glints2/dict_0003_0148" 9121
"../../../Engine/Content/EngineMaterials/Substrate/Glints2/dict_0003_0145.uasset" 9122
"../../../Engine/Content/EngineMaterials/Substrate/Glints2/dict_0003_0138.uasset" 9123
"../../../Engine/Content/EngineMaterials/Substrate/Glints2/dict_0003_0139.uasset" 9124
"../../../Engine/Content/EngineMaterials/Substrate/Glints2/dict_0003_0146.uasset" 9125
"../../../Engine/Content/EngineMaterials/Substrate/Glints2/dict_0003_0137.uasset" 9126
"../../../Engine/Content/EngineMaterials/Substrate/Glints2/dict_0003_0135.uasset" 9127
"../../../Engine/Content/EngineMaterials/Substrate/Glints2/dict_0003_0133.uasset" 9128
"../../../Engine/Content/EngineMaterials/Substrate/Glints2/dict_0003_0134.uasset" 9129
"../../../Engine/Content/EngineMaterials/Substrate/Glints2/dict_0003_0131.uasset" 9130
"/Engine/EngineMaterials/Substrate/Glints2/dict_0003_0149" 9131
"../../../Engine/Content/EngineMaterials/Substrate/Glints2/dict_0003_0132.uasset" 9132
"../../../Engine/Content/EngineMaterials/Substrate/Glints2/dict_0003_0136.uasset" 9133
"/Engine/EngineMaterials/Substrate/Glints2/dict_0003_0150" 9134
"/Engine/EngineMaterials/Substrate/Glints2/dict_0003_0151" 9135
"/Engine/EngineMaterials/Substrate/Glints2/dict_0003_0152" 9136
"/Engine/EngineMaterials/Substrate/Glints2/dict_0003_0153" 9137
"/Engine/EngineMaterials/Substrate/Glints2/dict_0003_0154" 9138
"/Engine/EngineMaterials/Substrate/Glints2/dict_0003_0155" 9139
"/Engine/EngineMaterials/Substrate/Glints2/dict_0003_0156" 9140
"/Engine/EngineMaterials/Substrate/Glints2/dict_0003_0157" 9141
"/Engine/EngineMaterials/Substrate/Glints2/dict_0003_0158" 9142
"/Engine/EngineMaterials/Substrate/Glints2/dict_0003_0159" 9143
"/Engine/EngineMaterials/Substrate/Glints2/dict_0003_0160" 9144
"/Engine/EngineMaterials/Substrate/Glints2/dict_0003_0161" 9145
"/Engine/EngineMaterials/Substrate/Glints2/dict_0003_0162" 9146
"/Engine/EngineMaterials/Substrate/Glints2/dict_0003_0131" 9147
"../../../Engine/Content/EngineMaterials/Substrate/Glints2/dict_0003_0127.uasset" 9148
"../../../Engine/Content/EngineMaterials/Substrate/Glints2/dict_0003_0126.uasset" 9149
"../../../Engine/Content/EngineMaterials/Substrate/Glints2/dict_0003_0128.uasset" 9150
"../../../Engine/Content/EngineMaterials/Substrate/Glints2/dict_0003_0130.uasset" 9151
"../../../Engine/Content/EngineMaterials/Substrate/Glints2/dict_0003_0129.uasset" 9152
"../../../Engine/Content/EngineMaterials/Substrate/Glints2/dict_0003_0124.uasset" 9153
"/Engine/EngineMaterials/Substrate/Glints2/dict_0003_0132" 9154
"../../../Engine/Content/EngineMaterials/Substrate/Glints2/dict_0003_0122.uasset" 9155
"../../../Engine/Content/EngineMaterials/Substrate/Glints2/dict_0003_0125.uasset" 9156
"../../../Engine/Content/EngineMaterials/Substrate/Glints2/dict_0003_0123.uasset" 9157
"../../../Engine/Content/EngineMaterials/Substrate/Glints2/dict_0003_0120.uasset" 9158
"../../../Engine/Content/EngineMaterials/Substrate/Glints2/dict_0003_0119.uasset" 9159
"../../../Engine/Content/EngineMaterials/Substrate/Glints2/dict_0003_0116.uasset" 9160
"../../../Engine/Content/EngineMaterials/Substrate/Glints2/dict_0003_0117.uasset" 9161
"../../../Engine/Content/EngineMaterials/Substrate/Glints2/dict_0003_0121.uasset" 9162
"/Engine/EngineMaterials/Substrate/Glints2/dict_0003_0133" 9163
"../../../Engine/Content/EngineMaterials/Substrate/Glints2/dict_0003_0118.uasset" 9164
"../../../Engine/Content/EngineMaterials/Substrate/Glints2/dict_0003_0115.uasset" 9165
"/Engine/EngineMaterials/Substrate/Glints2/dict_0003_0134" 9166
"/Engine/EngineMaterials/Substrate/Glints2/dict_0003_0135" 9167
"/Engine/EngineMaterials/Substrate/Glints2/dict_0003_0136" 9168
"/Engine/EngineMaterials/Substrate/Glints2/dict_0003_0137" 9169
"/Engine/EngineMaterials/Substrate/Glints2/dict_0003_0138" 9170
"/Engine/EngineMaterials/Substrate/Glints2/dict_0003_0139" 9171
"/Engine/EngineMaterials/Substrate/Glints2/dict_0003_0140" 9172
"/Engine/EngineMaterials/Substrate/Glints2/dict_0003_0141" 9173
"/Engine/EngineMaterials/Substrate/Glints2/dict_0003_0142" 9174
"/Engine/EngineMaterials/Substrate/Glints2/dict_0003_0143" 9175
"/Engine/EngineMaterials/Substrate/Glints2/dict_0003_0144" 9176
"/Engine/EngineMaterials/Substrate/Glints2/dict_0003_0145" 9177
"/Engine/EngineMaterials/Substrate/Glints2/dict_0003_0146" 9178
"/Engine/EngineMaterials/Substrate/Glints2/dict_0003_0115" 9179
"../../../Engine/Content/EngineMaterials/Substrate/Glints2/dict_0003_0114.uasset" 9180
"../../../Engine/Content/EngineMaterials/Substrate/Glints2/dict_0003_0109.uasset" 9181
"../../../Engine/Content/EngineMaterials/Substrate/Glints2/dict_0003_0107.uasset" 9182
"../../../Engine/Content/EngineMaterials/Substrate/Glints2/dict_0003_0106.uasset" 9183
"/Engine/EngineMaterials/Substrate/Glints2/dict_0003_0116" 9184
"../../../Engine/Content/EngineMaterials/Substrate/Glints2/dict_0003_0110.uasset" 9185
"../../../Engine/Content/EngineMaterials/Substrate/Glints2/dict_0003_0113.uasset" 9186
"../../../Engine/Content/EngineMaterials/Substrate/Glints2/dict_0003_0111.uasset" 9187
"../../../Engine/Content/EngineMaterials/Substrate/Glints2/dict_0003_0108.uasset" 9188
"../../../Engine/Content/EngineMaterials/Substrate/Glints2/dict_0003_0112.uasset" 9189
"/Engine/EngineMaterials/Substrate/Glints2/dict_0003_0117" 9190
"../../../Engine/Content/EngineMaterials/Substrate/Glints2/dict_0003_0102.uasset" 9191
"../../../Engine/Content/EngineMaterials/Substrate/Glints2/dict_0003_0103.uasset" 9192
"../../../Engine/Content/EngineMaterials/Substrate/Glints2/dict_0003_0104.uasset" 9193
"../../../Engine/Content/EngineMaterials/Substrate/Glints2/dict_0003_0105.uasset" 9194
"../../../Engine/Content/EngineMaterials/Substrate/Glints2/dict_0003_0101.uasset" 9195
"../../../Engine/Content/EngineMaterials/Substrate/Glints2/dict_0003_0100.uasset" 9196
"../../../Engine/Content/EngineMaterials/Substrate/Glints2/dict_0003_0099.uasset" 9197
"/Engine/EngineMaterials/Substrate/Glints2/dict_0003_0118" 9198
"/Engine/EngineMaterials/Substrate/Glints2/dict_0003_0119" 9199
"/Engine/EngineMaterials/Substrate/Glints2/dict_0003_0120" 9200
"/Engine/EngineMaterials/Substrate/Glints2/dict_0003_0121" 9201
"/Engine/EngineMaterials/Substrate/Glints2/dict_0003_0122" 9202
"/Engine/EngineMaterials/Substrate/Glints2/dict_0003_0123" 9203
"/Engine/EngineMaterials/Substrate/Glints2/dict_0003_0124" 9204
"/Engine/EngineMaterials/Substrate/Glints2/dict_0003_0125" 9205
"/Engine/EngineMaterials/Substrate/Glints2/dict_0003_0126" 9206
"/Engine/EngineMaterials/Substrate/Glints2/dict_0003_0127" 9207
"/Engine/EngineMaterials/Substrate/Glints2/dict_0003_0128" 9208
"/Engine/EngineMaterials/Substrate/Glints2/dict_0003_0129" 9209
"/Engine/EngineMaterials/Substrate/Glints2/dict_0003_0130" 9210
"/Engine/EngineMaterials/Substrate/Glints2/dict_0003_0099" 9211
"/Engine/EngineMaterials/Substrate/Glints2/dict_0003_0100" 9212
"../../../Engine/Content/EngineMaterials/Substrate/Glints2/dict_0003_0098.uasset" 9213
"../../../Engine/Content/EngineMaterials/Substrate/Glints2/dict_0003_0097.uasset" 9214
"../../../Engine/Content/EngineMaterials/Substrate/Glints2/dict_0003_0095.uasset" 9215
"../../../Engine/Content/EngineMaterials/Substrate/Glints2/dict_0003_0092.uasset" 9216
"../../../Engine/Content/EngineMaterials/Substrate/Glints2/dict_0003_0096.uasset" 9217
"/Engine/EngineMaterials/Substrate/Glints2/dict_0003_0101" 9218
"../../../Engine/Content/EngineMaterials/Substrate/Glints2/dict_0003_0090.uasset" 9219
"../../../Engine/Content/EngineMaterials/Substrate/Glints2/dict_0003_0094.uasset" 9220
"../../../Engine/Content/EngineMaterials/Substrate/Glints2/dict_0003_0093.uasset" 9221
"../../../Engine/Content/EngineMaterials/Substrate/Glints2/dict_0003_0089.uasset" 9222
"../../../Engine/Content/EngineMaterials/Substrate/Glints2/dict_0003_0088.uasset" 9223
"../../../Engine/Content/EngineMaterials/Substrate/Glints2/dict_0003_0087.uasset" 9224
"../../../Engine/Content/EngineMaterials/Substrate/Glints2/dict_0003_0091.uasset" 9225
"../../../Engine/Content/EngineMaterials/Substrate/Glints2/dict_0003_0085.uasset" 9226
"../../../Engine/Content/EngineMaterials/Substrate/Glints2/dict_0003_0086.uasset" 9227
"/Engine/EngineMaterials/Substrate/Glints2/dict_0003_0102" 9228
"../../../Engine/Content/EngineMaterials/Substrate/Glints2/dict_0003_0084.uasset" 9229
"../../../Engine/Content/EngineMaterials/Substrate/Glints2/dict_0003_0083.uasset" 9230
"/Engine/EngineMaterials/Substrate/Glints2/dict_0003_0103" 9231
"/Engine/EngineMaterials/Substrate/Glints2/dict_0003_0104" 9232
"/Engine/EngineMaterials/Substrate/Glints2/dict_0003_0105" 9233
"/Engine/EngineMaterials/Substrate/Glints2/dict_0003_0106" 9234
"/Engine/EngineMaterials/Substrate/Glints2/dict_0003_0107" 9235
"/Engine/EngineMaterials/Substrate/Glints2/dict_0003_0108" 9236
"/Engine/EngineMaterials/Substrate/Glints2/dict_0003_0109" 9237
"/Engine/EngineMaterials/Substrate/Glints2/dict_0003_0110" 9238
"/Engine/EngineMaterials/Substrate/Glints2/dict_0003_0111" 9239
"/Engine/EngineMaterials/Substrate/Glints2/dict_0003_0112" 9240
"/Engine/EngineMaterials/Substrate/Glints2/dict_0003_0113" 9241
"/Engine/EngineMaterials/Substrate/Glints2/dict_0003_0114" 9242
"/Engine/EngineMaterials/Substrate/Glints2/dict_0003_0083" 9243
"../../../Engine/Content/EngineMaterials/Substrate/Glints2/dict_0003_0080.uasset" 9244
"../../../Engine/Content/EngineMaterials/Substrate/Glints2/dict_0003_0075.uasset" 9245
"../../../Engine/Content/EngineMaterials/Substrate/Glints2/dict_0003_0078.uasset" 9246
"../../../Engine/Content/EngineMaterials/Substrate/Glints2/dict_0003_0081.uasset" 9247
"../../../Engine/Content/EngineMaterials/Substrate/Glints2/dict_0003_0079.uasset" 9248
"../../../Engine/Content/EngineMaterials/Substrate/Glints2/dict_0003_0082.uasset" 9249
"../../../Engine/Content/EngineMaterials/Substrate/Glints2/dict_0003_0077.uasset" 9250
"../../../Engine/Content/EngineMaterials/Substrate/Glints2/dict_0003_0074.uasset" 9251
"/Engine/EngineMaterials/Substrate/Glints2/dict_0003_0084" 9252
"../../../Engine/Content/EngineMaterials/Substrate/Glints2/dict_0003_0076.uasset" 9253
"../../../Engine/Content/EngineMaterials/Substrate/Glints2/dict_0003_0073.uasset" 9254
"../../../Engine/Content/EngineMaterials/Substrate/Glints2/dict_0003_0070.uasset" 9255
"../../../Engine/Content/EngineMaterials/Substrate/Glints2/dict_0003_0071.uasset" 9256
"../../../Engine/Content/EngineMaterials/Substrate/Glints2/dict_0003_0072.uasset" 9257
"../../../Engine/Content/EngineMaterials/Substrate/Glints2/dict_0003_0067.uasset" 9258
"../../../Engine/Content/EngineMaterials/Substrate/Glints2/dict_0003_0069.uasset" 9259
"../../../Engine/Content/EngineMaterials/Substrate/Glints2/dict_0003_0068.uasset" 9260
"/Engine/EngineMaterials/Substrate/Glints2/dict_0003_0085" 9261
"/Engine/EngineMaterials/Substrate/Glints2/dict_0003_0086" 9262
"/Engine/EngineMaterials/Substrate/Glints2/dict_0003_0087" 9263
"/Engine/EngineMaterials/Substrate/Glints2/dict_0003_0088" 9264
"/Engine/EngineMaterials/Substrate/Glints2/dict_0003_0089" 9265
"/Engine/EngineMaterials/Substrate/Glints2/dict_0003_0090" 9266
"/Engine/EngineMaterials/Substrate/Glints2/dict_0003_0091" 9267
"/Engine/EngineMaterials/Substrate/Glints2/dict_0003_0092" 9268
"/Engine/EngineMaterials/Substrate/Glints2/dict_0003_0093" 9269
"/Engine/EngineMaterials/Substrate/Glints2/dict_0003_0094" 9270
"/Engine/EngineMaterials/Substrate/Glints2/dict_0003_0095" 9271
"/Engine/EngineMaterials/Substrate/Glints2/dict_0003_0096" 9272
"/Engine/EngineMaterials/Substrate/Glints2/dict_0003_0097" 9273
"/Engine/EngineMaterials/Substrate/Glints2/dict_0003_0098" 9274
"/Engine/EngineMaterials/Substrate/Glints2/dict_0003_0067" 9275
"../../../Engine/Content/EngineMaterials/Substrate/Glints2/dict_0003_0062.uasset" 9276
"../../../Engine/Content/EngineMaterials/Substrate/Glints2/dict_0003_0066.uasset" 9277
"../../../Engine/Content/EngineMaterials/Substrate/Glints2/dict_0003_0060.uasset" 9278
"../../../Engine/Content/EngineMaterials/Substrate/Glints2/dict_0003_0064.uasset" 9279
"../../../Engine/Content/EngineMaterials/Substrate/Glints2/dict_0003_0061.uasset" 9280
"../../../Engine/Content/EngineMaterials/Substrate/Glints2/dict_0003_0065.uasset" 9281
"../../../Engine/Content/EngineMaterials/Substrate/Glints2/dict_0003_0059.uasset" 9282
"/Engine/EngineMaterials/Substrate/Glints2/dict_0003_0068" 9283
"../../../Engine/Content/EngineMaterials/Substrate/Glints2/dict_0003_0058.uasset" 9284
"../../../Engine/Content/EngineMaterials/Substrate/Glints2/dict_0003_0063.uasset" 9285
"../../../Engine/Content/EngineMaterials/Substrate/Glints2/dict_0003_0057.uasset" 9286
"../../../Engine/Content/EngineMaterials/Substrate/Glints2/dict_0003_0055.uasset" 9287
"/Engine/EngineMaterials/Substrate/Glints2/dict_0003_0069" 9288
"../../../Engine/Content/EngineMaterials/Substrate/Glints2/dict_0003_0053.uasset" 9289
"../../../Engine/Content/EngineMaterials/Substrate/Glints2/dict_0003_0054.uasset" 9290
"../../../Engine/Content/EngineMaterials/Substrate/Glints2/dict_0003_0056.uasset" 9291
"../../../Engine/Content/EngineMaterials/Substrate/Glints2/dict_0003_0052.uasset" 9292
"../../../Engine/Content/EngineMaterials/Substrate/Glints2/dict_0003_0051.uasset" 9293
"/Engine/EngineMaterials/Substrate/Glints2/dict_0003_0070" 9294
"/Engine/EngineMaterials/Substrate/Glints2/dict_0003_0071" 9295
"/Engine/EngineMaterials/Substrate/Glints2/dict_0003_0072" 9296
"/Engine/EngineMaterials/Substrate/Glints2/dict_0003_0073" 9297
"/Engine/EngineMaterials/Substrate/Glints2/dict_0003_0074" 9298
"/Engine/EngineMaterials/Substrate/Glints2/dict_0003_0075" 9299
"/Engine/EngineMaterials/Substrate/Glints2/dict_0003_0076" 9300
"/Engine/EngineMaterials/Substrate/Glints2/dict_0003_0077" 9301
"/Engine/EngineMaterials/Substrate/Glints2/dict_0003_0078" 9302
"/Engine/EngineMaterials/Substrate/Glints2/dict_0003_0079" 9303
"/Engine/EngineMaterials/Substrate/Glints2/dict_0003_0080" 9304
"/Engine/EngineMaterials/Substrate/Glints2/dict_0003_0081" 9305
"/Engine/EngineMaterials/Substrate/Glints2/dict_0003_0082" 9306
"/Engine/EngineMaterials/Substrate/Glints2/dict_0003_0051" 9307
"../../../Engine/Content/EngineMaterials/Substrate/Glints2/dict_0003_0047.uasset" 9308
"../../../Engine/Content/EngineMaterials/Substrate/Glints2/dict_0003_0048.uasset" 9309
"../../../Engine/Content/EngineMaterials/Substrate/Glints2/dict_0003_0043.uasset" 9310
"../../../Engine/Content/EngineMaterials/Substrate/Glints2/dict_0003_0044.uasset" 9311
"../../../Engine/Content/EngineMaterials/Substrate/Glints2/dict_0003_0045.uasset" 9312
"/Engine/EngineMaterials/Substrate/Glints2/dict_0003_0052" 9313
"../../../Engine/Content/EngineMaterials/Substrate/Glints2/dict_0003_0042.uasset" 9314
"../../../Engine/Content/EngineMaterials/Substrate/Glints2/dict_0003_0049.uasset" 9315
"../../../Engine/Content/EngineMaterials/Substrate/Glints2/dict_0003_0050.uasset" 9316
"../../../Engine/Content/EngineMaterials/Substrate/Glints2/dict_0003_0046.uasset" 9317
"../../../Engine/Content/EngineMaterials/Substrate/Glints2/dict_0003_0041.uasset" 9318
"/Engine/EngineMaterials/Substrate/Glints2/dict_0003_0053" 9319
"../../../Engine/Content/EngineMaterials/Substrate/Glints2/dict_0003_0040.uasset" 9320
"../../../Engine/Content/EngineMaterials/Substrate/Glints2/dict_0003_0037.uasset" 9321
"../../../Engine/Content/EngineMaterials/Substrate/Glints2/dict_0003_0038.uasset" 9322
"../../../Engine/Content/EngineMaterials/Substrate/Glints2/dict_0003_0039.uasset" 9323
"../../../Engine/Content/EngineMaterials/Substrate/Glints2/dict_0003_0036.uasset" 9324
"../../../Engine/Content/EngineMaterials/Substrate/Glints2/dict_0003_0035.uasset" 9325
"/Engine/EngineMaterials/Substrate/Glints2/dict_0003_0054" 9326
"/Engine/EngineMaterials/Substrate/Glints2/dict_0003_0055" 9327
"/Engine/EngineMaterials/Substrate/Glints2/dict_0003_0056" 9328
"/Engine/EngineMaterials/Substrate/Glints2/dict_0003_0057" 9329
"/Engine/EngineMaterials/Substrate/Glints2/dict_0003_0058" 9330
"/Engine/EngineMaterials/Substrate/Glints2/dict_0003_0059" 9331
"/Engine/EngineMaterials/Substrate/Glints2/dict_0003_0060" 9332
"/Engine/EngineMaterials/Substrate/Glints2/dict_0003_0061" 9333
"/Engine/EngineMaterials/Substrate/Glints2/dict_0003_0062" 9334
"/Engine/EngineMaterials/Substrate/Glints2/dict_0003_0063" 9335
"/Engine/EngineMaterials/Substrate/Glints2/dict_0003_0064" 9336
"/Engine/EngineMaterials/Substrate/Glints2/dict_0003_0065" 9337
"/Engine/EngineMaterials/Substrate/Glints2/dict_0003_0066" 9338
"/Engine/EngineMaterials/Substrate/Glints2/dict_0003_0035" 9339
"../../../Engine/Content/EngineMaterials/Substrate/Glints2/dict_0003_0032.uasset" 9340
"../../../Engine/Content/EngineMaterials/Substrate/Glints2/dict_0003_0027.uasset" 9341
"../../../Engine/Content/EngineMaterials/Substrate/Glints2/dict_0003_0029.uasset" 9342
"../../../Engine/Content/EngineMaterials/Substrate/Glints2/dict_0003_0030.uasset" 9343
"../../../Engine/Content/EngineMaterials/Substrate/Glints2/dict_0003_0028.uasset" 9344
"/Engine/EngineMaterials/Substrate/Glints2/dict_0003_0036" 9345
"../../../Engine/Content/EngineMaterials/Substrate/Glints2/dict_0003_0026.uasset" 9346
"../../../Engine/Content/EngineMaterials/Substrate/Glints2/dict_0003_0034.uasset" 9347
"../../../Engine/Content/EngineMaterials/Substrate/Glints2/dict_0003_0031.uasset" 9348
"../../../Engine/Content/EngineMaterials/Substrate/Glints2/dict_0003_0033.uasset" 9349
"/Engine/EngineMaterials/Substrate/Glints2/dict_0003_0037" 9350
"../../../Engine/Content/EngineMaterials/Substrate/Glints2/dict_0003_0022.uasset" 9351
"../../../Engine/Content/EngineMaterials/Substrate/Glints2/dict_0003_0024.uasset" 9352
"../../../Engine/Content/EngineMaterials/Substrate/Glints2/dict_0003_0025.uasset" 9353
"../../../Engine/Content/EngineMaterials/Substrate/Glints2/dict_0003_0023.uasset" 9354
"../../../Engine/Content/EngineMaterials/Substrate/Glints2/dict_0003_0020.uasset" 9355
"../../../Engine/Content/EngineMaterials/Substrate/Glints2/dict_0003_0021.uasset" 9356
"../../../Engine/Content/EngineMaterials/Substrate/Glints2/dict_0003_0019.uasset" 9357
"/Engine/EngineMaterials/Substrate/Glints2/dict_0003_0038" 9358
"/Engine/EngineMaterials/Substrate/Glints2/dict_0003_0039" 9359
"/Engine/EngineMaterials/Substrate/Glints2/dict_0003_0040" 9360
"/Engine/EngineMaterials/Substrate/Glints2/dict_0003_0041" 9361
"/Engine/EngineMaterials/Substrate/Glints2/dict_0003_0042" 9362
"/Engine/EngineMaterials/Substrate/Glints2/dict_0003_0043" 9363
"/Engine/EngineMaterials/Substrate/Glints2/dict_0003_0044" 9364
"/Engine/EngineMaterials/Substrate/Glints2/dict_0003_0045" 9365
"/Engine/EngineMaterials/Substrate/Glints2/dict_0003_0046" 9366
"/Engine/EngineMaterials/Substrate/Glints2/dict_0003_0047" 9367
"/Engine/EngineMaterials/Substrate/Glints2/dict_0003_0048" 9368
"/Engine/EngineMaterials/Substrate/Glints2/dict_0003_0049" 9369
"/Engine/EngineMaterials/Substrate/Glints2/dict_0003_0050" 9370
"/Engine/EngineMaterials/Substrate/Glints2/dict_0003_0019" 9371
"../../../Engine/Content/EngineMaterials/Substrate/Glints2/dict_0003_0014.uasset" 9372
"../../../Engine/Content/EngineMaterials/Substrate/Glints2/dict_0003_0011.uasset" 9373
"../../../Engine/Content/EngineMaterials/Substrate/Glints2/dict_0003_0015.uasset" 9374
"../../../Engine/Content/EngineMaterials/Substrate/Glints2/dict_0003_0016.uasset" 9375
"../../../Engine/Content/EngineMaterials/Substrate/Glints2/dict_0003_0010.uasset" 9376
"../../../Engine/Content/EngineMaterials/Substrate/Glints2/dict_0003_0018.uasset" 9377
"../../../Engine/Content/EngineMaterials/Substrate/Glints2/dict_0003_0017.uasset" 9378
"../../../Engine/Content/EngineMaterials/Substrate/Glints2/dict_0003_0009.uasset" 9379
"../../../Engine/Content/EngineMaterials/Substrate/Glints2/dict_0003_0013.uasset" 9380
"../../../Engine/Content/EngineMaterials/Substrate/Glints2/dict_0003_0012.uasset" 9381
"/Engine/EngineMaterials/Substrate/Glints2/dict_0003_0020" 9382
"../../../Engine/Content/EngineMaterials/Substrate/Glints2/dict_0003_0007.uasset" 9383
"../../../Engine/Content/EngineMaterials/Substrate/Glints2/dict_0003_0008.uasset" 9384
"../../../Engine/Content/EngineMaterials/Substrate/Glints2/dict_0003_0005.uasset" 9385
"../../../Engine/Content/EngineMaterials/Substrate/Glints2/dict_0003_0006.uasset" 9386
"/Engine/EngineMaterials/Substrate/Glints2/dict_0003_0021" 9387
"../../../Engine/Content/EngineMaterials/Substrate/Glints2/dict_0003_0004.uasset" 9388
"../../../Engine/Content/EngineMaterials/Substrate/Glints2/dict_0003_0003.uasset" 9389
"/Engine/EngineMaterials/Substrate/Glints2/dict_0003_0022" 9390
"/Engine/EngineMaterials/Substrate/Glints2/dict_0003_0023" 9391
"/Engine/EngineMaterials/Substrate/Glints2/dict_0003_0024" 9392
"/Engine/EngineMaterials/Substrate/Glints2/dict_0003_0025" 9393
"/Engine/EngineMaterials/Substrate/Glints2/dict_0003_0026" 9394
"/Engine/EngineMaterials/Substrate/Glints2/dict_0003_0027" 9395
"/Engine/EngineMaterials/Substrate/Glints2/dict_0003_0028" 9396
"/Engine/EngineMaterials/Substrate/Glints2/dict_0003_0029" 9397
"/Engine/EngineMaterials/Substrate/Glints2/dict_0003_0030" 9398
"/Engine/EngineMaterials/Substrate/Glints2/dict_0003_0031" 9399
"/Engine/EngineMaterials/Substrate/Glints2/dict_0003_0032" 9400
"/Engine/EngineMaterials/Substrate/Glints2/dict_0003_0033" 9401
"/Engine/EngineMaterials/Substrate/Glints2/dict_0003_0034" 9402
"/Engine/EngineMaterials/Substrate/Glints2/dict_0003_0003" 9403
"../../../Engine/Content/EngineMaterials/Substrate/Glints2/dict_0002_0255.uasset" 9404
"../../../Engine/Content/EngineMaterials/Substrate/Glints2/dict_0002_0250.uasset" 9405
"../../../Engine/Content/EngineMaterials/Substrate/Glints2/dict_0002_0253.uasset" 9406
"../../../Engine/Content/EngineMaterials/Substrate/Glints2/dict_0002_0252.uasset" 9407
"../../../Engine/Content/EngineMaterials/Substrate/Glints2/dict_0003_0000.uasset" 9408
"../../../Engine/Content/EngineMaterials/Substrate/Glints2/dict_0002_0254.uasset" 9409
"/Engine/EngineMaterials/Substrate/Glints2/dict_0003_0004" 9410
"../../../Engine/Content/EngineMaterials/Substrate/Glints2/dict_0002_0251.uasset" 9411
"../../../Engine/Content/EngineMaterials/Substrate/Glints2/dict_0003_0002.uasset" 9412
"../../../Engine/Content/EngineMaterials/Substrate/Glints2/dict_0003_0001.uasset" 9413
"../../../Engine/Content/EngineMaterials/Substrate/Glints2/dict_0002_0249.uasset" 9414
"/Engine/EngineMaterials/Substrate/Glints2/dict_0003_0005" 9415
"../../../Engine/Content/EngineMaterials/Substrate/Glints2/dict_0002_0246.uasset" 9416
"../../../Engine/Content/EngineMaterials/Substrate/Glints2/dict_0002_0248.uasset" 9417
"../../../Engine/Content/EngineMaterials/Substrate/Glints2/dict_0002_0244.uasset" 9418
"../../../Engine/Content/EngineMaterials/Substrate/Glints2/dict_0002_0245.uasset" 9419
"../../../Engine/Content/EngineMaterials/Substrate/Glints2/dict_0002_0243.uasset" 9420
"../../../Engine/Content/EngineMaterials/Substrate/Glints2/dict_0002_0247.uasset" 9421
"/Engine/EngineMaterials/Substrate/Glints2/dict_0003_0006" 9422
"/Engine/EngineMaterials/Substrate/Glints2/dict_0003_0007" 9423
"/Engine/EngineMaterials/Substrate/Glints2/dict_0003_0008" 9424
"/Engine/EngineMaterials/Substrate/Glints2/dict_0003_0009" 9425
"/Engine/EngineMaterials/Substrate/Glints2/dict_0003_0010" 9426
"/Engine/EngineMaterials/Substrate/Glints2/dict_0003_0011" 9427
"/Engine/EngineMaterials/Substrate/Glints2/dict_0003_0012" 9428
"/Engine/EngineMaterials/Substrate/Glints2/dict_0003_0013" 9429
"/Engine/EngineMaterials/Substrate/Glints2/dict_0003_0014" 9430
"/Engine/EngineMaterials/Substrate/Glints2/dict_0003_0015" 9431
"/Engine/EngineMaterials/Substrate/Glints2/dict_0003_0016" 9432
"/Engine/EngineMaterials/Substrate/Glints2/dict_0003_0017" 9433
"/Engine/EngineMaterials/Substrate/Glints2/dict_0003_0018" 9434
"/Engine/EngineMaterials/Substrate/Glints2/dict_0002_0243" 9435
"../../../Engine/Content/EngineMaterials/Substrate/Glints2/dict_0002_0239.uasset" 9436
"../../../Engine/Content/EngineMaterials/Substrate/Glints2/dict_0002_0237.uasset" 9437
"../../../Engine/Content/EngineMaterials/Substrate/Glints2/dict_0002_0234.uasset" 9438
"../../../Engine/Content/EngineMaterials/Substrate/Glints2/dict_0002_0242.uasset" 9439
"../../../Engine/Content/EngineMaterials/Substrate/Glints2/dict_0002_0240.uasset" 9440
"/Engine/EngineMaterials/Substrate/Glints2/dict_0002_0244" 9441
"../../../Engine/Content/EngineMaterials/Substrate/Glints2/dict_0002_0238.uasset" 9442
"../../../Engine/Content/EngineMaterials/Substrate/Glints2/dict_0002_0241.uasset" 9443
"../../../Engine/Content/EngineMaterials/Substrate/Glints2/dict_0002_0236.uasset" 9444
"../../../Engine/Content/EngineMaterials/Substrate/Glints2/dict_0002_0235.uasset" 9445
"../../../Engine/Content/EngineMaterials/Substrate/Glints2/dict_0002_0233.uasset" 9446
"/Engine/EngineMaterials/Substrate/Glints2/dict_0002_0245" 9447
"../../../Engine/Content/EngineMaterials/Substrate/Glints2/dict_0002_0232.uasset" 9448
"../../../Engine/Content/EngineMaterials/Substrate/Glints2/dict_0002_0227.uasset" 9449
"../../../Engine/Content/EngineMaterials/Substrate/Glints2/dict_0002_0229.uasset" 9450
"../../../Engine/Content/EngineMaterials/Substrate/Glints2/dict_0002_0230.uasset" 9451
"../../../Engine/Content/EngineMaterials/Substrate/Glints2/dict_0002_0231.uasset" 9452
"../../../Engine/Content/EngineMaterials/Substrate/Glints2/dict_0002_0228.uasset" 9453
"/Engine/EngineMaterials/Substrate/Glints2/dict_0002_0246" 9454
"/Engine/EngineMaterials/Substrate/Glints2/dict_0002_0247" 9455
"/Engine/EngineMaterials/Substrate/Glints2/dict_0002_0248" 9456
"/Engine/EngineMaterials/Substrate/Glints2/dict_0002_0249" 9457
"/Engine/EngineMaterials/Substrate/Glints2/dict_0002_0250" 9458
"/Engine/EngineMaterials/Substrate/Glints2/dict_0002_0251" 9459
"/Engine/EngineMaterials/Substrate/Glints2/dict_0002_0252" 9460
"/Engine/EngineMaterials/Substrate/Glints2/dict_0002_0253" 9461
"/Engine/EngineMaterials/Substrate/Glints2/dict_0002_0254" 9462
"/Engine/EngineMaterials/Substrate/Glints2/dict_0002_0255" 9463
"/Engine/EngineMaterials/Substrate/Glints2/dict_0003_0000" 9464
"/Engine/EngineMaterials/Substrate/Glints2/dict_0003_0001" 9465
"/Engine/EngineMaterials/Substrate/Glints2/dict_0003_0002" 9466
"/Engine/EngineMaterials/Substrate/Glints2/dict_0002_0227" 9467
"../../../Engine/Content/EngineMaterials/Substrate/Glints2/dict_0002_0224.uasset" 9468
"../../../Engine/Content/EngineMaterials/Substrate/Glints2/dict_0002_0220.uasset" 9469
"../../../Engine/Content/EngineMaterials/Substrate/Glints2/dict_0002_0218.uasset" 9470
"../../../Engine/Content/EngineMaterials/Substrate/Glints2/dict_0002_0219.uasset" 9471
"../../../Engine/Content/EngineMaterials/Substrate/Glints2/dict_0002_0222.uasset" 9472
"../../../Engine/Content/EngineMaterials/Substrate/Glints2/dict_0002_0226.uasset" 9473
"/Engine/EngineMaterials/Substrate/Glints2/dict_0002_0228" 9474
"../../../Engine/Content/EngineMaterials/Substrate/Glints2/dict_0002_0221.uasset" 9475
"../../../Engine/Content/EngineMaterials/Substrate/Glints2/dict_0002_0223.uasset" 9476
"../../../Engine/Content/EngineMaterials/Substrate/Glints2/dict_0002_0225.uasset" 9477
"/Engine/EngineMaterials/Substrate/Glints2/dict_0002_0229" 9478
"../../../Engine/Content/EngineMaterials/Substrate/Glints2/dict_0002_0215.uasset" 9479
"../../../Engine/Content/EngineMaterials/Substrate/Glints2/dict_0002_0217.uasset" 9480
"../../../Engine/Content/EngineMaterials/Substrate/Glints2/dict_0002_0213.uasset" 9481
"../../../Engine/Content/EngineMaterials/Substrate/Glints2/dict_0002_0211.uasset" 9482
"../../../Engine/Content/EngineMaterials/Substrate/Glints2/dict_0002_0214.uasset" 9483
"../../../Engine/Content/EngineMaterials/Substrate/Glints2/dict_0002_0216.uasset" 9484
"../../../Engine/Content/EngineMaterials/Substrate/Glints2/dict_0002_0212.uasset" 9485
"/Engine/EngineMaterials/Substrate/Glints2/dict_0002_0230" 9486
"/Engine/EngineMaterials/Substrate/Glints2/dict_0002_0231" 9487
"/Engine/EngineMaterials/Substrate/Glints2/dict_0002_0232" 9488
"/Engine/EngineMaterials/Substrate/Glints2/dict_0002_0233" 9489
"/Engine/EngineMaterials/Substrate/Glints2/dict_0002_0234" 9490
"/Engine/EngineMaterials/Substrate/Glints2/dict_0002_0235" 9491
"/Engine/EngineMaterials/Substrate/Glints2/dict_0002_0236" 9492
"/Engine/EngineMaterials/Substrate/Glints2/dict_0002_0237" 9493
"/Engine/EngineMaterials/Substrate/Glints2/dict_0002_0238" 9494
"/Engine/EngineMaterials/Substrate/Glints2/dict_0002_0239" 9495
"/Engine/EngineMaterials/Substrate/Glints2/dict_0002_0240" 9496
"/Engine/EngineMaterials/Substrate/Glints2/dict_0002_0241" 9497
"/Engine/EngineMaterials/Substrate/Glints2/dict_0002_0242" 9498
"/Engine/EngineMaterials/Substrate/Glints2/dict_0002_0211" 9499
"../../../Engine/Content/EngineMaterials/Substrate/Glints2/dict_0002_0203.uasset" 9500
"/Engine/EngineMaterials/Substrate/Glints2/dict_0002_0212" 9501
"../../../Engine/Content/EngineMaterials/Substrate/Glints2/dict_0002_0207.uasset" 9502
"../../../Engine/Content/EngineMaterials/Substrate/Glints2/dict_0002_0209.uasset" 9503
"../../../Engine/Content/EngineMaterials/Substrate/Glints2/dict_0002_0202.uasset" 9504
"../../../Engine/Content/EngineMaterials/Substrate/Glints2/dict_0002_0208.uasset" 9505
"../../../Engine/Content/EngineMaterials/Substrate/Glints2/dict_0002_0204.uasset" 9506
"../../../Engine/Content/EngineMaterials/Substrate/Glints2/dict_0002_0206.uasset" 9507
"../../../Engine/Content/EngineMaterials/Substrate/Glints2/dict_0002_0205.uasset" 9508
"../../../Engine/Content/EngineMaterials/Substrate/Glints2/dict_0002_0210.uasset" 9509
"/Engine/EngineMaterials/Substrate/Glints2/dict_0002_0213" 9510
"../../../Engine/Content/EngineMaterials/Substrate/Glints2/dict_0002_0201.uasset" 9511
"../../../Engine/Content/EngineMaterials/Substrate/Glints2/dict_0002_0199.uasset" 9512
"../../../Engine/Content/EngineMaterials/Substrate/Glints2/dict_0002_0200.uasset" 9513
"../../../Engine/Content/EngineMaterials/Substrate/Glints2/dict_0002_0195.uasset" 9514
"../../../Engine/Content/EngineMaterials/Substrate/Glints2/dict_0002_0196.uasset" 9515
"/Engine/EngineMaterials/Substrate/Glints2/dict_0002_0214" 9516
"../../../Engine/Content/EngineMaterials/Substrate/Glints2/dict_0002_0198.uasset" 9517
"../../../Engine/Content/EngineMaterials/Substrate/Glints2/dict_0002_0197.uasset" 9518
"/Engine/EngineMaterials/Substrate/Glints2/dict_0002_0215" 9519
"/Engine/EngineMaterials/Substrate/Glints2/dict_0002_0216" 9520
"/Engine/EngineMaterials/Substrate/Glints2/dict_0002_0217" 9521
"/Engine/EngineMaterials/Substrate/Glints2/dict_0002_0218" 9522
"/Engine/EngineMaterials/Substrate/Glints2/dict_0002_0219" 9523
"/Engine/EngineMaterials/Substrate/Glints2/dict_0002_0220" 9524
"/Engine/EngineMaterials/Substrate/Glints2/dict_0002_0221" 9525
"/Engine/EngineMaterials/Substrate/Glints2/dict_0002_0222" 9526
"/Engine/EngineMaterials/Substrate/Glints2/dict_0002_0223" 9527
"/Engine/EngineMaterials/Substrate/Glints2/dict_0002_0224" 9528
"/Engine/EngineMaterials/Substrate/Glints2/dict_0002_0225" 9529
"/Engine/EngineMaterials/Substrate/Glints2/dict_0002_0226" 9530
"/Engine/EngineMaterials/Substrate/Glints2/dict_0002_0195" 9531
"../../../Engine/Content/EngineMaterials/Substrate/Glints2/dict_0002_0192.uasset" 9532
"../../../Engine/Content/EngineMaterials/Substrate/Glints2/dict_0002_0191.uasset" 9533
"../../../Engine/Content/EngineMaterials/Substrate/Glints2/dict_0002_0189.uasset" 9534
"../../../Engine/Content/EngineMaterials/Substrate/Glints2/dict_0002_0186.uasset" 9535
"../../../Engine/Content/EngineMaterials/Substrate/Glints2/dict_0002_0185.uasset" 9536
"../../../Engine/Content/EngineMaterials/Substrate/Glints2/dict_0002_0190.uasset" 9537
"../../../Engine/Content/EngineMaterials/Substrate/Glints2/dict_0002_0194.uasset" 9538
"../../../Engine/Content/EngineMaterials/Substrate/Glints2/dict_0002_0193.uasset" 9539
"/Engine/EngineMaterials/Substrate/Glints2/dict_0002_0196" 9540
"../../../Engine/Content/EngineMaterials/Substrate/Glints2/dict_0002_0188.uasset" 9541
"../../../Engine/Content/EngineMaterials/Substrate/Glints2/dict_0002_0187.uasset" 9542
"../../../Engine/Content/EngineMaterials/Substrate/Glints2/dict_0002_0182.uasset" 9543
"../../../Engine/Content/EngineMaterials/Substrate/Glints2/dict_0002_0184.uasset" 9544
"../../../Engine/Content/EngineMaterials/Substrate/Glints2/dict_0002_0183.uasset" 9545
"../../../Engine/Content/EngineMaterials/Substrate/Glints2/dict_0002_0179.uasset" 9546
"../../../Engine/Content/EngineMaterials/Substrate/Glints2/dict_0002_0180.uasset" 9547
"../../../Engine/Content/EngineMaterials/Substrate/Glints2/dict_0002_0181.uasset" 9548
"/Engine/EngineMaterials/Substrate/Glints2/dict_0002_0197" 9549
"/Engine/EngineMaterials/Substrate/Glints2/dict_0002_0198" 9550
"/Engine/EngineMaterials/Substrate/Glints2/dict_0002_0199" 9551
"/Engine/EngineMaterials/Substrate/Glints2/dict_0002_0200" 9552
"/Engine/EngineMaterials/Substrate/Glints2/dict_0002_0201" 9553
"/Engine/EngineMaterials/Substrate/Glints2/dict_0002_0202" 9554
"/Engine/EngineMaterials/Substrate/Glints2/dict_0002_0203" 9555
"/Engine/EngineMaterials/Substrate/Glints2/dict_0002_0204" 9556
"/Engine/EngineMaterials/Substrate/Glints2/dict_0002_0205" 9557
"/Engine/EngineMaterials/Substrate/Glints2/dict_0002_0206" 9558
"/Engine/EngineMaterials/Substrate/Glints2/dict_0002_0207" 9559
"/Engine/EngineMaterials/Substrate/Glints2/dict_0002_0208" 9560
"/Engine/EngineMaterials/Substrate/Glints2/dict_0002_0209" 9561
"/Engine/EngineMaterials/Substrate/Glints2/dict_0002_0210" 9562
"/Engine/EngineMaterials/Substrate/Glints2/dict_0002_0179" 9563
"../../../Engine/Content/EngineMaterials/Substrate/Glints2/dict_0002_0177.uasset" 9564
"../../../Engine/Content/EngineMaterials/Substrate/Glints2/dict_0002_0176.uasset" 9565
"../../../Engine/Content/EngineMaterials/Substrate/Glints2/dict_0002_0175.uasset" 9566
"../../../Engine/Content/EngineMaterials/Substrate/Glints2/dict_0002_0172.uasset" 9567
"../../../Engine/Content/EngineMaterials/Substrate/Glints2/dict_0002_0170.uasset" 9568
"../../../Engine/Content/EngineMaterials/Substrate/Glints2/dict_0002_0174.uasset" 9569
"/Engine/EngineMaterials/Substrate/Glints2/dict_0002_0180" 9570
"../../../Engine/Content/EngineMaterials/Substrate/Glints2/dict_0002_0178.uasset" 9571
"../../../Engine/Content/EngineMaterials/Substrate/Glints2/dict_0002_0173.uasset" 9572
"../../../Engine/Content/EngineMaterials/Substrate/Glints2/dict_0002_0171.uasset" 9573
"../../../Engine/Content/EngineMaterials/Substrate/Glints2/dict_0002_0169.uasset" 9574
"../../../Engine/Content/EngineMaterials/Substrate/Glints2/dict_0002_0168.uasset" 9575
"/Engine/EngineMaterials/Substrate/Glints2/dict_0002_0181" 9576
"../../../Engine/Content/EngineMaterials/Substrate/Glints2/dict_0002_0165.uasset" 9577
"../../../Engine/Content/EngineMaterials/Substrate/Glints2/dict_0002_0167.uasset" 9578
"../../../Engine/Content/EngineMaterials/Substrate/Glints2/dict_0002_0166.uasset" 9579
"../../../Engine/Content/EngineMaterials/Substrate/Glints2/dict_0002_0164.uasset" 9580
"../../../Engine/Content/EngineMaterials/Substrate/Glints2/dict_0002_0163.uasset" 9581
"/Engine/EngineMaterials/Substrate/Glints2/dict_0002_0182" 9582
"/Engine/EngineMaterials/Substrate/Glints2/dict_0002_0183" 9583
"/Engine/EngineMaterials/Substrate/Glints2/dict_0002_0184" 9584
"/Engine/EngineMaterials/Substrate/Glints2/dict_0002_0185" 9585
"/Engine/EngineMaterials/Substrate/Glints2/dict_0002_0186" 9586
"/Engine/EngineMaterials/Substrate/Glints2/dict_0002_0187" 9587
"/Engine/EngineMaterials/Substrate/Glints2/dict_0002_0188" 9588
"/Engine/EngineMaterials/Substrate/Glints2/dict_0002_0189" 9589
"/Engine/EngineMaterials/Substrate/Glints2/dict_0002_0190" 9590
"/Engine/EngineMaterials/Substrate/Glints2/dict_0002_0191" 9591
"/Engine/EngineMaterials/Substrate/Glints2/dict_0002_0192" 9592
"/Engine/EngineMaterials/Substrate/Glints2/dict_0002_0193" 9593
"/Engine/EngineMaterials/Substrate/Glints2/dict_0002_0194" 9594
"/Engine/EngineMaterials/Substrate/Glints2/dict_0002_0163" 9595
"../../../Engine/Content/EngineMaterials/Substrate/Glints2/dict_0002_0158.uasset" 9596
"../../../Engine/Content/EngineMaterials/Substrate/Glints2/dict_0002_0160.uasset" 9597
"../../../Engine/Content/EngineMaterials/Substrate/Glints2/dict_0002_0162.uasset" 9598
"../../../Engine/Content/EngineMaterials/Substrate/Glints2/dict_0002_0161.uasset" 9599
"/Engine/EngineMaterials/Substrate/Glints2/dict_0002_0164" 9600
"../../../Engine/Content/EngineMaterials/Substrate/Glints2/dict_0002_0159.uasset" 9601
"../../../Engine/Content/EngineMaterials/Substrate/Glints2/dict_0002_0156.uasset" 9602
"../../../Engine/Content/EngineMaterials/Substrate/Glints2/dict_0002_0154.uasset" 9603
"../../../Engine/Content/EngineMaterials/Substrate/Glints2/dict_0002_0157.uasset" 9604
"../../../Engine/Content/EngineMaterials/Substrate/Glints2/dict_0002_0155.uasset" 9605
"/Engine/EngineMaterials/Substrate/Glints2/dict_0002_0165" 9606
"../../../Engine/Content/EngineMaterials/Substrate/Glints2/dict_0002_0152.uasset" 9607
"../../../Engine/Content/EngineMaterials/Substrate/Glints2/dict_0002_0150.uasset" 9608
"../../../Engine/Content/EngineMaterials/Substrate/Glints2/dict_0002_0153.uasset" 9609
"../../../Engine/Content/EngineMaterials/Substrate/Glints2/dict_0002_0149.uasset" 9610
"../../../Engine/Content/EngineMaterials/Substrate/Glints2/dict_0002_0148.uasset" 9611
"../../../Engine/Content/EngineMaterials/Substrate/Glints2/dict_0002_0151.uasset" 9612
"../../../Engine/Content/EngineMaterials/Substrate/Glints2/dict_0002_0147.uasset" 9613
"/Engine/EngineMaterials/Substrate/Glints2/dict_0002_0166" 9614
"/Engine/EngineMaterials/Substrate/Glints2/dict_0002_0167" 9615
"/Engine/EngineMaterials/Substrate/Glints2/dict_0002_0168" 9616
"/Engine/EngineMaterials/Substrate/Glints2/dict_0002_0169" 9617
"/Engine/EngineMaterials/Substrate/Glints2/dict_0002_0170" 9618
"/Engine/EngineMaterials/Substrate/Glints2/dict_0002_0171" 9619
"/Engine/EngineMaterials/Substrate/Glints2/dict_0002_0172" 9620
"/Engine/EngineMaterials/Substrate/Glints2/dict_0002_0173" 9621
"/Engine/EngineMaterials/Substrate/Glints2/dict_0002_0174" 9622
"/Engine/EngineMaterials/Substrate/Glints2/dict_0002_0175" 9623
"/Engine/EngineMaterials/Substrate/Glints2/dict_0002_0176" 9624
"/Engine/EngineMaterials/Substrate/Glints2/dict_0002_0177" 9625
"/Engine/EngineMaterials/Substrate/Glints2/dict_0002_0178" 9626
"/Engine/EngineMaterials/Substrate/Glints2/dict_0002_0147" 9627
"../../../Engine/Content/EngineMaterials/Substrate/Glints2/dict_0002_0139.uasset" 9628
"../../../Engine/Content/EngineMaterials/Substrate/Glints2/dict_0002_0143.uasset" 9629
"../../../Engine/Content/EngineMaterials/Substrate/Glints2/dict_0002_0141.uasset" 9630
"../../../Engine/Content/EngineMaterials/Substrate/Glints2/dict_0002_0138.uasset" 9631
"../../../Engine/Content/EngineMaterials/Substrate/Glints2/dict_0002_0142.uasset" 9632
"/Engine/EngineMaterials/Substrate/Glints2/dict_0002_0148" 9633
"../../../Engine/Content/EngineMaterials/Substrate/Glints2/dict_0002_0140.uasset" 9634
"../../../Engine/Content/EngineMaterials/Substrate/Glints2/dict_0002_0144.uasset" 9635
"../../../Engine/Content/EngineMaterials/Substrate/Glints2/dict_0002_0145.uasset" 9636
"../../../Engine/Content/EngineMaterials/Substrate/Glints2/dict_0002_0146.uasset" 9637
"../../../Engine/Content/EngineMaterials/Substrate/Glints2/dict_0002_0134.uasset" 9638
"/Engine/EngineMaterials/Substrate/Glints2/dict_0002_0149" 9639
"../../../Engine/Content/EngineMaterials/Substrate/Glints2/dict_0002_0132.uasset" 9640
"../../../Engine/Content/EngineMaterials/Substrate/Glints2/dict_0002_0131.uasset" 9641
"../../../Engine/Content/EngineMaterials/Substrate/Glints2/dict_0002_0133.uasset" 9642
"../../../Engine/Content/EngineMaterials/Substrate/Glints2/dict_0002_0137.uasset" 9643
"../../../Engine/Content/EngineMaterials/Substrate/Glints2/dict_0002_0136.uasset" 9644
"../../../Engine/Content/EngineMaterials/Substrate/Glints2/dict_0002_0135.uasset" 9645
"/Engine/EngineMaterials/Substrate/Glints2/dict_0002_0150" 9646
"/Engine/EngineMaterials/Substrate/Glints2/dict_0002_0151" 9647
"/Engine/EngineMaterials/Substrate/Glints2/dict_0002_0152" 9648
"/Engine/EngineMaterials/Substrate/Glints2/dict_0002_0153" 9649
"/Engine/EngineMaterials/Substrate/Glints2/dict_0002_0154" 9650
"/Engine/EngineMaterials/Substrate/Glints2/dict_0002_0155" 9651
"/Engine/EngineMaterials/Substrate/Glints2/dict_0002_0156" 9652
"/Engine/EngineMaterials/Substrate/Glints2/dict_0002_0157" 9653
"/Engine/EngineMaterials/Substrate/Glints2/dict_0002_0158" 9654
"/Engine/EngineMaterials/Substrate/Glints2/dict_0002_0159" 9655
"/Engine/EngineMaterials/Substrate/Glints2/dict_0002_0160" 9656
"/Engine/EngineMaterials/Substrate/Glints2/dict_0002_0161" 9657
"/Engine/EngineMaterials/Substrate/Glints2/dict_0002_0162" 9658
"/Engine/EngineMaterials/Substrate/Glints2/dict_0002_0131" 9659
"../../../Engine/Content/EngineMaterials/Substrate/Glints2/dict_0002_0124.uasset" 9660
"../../../Engine/Content/EngineMaterials/Substrate/Glints2/dict_0002_0130.uasset" 9661
"../../../Engine/Content/EngineMaterials/Substrate/Glints2/dict_0002_0125.uasset" 9662
"../../../Engine/Content/EngineMaterials/Substrate/Glints2/dict_0002_0122.uasset" 9663
"../../../Engine/Content/EngineMaterials/Substrate/Glints2/dict_0002_0126.uasset" 9664
"../../../Engine/Content/EngineMaterials/Substrate/Glints2/dict_0002_0123.uasset" 9665
"/Engine/EngineMaterials/Substrate/Glints2/dict_0002_0132" 9666
"../../../Engine/Content/EngineMaterials/Substrate/Glints2/dict_0002_0128.uasset" 9667
"../../../Engine/Content/EngineMaterials/Substrate/Glints2/dict_0002_0127.uasset" 9668
"../../../Engine/Content/EngineMaterials/Substrate/Glints2/dict_0002_0129.uasset" 9669
"../../../Engine/Content/EngineMaterials/Substrate/Glints2/dict_0002_0118.uasset" 9670
"../../../Engine/Content/EngineMaterials/Substrate/Glints2/dict_0002_0119.uasset" 9671
"../../../Engine/Content/EngineMaterials/Substrate/Glints2/dict_0002_0121.uasset" 9672
"../../../Engine/Content/EngineMaterials/Substrate/Glints2/dict_0002_0117.uasset" 9673
"../../../Engine/Content/EngineMaterials/Substrate/Glints2/dict_0002_0116.uasset" 9674
"../../../Engine/Content/EngineMaterials/Substrate/Glints2/dict_0002_0115.uasset" 9675
"/Engine/EngineMaterials/Substrate/Glints2/dict_0002_0133" 9676
"../../../Engine/Content/EngineMaterials/Substrate/Glints2/dict_0002_0120.uasset" 9677
"/Engine/EngineMaterials/Substrate/Glints2/dict_0002_0134" 9678
"/Engine/EngineMaterials/Substrate/Glints2/dict_0002_0135" 9679
"/Engine/EngineMaterials/Substrate/Glints2/dict_0002_0136" 9680
"/Engine/EngineMaterials/Substrate/Glints2/dict_0002_0137" 9681
"/Engine/EngineMaterials/Substrate/Glints2/dict_0002_0138" 9682
"/Engine/EngineMaterials/Substrate/Glints2/dict_0002_0139" 9683
"/Engine/EngineMaterials/Substrate/Glints2/dict_0002_0140" 9684
"/Engine/EngineMaterials/Substrate/Glints2/dict_0002_0141" 9685
"/Engine/EngineMaterials/Substrate/Glints2/dict_0002_0142" 9686
"/Engine/EngineMaterials/Substrate/Glints2/dict_0002_0143" 9687
"/Engine/EngineMaterials/Substrate/Glints2/dict_0002_0144" 9688
"/Engine/EngineMaterials/Substrate/Glints2/dict_0002_0145" 9689
"/Engine/EngineMaterials/Substrate/Glints2/dict_0002_0146" 9690
"/Engine/EngineMaterials/Substrate/Glints2/dict_0002_0115" 9691
"../../../Engine/Content/EngineMaterials/Substrate/Glints2/dict_0002_0111.uasset" 9692
"../../../Engine/Content/EngineMaterials/Substrate/Glints2/dict_0002_0106.uasset" 9693
"/Engine/EngineMaterials/Substrate/Glints2/dict_0002_0116" 9694
"../../../Engine/Content/EngineMaterials/Substrate/Glints2/dict_0002_0110.uasset" 9695
"../../../Engine/Content/EngineMaterials/Substrate/Glints2/dict_0002_0105.uasset" 9696
"../../../Engine/Content/EngineMaterials/Substrate/Glints2/dict_0002_0113.uasset" 9697
"../../../Engine/Content/EngineMaterials/Substrate/Glints2/dict_0002_0108.uasset" 9698
"../../../Engine/Content/EngineMaterials/Substrate/Glints2/dict_0002_0109.uasset" 9699
"../../../Engine/Content/EngineMaterials/Substrate/Glints2/dict_0002_0107.uasset" 9700
"../../../Engine/Content/EngineMaterials/Substrate/Glints2/dict_0002_0114.uasset" 9701
"../../../Engine/Content/EngineMaterials/Substrate/Glints2/dict_0002_0112.uasset" 9702
"/Engine/EngineMaterials/Substrate/Glints2/dict_0002_0117" 9703
"../../../Engine/Content/EngineMaterials/Substrate/Glints2/dict_0002_0100.uasset" 9704
"../../../Engine/Content/EngineMaterials/Substrate/Glints2/dict_0002_0102.uasset" 9705
"../../../Engine/Content/EngineMaterials/Substrate/Glints2/dict_0002_0104.uasset" 9706
"../../../Engine/Content/EngineMaterials/Substrate/Glints2/dict_0002_0101.uasset" 9707
"../../../Engine/Content/EngineMaterials/Substrate/Glints2/dict_0002_0103.uasset" 9708
"/Engine/EngineMaterials/Substrate/Glints2/dict_0002_0118" 9709
"../../../Engine/Content/EngineMaterials/Substrate/Glints2/dict_0002_0099.uasset" 9710
"/Engine/EngineMaterials/Substrate/Glints2/dict_0002_0119" 9711
"/Engine/EngineMaterials/Substrate/Glints2/dict_0002_0120" 9712
"/Engine/EngineMaterials/Substrate/Glints2/dict_0002_0121" 9713
"/Engine/EngineMaterials/Substrate/Glints2/dict_0002_0122" 9714
"/Engine/EngineMaterials/Substrate/Glints2/dict_0002_0123" 9715
"/Engine/EngineMaterials/Substrate/Glints2/dict_0002_0124" 9716
"/Engine/EngineMaterials/Substrate/Glints2/dict_0002_0125" 9717
"/Engine/EngineMaterials/Substrate/Glints2/dict_0002_0126" 9718
"/Engine/EngineMaterials/Substrate/Glints2/dict_0002_0127" 9719
"/Engine/EngineMaterials/Substrate/Glints2/dict_0002_0128" 9720
"/Engine/EngineMaterials/Substrate/Glints2/dict_0002_0129" 9721
"/Engine/EngineMaterials/Substrate/Glints2/dict_0002_0130" 9722
"/Engine/EngineMaterials/Substrate/Glints2/dict_0002_0099" 9723
"../../../Engine/Content/EngineMaterials/Substrate/Glints2/dict_0002_0093.uasset" 9724
"../../../Engine/Content/EngineMaterials/Substrate/Glints2/dict_0002_0095.uasset" 9725
"../../../Engine/Content/EngineMaterials/Substrate/Glints2/dict_0002_0090.uasset" 9726
"../../../Engine/Content/EngineMaterials/Substrate/Glints2/dict_0002_0092.uasset" 9727
"../../../Engine/Content/EngineMaterials/Substrate/Glints2/dict_0002_0091.uasset" 9728
"../../../Engine/Content/EngineMaterials/Substrate/Glints2/dict_0002_0097.uasset" 9729
"../../../Engine/Content/EngineMaterials/Substrate/Glints2/dict_0002_0089.uasset" 9730
"../../../Engine/Content/EngineMaterials/Substrate/Glints2/dict_0002_0094.uasset" 9731
"../../../Engine/Content/EngineMaterials/Substrate/Glints2/dict_0002_0098.uasset" 9732
"/Engine/EngineMaterials/Substrate/Glints2/dict_0002_0100" 9733
"../../../Engine/Content/EngineMaterials/Substrate/Glints2/dict_0002_0096.uasset" 9734
"../../../Engine/Content/EngineMaterials/Substrate/Glints2/dict_0002_0087.uasset" 9735
"../../../Engine/Content/EngineMaterials/Substrate/Glints2/dict_0002_0086.uasset" 9736
"../../../Engine/Content/EngineMaterials/Substrate/Glints2/dict_0002_0083.uasset" 9737
"../../../Engine/Content/EngineMaterials/Substrate/Glints2/dict_0002_0085.uasset" 9738
"../../../Engine/Content/EngineMaterials/Substrate/Glints2/dict_0002_0084.uasset" 9739
"/Engine/EngineMaterials/Substrate/Glints2/dict_0002_0101" 9740
"../../../Engine/Content/EngineMaterials/Substrate/Glints2/dict_0002_0088.uasset" 9741
"/Engine/EngineMaterials/Substrate/Glints2/dict_0002_0102" 9742
"/Engine/EngineMaterials/Substrate/Glints2/dict_0002_0103" 9743
"/Engine/EngineMaterials/Substrate/Glints2/dict_0002_0104" 9744
"/Engine/EngineMaterials/Substrate/Glints2/dict_0002_0105" 9745
"/Engine/EngineMaterials/Substrate/Glints2/dict_0002_0106" 9746
"/Engine/EngineMaterials/Substrate/Glints2/dict_0002_0107" 9747
"/Engine/EngineMaterials/Substrate/Glints2/dict_0002_0108" 9748
"/Engine/EngineMaterials/Substrate/Glints2/dict_0002_0109" 9749
"/Engine/EngineMaterials/Substrate/Glints2/dict_0002_0110" 9750
"/Engine/EngineMaterials/Substrate/Glints2/dict_0002_0111" 9751
"/Engine/EngineMaterials/Substrate/Glints2/dict_0002_0112" 9752
"/Engine/EngineMaterials/Substrate/Glints2/dict_0002_0113" 9753
"/Engine/EngineMaterials/Substrate/Glints2/dict_0002_0114" 9754
"/Engine/EngineMaterials/Substrate/Glints2/dict_0002_0083" 9755
"../../../Engine/Content/EngineMaterials/Substrate/Glints2/dict_0002_0079.uasset" 9756
"../../../Engine/Content/EngineMaterials/Substrate/Glints2/dict_0002_0075.uasset" 9757
"../../../Engine/Content/EngineMaterials/Substrate/Glints2/dict_0002_0078.uasset" 9758
"../../../Engine/Content/EngineMaterials/Substrate/Glints2/dict_0002_0074.uasset" 9759
"../../../Engine/Content/EngineMaterials/Substrate/Glints2/dict_0002_0081.uasset" 9760
"../../../Engine/Content/EngineMaterials/Substrate/Glints2/dict_0002_0073.uasset" 9761
"../../../Engine/Content/EngineMaterials/Substrate/Glints2/dict_0002_0080.uasset" 9762
"../../../Engine/Content/EngineMaterials/Substrate/Glints2/dict_0002_0076.uasset" 9763
"/Engine/EngineMaterials/Substrate/Glints2/dict_0002_0084" 9764
"../../../Engine/Content/EngineMaterials/Substrate/Glints2/dict_0002_0077.uasset" 9765
"../../../Engine/Content/EngineMaterials/Substrate/Glints2/dict_0002_0082.uasset" 9766
"../../../Engine/Content/EngineMaterials/Substrate/Glints2/dict_0002_0070.uasset" 9767
"../../../Engine/Content/EngineMaterials/Substrate/Glints2/dict_0002_0071.uasset" 9768
"/Engine/EngineMaterials/Substrate/Glints2/dict_0002_0085" 9769
"../../../Engine/Content/EngineMaterials/Substrate/Glints2/dict_0002_0067.uasset" 9770
"../../../Engine/Content/EngineMaterials/Substrate/Glints2/dict_0002_0068.uasset" 9771
"../../../Engine/Content/EngineMaterials/Substrate/Glints2/dict_0002_0069.uasset" 9772
"../../../Engine/Content/EngineMaterials/Substrate/Glints2/dict_0002_0072.uasset" 9773
"/Engine/EngineMaterials/Substrate/Glints2/dict_0002_0086" 9774
"/Engine/EngineMaterials/Substrate/Glints2/dict_0002_0087" 9775
"/Engine/EngineMaterials/Substrate/Glints2/dict_0002_0088" 9776
"/Engine/EngineMaterials/Substrate/Glints2/dict_0002_0089" 9777
"/Engine/EngineMaterials/Substrate/Glints2/dict_0002_0090" 9778
"/Engine/EngineMaterials/Substrate/Glints2/dict_0002_0091" 9779
"/Engine/EngineMaterials/Substrate/Glints2/dict_0002_0092" 9780
"/Engine/EngineMaterials/Substrate/Glints2/dict_0002_0093" 9781
"/Engine/EngineMaterials/Substrate/Glints2/dict_0002_0094" 9782
"/Engine/EngineMaterials/Substrate/Glints2/dict_0002_0095" 9783
"/Engine/EngineMaterials/Substrate/Glints2/dict_0002_0096" 9784
"/Engine/EngineMaterials/Substrate/Glints2/dict_0002_0097" 9785
"/Engine/EngineMaterials/Substrate/Glints2/dict_0002_0098" 9786
"/Engine/EngineMaterials/Substrate/Glints2/dict_0002_0067" 9787
"/Engine/EngineMaterials/Substrate/Glints2/dict_0002_0068" 9788
"../../../Engine/Content/EngineMaterials/Substrate/Glints2/dict_0002_0062.uasset" 9789
"../../../Engine/Content/EngineMaterials/Substrate/Glints2/dict_0002_0061.uasset" 9790
"../../../Engine/Content/EngineMaterials/Substrate/Glints2/dict_0002_0065.uasset" 9791
"../../../Engine/Content/EngineMaterials/Substrate/Glints2/dict_0002_0060.uasset" 9792
"../../../Engine/Content/EngineMaterials/Substrate/Glints2/dict_0002_0063.uasset" 9793
"../../../Engine/Content/EngineMaterials/Substrate/Glints2/dict_0002_0058.uasset" 9794
"../../../Engine/Content/EngineMaterials/Substrate/Glints2/dict_0002_0064.uasset" 9795
"../../../Engine/Content/EngineMaterials/Substrate/Glints2/dict_0002_0066.uasset" 9796
"../../../Engine/Content/EngineMaterials/Substrate/Glints2/dict_0002_0059.uasset" 9797
"../../../Engine/Content/EngineMaterials/Substrate/Glints2/dict_0002_0057.uasset" 9798
"/Engine/EngineMaterials/Substrate/Glints2/dict_0002_0069" 9799
"../../../Engine/Content/EngineMaterials/Substrate/Glints2/dict_0002_0053.uasset" 9800
"../../../Engine/Content/EngineMaterials/Substrate/Glints2/dict_0002_0055.uasset" 9801
"/Engine/EngineMaterials/Substrate/Glints2/dict_0002_0070" 9802
"../../../Engine/Content/EngineMaterials/Substrate/Glints2/dict_0002_0054.uasset" 9803
"../../../Engine/Content/EngineMaterials/Substrate/Glints2/dict_0002_0052.uasset" 9804
"../../../Engine/Content/EngineMaterials/Substrate/Glints2/dict_0002_0056.uasset" 9805
"../../../Engine/Content/EngineMaterials/Substrate/Glints2/dict_0002_0051.uasset" 9806
"/Engine/EngineMaterials/Substrate/Glints2/dict_0002_0071" 9807
"/Engine/EngineMaterials/Substrate/Glints2/dict_0002_0072" 9808
"/Engine/EngineMaterials/Substrate/Glints2/dict_0002_0073" 9809
"/Engine/EngineMaterials/Substrate/Glints2/dict_0002_0074" 9810
"/Engine/EngineMaterials/Substrate/Glints2/dict_0002_0075" 9811
"/Engine/EngineMaterials/Substrate/Glints2/dict_0002_0076" 9812
"/Engine/EngineMaterials/Substrate/Glints2/dict_0002_0077" 9813
"/Engine/EngineMaterials/Substrate/Glints2/dict_0002_0078" 9814
"/Engine/EngineMaterials/Substrate/Glints2/dict_0002_0079" 9815
"/Engine/EngineMaterials/Substrate/Glints2/dict_0002_0080" 9816
"/Engine/EngineMaterials/Substrate/Glints2/dict_0002_0081" 9817
"/Engine/EngineMaterials/Substrate/Glints2/dict_0002_0082" 9818
"/Engine/EngineMaterials/Substrate/Glints2/dict_0002_0051" 9819
"../../../Engine/Content/EngineMaterials/Substrate/Glints2/dict_0002_0046.uasset" 9820
"../../../Engine/Content/EngineMaterials/Substrate/Glints2/dict_0002_0042.uasset" 9821
"../../../Engine/Content/EngineMaterials/Substrate/Glints2/dict_0002_0047.uasset" 9822
"../../../Engine/Content/EngineMaterials/Substrate/Glints2/dict_0002_0048.uasset" 9823
"../../../Engine/Content/EngineMaterials/Substrate/Glints2/dict_0002_0045.uasset" 9824
"../../../Engine/Content/EngineMaterials/Substrate/Glints2/dict_0002_0049.uasset" 9825
"../../../Engine/Content/EngineMaterials/Substrate/Glints2/dict_0002_0050.uasset" 9826
"../../../Engine/Content/EngineMaterials/Substrate/Glints2/dict_0002_0044.uasset" 9827
"/Engine/EngineMaterials/Substrate/Glints2/dict_0002_0052" 9828
"../../../Engine/Content/EngineMaterials/Substrate/Glints2/dict_0002_0043.uasset" 9829
"../../../Engine/Content/EngineMaterials/Substrate/Glints2/dict_0002_0041.uasset" 9830
"../../../Engine/Content/EngineMaterials/Substrate/Glints2/dict_0002_0039.uasset" 9831
"../../../Engine/Content/EngineMaterials/Substrate/Glints2/dict_0002_0037.uasset" 9832
"../../../Engine/Content/EngineMaterials/Substrate/Glints2/dict_0002_0040.uasset" 9833
"../../../Engine/Content/EngineMaterials/Substrate/Glints2/dict_0002_0035.uasset" 9834
"../../../Engine/Content/EngineMaterials/Substrate/Glints2/dict_0002_0038.uasset" 9835
"../../../Engine/Content/EngineMaterials/Substrate/Glints2/dict_0002_0036.uasset" 9836
"/Engine/EngineMaterials/Substrate/Glints2/dict_0002_0053" 9837
"/Engine/EngineMaterials/Substrate/Glints2/dict_0002_0054" 9838
"/Engine/EngineMaterials/Substrate/Glints2/dict_0002_0055" 9839
"/Engine/EngineMaterials/Substrate/Glints2/dict_0002_0056" 9840
"/Engine/EngineMaterials/Substrate/Glints2/dict_0002_0057" 9841
"/Engine/EngineMaterials/Substrate/Glints2/dict_0002_0058" 9842
"/Engine/EngineMaterials/Substrate/Glints2/dict_0002_0059" 9843
"/Engine/EngineMaterials/Substrate/Glints2/dict_0002_0060" 9844
"/Engine/EngineMaterials/Substrate/Glints2/dict_0002_0061" 9845
"/Engine/EngineMaterials/Substrate/Glints2/dict_0002_0062" 9846
"/Engine/EngineMaterials/Substrate/Glints2/dict_0002_0063" 9847
"/Engine/EngineMaterials/Substrate/Glints2/dict_0002_0064" 9848
"/Engine/EngineMaterials/Substrate/Glints2/dict_0002_0065" 9849
"/Engine/EngineMaterials/Substrate/Glints2/dict_0002_0066" 9850
"/Engine/EngineMaterials/Substrate/Glints2/dict_0002_0035" 9851
"../../../Engine/Content/EngineMaterials/Substrate/Glints2/dict_0002_0028.uasset" 9852
"../../../Engine/Content/EngineMaterials/Substrate/Glints2/dict_0002_0027.uasset" 9853
"../../../Engine/Content/EngineMaterials/Substrate/Glints2/dict_0002_0032.uasset" 9854
"../../../Engine/Content/EngineMaterials/Substrate/Glints2/dict_0002_0031.uasset" 9855
"../../../Engine/Content/EngineMaterials/Substrate/Glints2/dict_0002_0033.uasset" 9856
"../../../Engine/Content/EngineMaterials/Substrate/Glints2/dict_0002_0026.uasset" 9857
"/Engine/EngineMaterials/Substrate/Glints2/dict_0002_0036" 9858
"../../../Engine/Content/EngineMaterials/Substrate/Glints2/dict_0002_0034.uasset" 9859
"../../../Engine/Content/EngineMaterials/Substrate/Glints2/dict_0002_0029.uasset" 9860
"../../../Engine/Content/EngineMaterials/Substrate/Glints2/dict_0002_0030.uasset" 9861
"../../../Engine/Content/EngineMaterials/Substrate/Glints2/dict_0002_0022.uasset" 9862
"../../../Engine/Content/EngineMaterials/Substrate/Glints2/dict_0002_0025.uasset" 9863
"../../../Engine/Content/EngineMaterials/Substrate/Glints2/dict_0002_0021.uasset" 9864
"../../../Engine/Content/EngineMaterials/Substrate/Glints2/dict_0002_0020.uasset" 9865
"../../../Engine/Content/EngineMaterials/Substrate/Glints2/dict_0002_0019.uasset" 9866
"../../../Engine/Content/EngineMaterials/Substrate/Glints2/dict_0002_0023.uasset" 9867
"../../../Engine/Content/EngineMaterials/Substrate/Glints2/dict_0002_0024.uasset" 9868
"/Engine/EngineMaterials/Substrate/Glints2/dict_0002_0037" 9869
"/Engine/EngineMaterials/Substrate/Glints2/dict_0002_0038" 9870
"/Engine/EngineMaterials/Substrate/Glints2/dict_0002_0039" 9871
"/Engine/EngineMaterials/Substrate/Glints2/dict_0002_0040" 9872
"/Engine/EngineMaterials/Substrate/Glints2/dict_0002_0041" 9873
"/Engine/EngineMaterials/Substrate/Glints2/dict_0002_0042" 9874
"/Engine/EngineMaterials/Substrate/Glints2/dict_0002_0043" 9875
"/Engine/EngineMaterials/Substrate/Glints2/dict_0002_0044" 9876
"/Engine/EngineMaterials/Substrate/Glints2/dict_0002_0045" 9877
"/Engine/EngineMaterials/Substrate/Glints2/dict_0002_0046" 9878
"/Engine/EngineMaterials/Substrate/Glints2/dict_0002_0047" 9879
"/Engine/EngineMaterials/Substrate/Glints2/dict_0002_0048" 9880
"/Engine/EngineMaterials/Substrate/Glints2/dict_0002_0049" 9881
"/Engine/EngineMaterials/Substrate/Glints2/dict_0002_0050" 9882
"/Engine/EngineMaterials/Substrate/Glints2/dict_0002_0019" 9883
"../../../Engine/Content/EngineMaterials/Substrate/Glints2/dict_0002_0015.uasset" 9884
"../../../Engine/Content/EngineMaterials/Substrate/Glints2/dict_0002_0017.uasset" 9885
"../../../Engine/Content/EngineMaterials/Substrate/Glints2/dict_0002_0010.uasset" 9886
"../../../Engine/Content/EngineMaterials/Substrate/Glints2/dict_0002_0014.uasset" 9887
"/Engine/EngineMaterials/Substrate/Glints2/dict_0002_0020" 9888
"../../../Engine/Content/EngineMaterials/Substrate/Glints2/dict_0002_0013.uasset" 9889
"../../../Engine/Content/EngineMaterials/Substrate/Glints2/dict_0002_0016.uasset" 9890
"../../../Engine/Content/EngineMaterials/Substrate/Glints2/dict_0002_0012.uasset" 9891
"../../../Engine/Content/EngineMaterials/Substrate/Glints2/dict_0002_0018.uasset" 9892
"../../../Engine/Content/EngineMaterials/Substrate/Glints2/dict_0002_0011.uasset" 9893
"/Engine/EngineMaterials/Substrate/Glints2/dict_0002_0021" 9894
"../../../Engine/Content/EngineMaterials/Substrate/Glints2/dict_0002_0006.uasset" 9895
"../../../Engine/Content/EngineMaterials/Substrate/Glints2/dict_0002_0009.uasset" 9896
"../../../Engine/Content/EngineMaterials/Substrate/Glints2/dict_0002_0008.uasset" 9897
"../../../Engine/Content/EngineMaterials/Substrate/Glints2/dict_0002_0005.uasset" 9898
"../../../Engine/Content/EngineMaterials/Substrate/Glints2/dict_0002_0007.uasset" 9899
"/Engine/EngineMaterials/Substrate/Glints2/dict_0002_0022" 9900
"../../../Engine/Content/EngineMaterials/Substrate/Glints2/dict_0002_0004.uasset" 9901
"../../../Engine/Content/EngineMaterials/Substrate/Glints2/dict_0002_0003.uasset" 9902
"/Engine/EngineMaterials/Substrate/Glints2/dict_0002_0023" 9903
"/Engine/EngineMaterials/Substrate/Glints2/dict_0002_0024" 9904
"/Engine/EngineMaterials/Substrate/Glints2/dict_0002_0025" 9905
"/Engine/EngineMaterials/Substrate/Glints2/dict_0002_0026" 9906
"/Engine/EngineMaterials/Substrate/Glints2/dict_0002_0027" 9907
"/Engine/EngineMaterials/Substrate/Glints2/dict_0002_0028" 9908
"/Engine/EngineMaterials/Substrate/Glints2/dict_0002_0029" 9909
"/Engine/EngineMaterials/Substrate/Glints2/dict_0002_0030" 9910
"/Engine/EngineMaterials/Substrate/Glints2/dict_0002_0031" 9911
"/Engine/EngineMaterials/Substrate/Glints2/dict_0002_0032" 9912
"/Engine/EngineMaterials/Substrate/Glints2/dict_0002_0033" 9913
"/Engine/EngineMaterials/Substrate/Glints2/dict_0002_0034" 9914
"/Engine/EngineMaterials/Substrate/Glints2/dict_0002_0003" 9915
"../../../Engine/Content/EngineMaterials/Substrate/Glints2/dict_0002_0001.uasset" 9916
"../../../Engine/Content/EngineMaterials/Substrate/Glints2/dict_0001_0251.uasset" 9917
"../../../Engine/Content/EngineMaterials/Substrate/Glints2/dict_0001_0249.uasset" 9918
"../../../Engine/Content/EngineMaterials/Substrate/Glints2/dict_0002_0002.uasset" 9919
"../../../Engine/Content/EngineMaterials/Substrate/Glints2/dict_0001_0255.uasset" 9920
"../../../Engine/Content/EngineMaterials/Substrate/Glints2/dict_0001_0253.uasset" 9921
"../../../Engine/Content/EngineMaterials/Substrate/Glints2/dict_0002_0000.uasset" 9922
"../../../Engine/Content/EngineMaterials/Substrate/Glints2/dict_0001_0254.uasset" 9923
"/Engine/EngineMaterials/Substrate/Glints2/dict_0002_0004" 9924
"../../../Engine/Content/EngineMaterials/Substrate/Glints2/dict_0001_0252.uasset" 9925
"../../../Engine/Content/EngineMaterials/Substrate/Glints2/dict_0001_0250.uasset" 9926
"../../../Engine/Content/EngineMaterials/Substrate/Glints2/dict_0001_0248.uasset" 9927
"../../../Engine/Content/EngineMaterials/Substrate/Glints2/dict_0001_0246.uasset" 9928
"../../../Engine/Content/EngineMaterials/Substrate/Glints2/dict_0001_0244.uasset" 9929
"../../../Engine/Content/EngineMaterials/Substrate/Glints2/dict_0001_0247.uasset" 9930
"../../../Engine/Content/EngineMaterials/Substrate/Glints2/dict_0001_0245.uasset" 9931
"/Engine/EngineMaterials/Substrate/Glints2/dict_0002_0005" 9932
"../../../Engine/Content/EngineMaterials/Substrate/Glints2/dict_0001_0243.uasset" 9933
"/Engine/EngineMaterials/Substrate/Glints2/dict_0002_0006" 9934
"/Engine/EngineMaterials/Substrate/Glints2/dict_0002_0007" 9935
"/Engine/EngineMaterials/Substrate/Glints2/dict_0002_0008" 9936
"/Engine/EngineMaterials/Substrate/Glints2/dict_0002_0009" 9937
"/Engine/EngineMaterials/Substrate/Glints2/dict_0002_0010" 9938
"/Engine/EngineMaterials/Substrate/Glints2/dict_0002_0011" 9939
"/Engine/EngineMaterials/Substrate/Glints2/dict_0002_0012" 9940
"/Engine/EngineMaterials/Substrate/Glints2/dict_0002_0013" 9941
"/Engine/EngineMaterials/Substrate/Glints2/dict_0002_0014" 9942
"/Engine/EngineMaterials/Substrate/Glints2/dict_0002_0015" 9943
"/Engine/EngineMaterials/Substrate/Glints2/dict_0002_0016" 9944
"/Engine/EngineMaterials/Substrate/Glints2/dict_0002_0017" 9945
"/Engine/EngineMaterials/Substrate/Glints2/dict_0002_0018" 9946
"/Engine/EngineMaterials/Substrate/Glints2/dict_0001_0243" 9947
"../../../Engine/Content/EngineMaterials/Substrate/Glints2/dict_0001_0236.uasset" 9948
"../../../Engine/Content/EngineMaterials/Substrate/Glints2/dict_0001_0237.uasset" 9949
"../../../Engine/Content/EngineMaterials/Substrate/Glints2/dict_0001_0234.uasset" 9950
"/Engine/EngineMaterials/Substrate/Glints2/dict_0001_0244" 9951
"../../../Engine/Content/EngineMaterials/Substrate/Glints2/dict_0001_0239.uasset" 9952
"../../../Engine/Content/EngineMaterials/Substrate/Glints2/dict_0001_0238.uasset" 9953
"../../../Engine/Content/EngineMaterials/Substrate/Glints2/dict_0001_0241.uasset" 9954
"../../../Engine/Content/EngineMaterials/Substrate/Glints2/dict_0001_0240.uasset" 9955
"../../../Engine/Content/EngineMaterials/Substrate/Glints2/dict_0001_0233.uasset" 9956
"../../../Engine/Content/EngineMaterials/Substrate/Glints2/dict_0001_0242.uasset" 9957
"../../../Engine/Content/EngineMaterials/Substrate/Glints2/dict_0001_0235.uasset" 9958
"/Engine/EngineMaterials/Substrate/Glints2/dict_0001_0245" 9959
"../../../Engine/Content/EngineMaterials/Substrate/Glints2/dict_0001_0232.uasset" 9960
"../../../Engine/Content/EngineMaterials/Substrate/Glints2/dict_0001_0229.uasset" 9961
"../../../Engine/Content/EngineMaterials/Substrate/Glints2/dict_0001_0227.uasset" 9962
"../../../Engine/Content/EngineMaterials/Substrate/Glints2/dict_0001_0230.uasset" 9963
"../../../Engine/Content/EngineMaterials/Substrate/Glints2/dict_0001_0228.uasset" 9964
"/Engine/EngineMaterials/Substrate/Glints2/dict_0001_0246" 9965
"../../../Engine/Content/EngineMaterials/Substrate/Glints2/dict_0001_0231.uasset" 9966
"/Engine/EngineMaterials/Substrate/Glints2/dict_0001_0247" 9967
"/Engine/EngineMaterials/Substrate/Glints2/dict_0001_0248" 9968
"/Engine/EngineMaterials/Substrate/Glints2/dict_0001_0249" 9969
"/Engine/EngineMaterials/Substrate/Glints2/dict_0001_0250" 9970
"/Engine/EngineMaterials/Substrate/Glints2/dict_0001_0251" 9971
"/Engine/EngineMaterials/Substrate/Glints2/dict_0001_0252" 9972
"/Engine/EngineMaterials/Substrate/Glints2/dict_0001_0253" 9973
"/Engine/EngineMaterials/Substrate/Glints2/dict_0001_0254" 9974
"/Engine/EngineMaterials/Substrate/Glints2/dict_0001_0255" 9975
"/Engine/EngineMaterials/Substrate/Glints2/dict_0002_0000" 9976
"/Engine/EngineMaterials/Substrate/Glints2/dict_0002_0001" 9977
"/Engine/EngineMaterials/Substrate/Glints2/dict_0002_0002" 9978
"/Engine/EngineMaterials/Substrate/Glints2/dict_0001_0227" 9979
"../../../Engine/Content/EngineMaterials/Substrate/Glints2/dict_0001_0219.uasset" 9980
"../../../Engine/Content/EngineMaterials/Substrate/Glints2/dict_0001_0217.uasset" 9981
"../../../Engine/Content/EngineMaterials/Substrate/Glints2/dict_0001_0218.uasset" 9982
"../../../Engine/Content/EngineMaterials/Substrate/Glints2/dict_0001_0223.uasset" 9983
"/Engine/EngineMaterials/Substrate/Glints2/dict_0001_0228" 9984
"../../../Engine/Content/EngineMaterials/Substrate/Glints2/dict_0001_0226.uasset" 9985
"../../../Engine/Content/EngineMaterials/Substrate/Glints2/dict_0001_0222.uasset" 9986
"../../../Engine/Content/EngineMaterials/Substrate/Glints2/dict_0001_0220.uasset" 9987
"../../../Engine/Content/EngineMaterials/Substrate/Glints2/dict_0001_0216.uasset" 9988
"../../../Engine/Content/EngineMaterials/Substrate/Glints2/dict_0001_0224.uasset" 9989
"../../../Engine/Content/EngineMaterials/Substrate/Glints2/dict_0001_0225.uasset" 9990
"../../../Engine/Content/EngineMaterials/Substrate/Glints2/dict_0001_0221.uasset" 9991
"/Engine/EngineMaterials/Substrate/Glints2/dict_0001_0229" 9992
"../../../Engine/Content/EngineMaterials/Substrate/Glints2/dict_0001_0214.uasset" 9993
"../../../Engine/Content/EngineMaterials/Substrate/Glints2/dict_0001_0215.uasset" 9994
"../../../Engine/Content/EngineMaterials/Substrate/Glints2/dict_0001_0213.uasset" 9995
"../../../Engine/Content/EngineMaterials/Substrate/Glints2/dict_0001_0212.uasset" 9996
"../../../Engine/Content/EngineMaterials/Substrate/Glints2/dict_0001_0211.uasset" 9997
"/Engine/EngineMaterials/Substrate/Glints2/dict_0001_0230" 9998
"/Engine/EngineMaterials/Substrate/Glints2/dict_0001_0231" 9999
"/Engine/EngineMaterials/Substrate/Glints2/dict_0001_0232" 10000
"/Engine/EngineMaterials/Substrate/Glints2/dict_0001_0233" 10001
"/Engine/EngineMaterials/Substrate/Glints2/dict_0001_0234" 10002
"/Engine/EngineMaterials/Substrate/Glints2/dict_0001_0235" 10003
"/Engine/EngineMaterials/Substrate/Glints2/dict_0001_0236" 10004
"/Engine/EngineMaterials/Substrate/Glints2/dict_0001_0237" 10005
"/Engine/EngineMaterials/Substrate/Glints2/dict_0001_0238" 10006
"/Engine/EngineMaterials/Substrate/Glints2/dict_0001_0239" 10007
"/Engine/EngineMaterials/Substrate/Glints2/dict_0001_0240" 10008
"/Engine/EngineMaterials/Substrate/Glints2/dict_0001_0241" 10009
"/Engine/EngineMaterials/Substrate/Glints2/dict_0001_0242" 10010
"/Engine/EngineMaterials/Substrate/Glints2/dict_0001_0211" 10011
"../../../Engine/Content/EngineMaterials/Substrate/Glints2/dict_0001_0204.uasset" 10012
"../../../Engine/Content/EngineMaterials/Substrate/Glints2/dict_0001_0210.uasset" 10013
"../../../Engine/Content/EngineMaterials/Substrate/Glints2/dict_0001_0206.uasset" 10014
"../../../Engine/Content/EngineMaterials/Substrate/Glints2/dict_0001_0208.uasset" 10015
"../../../Engine/Content/EngineMaterials/Substrate/Glints2/dict_0001_0207.uasset" 10016
"../../../Engine/Content/EngineMaterials/Substrate/Glints2/dict_0001_0209.uasset" 10017
"../../../Engine/Content/EngineMaterials/Substrate/Glints2/dict_0001_0202.uasset" 10018
"../../../Engine/Content/EngineMaterials/Substrate/Glints2/dict_0001_0203.uasset" 10019
"/Engine/EngineMaterials/Substrate/Glints2/dict_0001_0212" 10020
"../../../Engine/Content/EngineMaterials/Substrate/Glints2/dict_0001_0201.uasset" 10021
"../../../Engine/Content/EngineMaterials/Substrate/Glints2/dict_0001_0205.uasset" 10022
"../../../Engine/Content/EngineMaterials/Substrate/Glints2/dict_0001_0199.uasset" 10023
"../../../Engine/Content/EngineMaterials/Substrate/Glints2/dict_0001_0200.uasset" 10024
"../../../Engine/Content/EngineMaterials/Substrate/Glints2/dict_0001_0198.uasset" 10025
"../../../Engine/Content/EngineMaterials/Substrate/Glints2/dict_0001_0196.uasset" 10026
"../../../Engine/Content/EngineMaterials/Substrate/Glints2/dict_0001_0197.uasset" 10027
"/Engine/EngineMaterials/Substrate/Glints2/dict_0001_0213" 10028
"../../../Engine/Content/EngineMaterials/Substrate/Glints2/dict_0001_0195.uasset" 10029
"/Engine/EngineMaterials/Substrate/Glints2/dict_0001_0214" 10030
"/Engine/EngineMaterials/Substrate/Glints2/dict_0001_0215" 10031
"/Engine/EngineMaterials/Substrate/Glints2/dict_0001_0216" 10032
"/Engine/EngineMaterials/Substrate/Glints2/dict_0001_0217" 10033
"/Engine/EngineMaterials/Substrate/Glints2/dict_0001_0218" 10034
"/Engine/EngineMaterials/Substrate/Glints2/dict_0001_0219" 10035
"/Engine/EngineMaterials/Substrate/Glints2/dict_0001_0220" 10036
"/Engine/EngineMaterials/Substrate/Glints2/dict_0001_0221" 10037
"/Engine/EngineMaterials/Substrate/Glints2/dict_0001_0222" 10038
"/Engine/EngineMaterials/Substrate/Glints2/dict_0001_0223" 10039
"/Engine/EngineMaterials/Substrate/Glints2/dict_0001_0224" 10040
"/Engine/EngineMaterials/Substrate/Glints2/dict_0001_0225" 10041
"/Engine/EngineMaterials/Substrate/Glints2/dict_0001_0226" 10042
"/Engine/EngineMaterials/Substrate/Glints2/dict_0001_0195" 10043
"../../../Engine/Content/EngineMaterials/Substrate/Glints2/dict_0001_0185.uasset" 10044
"../../../Engine/Content/EngineMaterials/Substrate/Glints2/dict_0001_0192.uasset" 10045
"../../../Engine/Content/EngineMaterials/Substrate/Glints2/dict_0001_0193.uasset" 10046
"../../../Engine/Content/EngineMaterials/Substrate/Glints2/dict_0001_0189.uasset" 10047
"../../../Engine/Content/EngineMaterials/Substrate/Glints2/dict_0001_0190.uasset" 10048
"../../../Engine/Content/EngineMaterials/Substrate/Glints2/dict_0001_0187.uasset" 10049
"../../../Engine/Content/EngineMaterials/Substrate/Glints2/dict_0001_0186.uasset" 10050
"../../../Engine/Content/EngineMaterials/Substrate/Glints2/dict_0001_0191.uasset" 10051
"../../../Engine/Content/EngineMaterials/Substrate/Glints2/dict_0001_0194.uasset" 10052
"../../../Engine/Content/EngineMaterials/Substrate/Glints2/dict_0001_0188.uasset" 10053
"/Engine/EngineMaterials/Substrate/Glints2/dict_0001_0196" 10054
"../../../Engine/Content/EngineMaterials/Substrate/Glints2/dict_0001_0184.uasset" 10055
"../../../Engine/Content/EngineMaterials/Substrate/Glints2/dict_0001_0183.uasset" 10056
"../../../Engine/Content/EngineMaterials/Substrate/Glints2/dict_0001_0181.uasset" 10057
"../../../Engine/Content/EngineMaterials/Substrate/Glints2/dict_0001_0182.uasset" 10058
"../../../Engine/Content/EngineMaterials/Substrate/Glints2/dict_0001_0179.uasset" 10059
"../../../Engine/Content/EngineMaterials/Substrate/Glints2/dict_0001_0180.uasset" 10060
"/Engine/EngineMaterials/Substrate/Glints2/dict_0001_0197" 10061
"/Engine/EngineMaterials/Substrate/Glints2/dict_0001_0198" 10062
"/Engine/EngineMaterials/Substrate/Glints2/dict_0001_0199" 10063
"/Engine/EngineMaterials/Substrate/Glints2/dict_0001_0200" 10064
"/Engine/EngineMaterials/Substrate/Glints2/dict_0001_0201" 10065
"/Engine/EngineMaterials/Substrate/Glints2/dict_0001_0202" 10066
"/Engine/EngineMaterials/Substrate/Glints2/dict_0001_0203" 10067
"/Engine/EngineMaterials/Substrate/Glints2/dict_0001_0204" 10068
"/Engine/EngineMaterials/Substrate/Glints2/dict_0001_0205" 10069
"/Engine/EngineMaterials/Substrate/Glints2/dict_0001_0206" 10070
"/Engine/EngineMaterials/Substrate/Glints2/dict_0001_0207" 10071
"/Engine/EngineMaterials/Substrate/Glints2/dict_0001_0208" 10072
"/Engine/EngineMaterials/Substrate/Glints2/dict_0001_0209" 10073
"/Engine/EngineMaterials/Substrate/Glints2/dict_0001_0210" 10074
"/Engine/EngineMaterials/Substrate/Glints2/dict_0001_0179" 10075
"../../../Engine/Content/EngineMaterials/Substrate/Glints2/dict_0001_0169.uasset" 10076
"../../../Engine/Content/EngineMaterials/Substrate/Glints2/dict_0001_0172.uasset" 10077
"../../../Engine/Content/EngineMaterials/Substrate/Glints2/dict_0001_0173.uasset" 10078
"../../../Engine/Content/EngineMaterials/Substrate/Glints2/dict_0001_0171.uasset" 10079
"../../../Engine/Content/EngineMaterials/Substrate/Glints2/dict_0001_0176.uasset" 10080
"../../../Engine/Content/EngineMaterials/Substrate/Glints2/dict_0001_0175.uasset" 10081
"../../../Engine/Content/EngineMaterials/Substrate/Glints2/dict_0001_0174.uasset" 10082
"../../../Engine/Content/EngineMaterials/Substrate/Glints2/dict_0001_0177.uasset" 10083
"/Engine/EngineMaterials/Substrate/Glints2/dict_0001_0180" 10084
"../../../Engine/Content/EngineMaterials/Substrate/Glints2/dict_0001_0178.uasset" 10085
"../../../Engine/Content/EngineMaterials/Substrate/Glints2/dict_0001_0170.uasset" 10086
"/Engine/EngineMaterials/Substrate/Glints2/dict_0001_0181" 10087
"../../../Engine/Content/EngineMaterials/Substrate/Glints2/dict_0001_0168.uasset" 10088
"../../../Engine/Content/EngineMaterials/Substrate/Glints2/dict_0001_0164.uasset" 10089
"../../../Engine/Content/EngineMaterials/Substrate/Glints2/dict_0001_0165.uasset" 10090
"../../../Engine/Content/EngineMaterials/Substrate/Glints2/dict_0001_0163.uasset" 10091
"../../../Engine/Content/EngineMaterials/Substrate/Glints2/dict_0001_0166.uasset" 10092
"/Engine/EngineMaterials/Substrate/Glints2/dict_0001_0182" 10093
"../../../Engine/Content/EngineMaterials/Substrate/Glints2/dict_0001_0167.uasset" 10094
"/Engine/EngineMaterials/Substrate/Glints2/dict_0001_0183" 10095
"/Engine/EngineMaterials/Substrate/Glints2/dict_0001_0184" 10096
"/Engine/EngineMaterials/Substrate/Glints2/dict_0001_0185" 10097
"/Engine/EngineMaterials/Substrate/Glints2/dict_0001_0186" 10098
"/Engine/EngineMaterials/Substrate/Glints2/dict_0001_0187" 10099
"/Engine/EngineMaterials/Substrate/Glints2/dict_0001_0188" 10100
"/Engine/EngineMaterials/Substrate/Glints2/dict_0001_0189" 10101
"/Engine/EngineMaterials/Substrate/Glints2/dict_0001_0190" 10102
"/Engine/EngineMaterials/Substrate/Glints2/dict_0001_0191" 10103
"/Engine/EngineMaterials/Substrate/Glints2/dict_0001_0192" 10104
"/Engine/EngineMaterials/Substrate/Glints2/dict_0001_0193" 10105
"/Engine/EngineMaterials/Substrate/Glints2/dict_0001_0194" 10106
"/Engine/EngineMaterials/Substrate/Glints2/dict_0001_0163" 10107
"../../../Engine/Content/EngineMaterials/Substrate/Glints2/dict_0001_0156.uasset" 10108
"../../../Engine/Content/EngineMaterials/Substrate/Glints2/dict_0001_0160.uasset" 10109
"../../../Engine/Content/EngineMaterials/Substrate/Glints2/dict_0001_0158.uasset" 10110
"../../../Engine/Content/EngineMaterials/Substrate/Glints2/dict_0001_0162.uasset" 10111
"../../../Engine/Content/EngineMaterials/Substrate/Glints2/dict_0001_0161.uasset" 10112
"../../../Engine/Content/EngineMaterials/Substrate/Glints2/dict_0001_0153.uasset" 10113
"../../../Engine/Content/EngineMaterials/Substrate/Glints2/dict_0001_0155.uasset" 10114
"../../../Engine/Content/EngineMaterials/Substrate/Glints2/dict_0001_0159.uasset" 10115
"/Engine/EngineMaterials/Substrate/Glints2/dict_0001_0164" 10116
"../../../Engine/Content/EngineMaterials/Substrate/Glints2/dict_0001_0157.uasset" 10117
"../../../Engine/Content/EngineMaterials/Substrate/Glints2/dict_0001_0154.uasset" 10118
"../../../Engine/Content/EngineMaterials/Substrate/Glints2/dict_0001_0152.uasset" 10119
"../../../Engine/Content/EngineMaterials/Substrate/Glints2/dict_0001_0150.uasset" 10120
"../../../Engine/Content/EngineMaterials/Substrate/Glints2/dict_0001_0151.uasset" 10121
"../../../Engine/Content/EngineMaterials/Substrate/Glints2/dict_0001_0149.uasset" 10122
"/Engine/EngineMaterials/Substrate/Glints2/dict_0001_0165" 10123
"../../../Engine/Content/EngineMaterials/Substrate/Glints2/dict_0001_0148.uasset" 10124
"../../../Engine/Content/EngineMaterials/Substrate/Glints2/dict_0001_0147.uasset" 10125
"/Engine/EngineMaterials/Substrate/Glints2/dict_0001_0166" 10126
"/Engine/EngineMaterials/Substrate/Glints2/dict_0001_0167" 10127
"/Engine/EngineMaterials/Substrate/Glints2/dict_0001_0168" 10128
"/Engine/EngineMaterials/Substrate/Glints2/dict_0001_0169" 10129
"/Engine/EngineMaterials/Substrate/Glints2/dict_0001_0170" 10130
"/Engine/EngineMaterials/Substrate/Glints2/dict_0001_0171" 10131
"/Engine/EngineMaterials/Substrate/Glints2/dict_0001_0172" 10132
"/Engine/EngineMaterials/Substrate/Glints2/dict_0001_0173" 10133
"/Engine/EngineMaterials/Substrate/Glints2/dict_0001_0174" 10134
"/Engine/EngineMaterials/Substrate/Glints2/dict_0001_0175" 10135
"/Engine/EngineMaterials/Substrate/Glints2/dict_0001_0176" 10136
"/Engine/EngineMaterials/Substrate/Glints2/dict_0001_0177" 10137
"/Engine/EngineMaterials/Substrate/Glints2/dict_0001_0178" 10138
"/Engine/EngineMaterials/Substrate/Glints2/dict_0001_0147" 10139
"../../../Engine/Content/EngineMaterials/Substrate/Glints2/dict_0001_0137.uasset" 10140
"/Engine/EngineMaterials/Substrate/Glints2/dict_0001_0148" 10141
"../../../Engine/Content/EngineMaterials/Substrate/Glints2/dict_0001_0144.uasset" 10142
"../../../Engine/Content/EngineMaterials/Substrate/Glints2/dict_0001_0140.uasset" 10143
"../../../Engine/Content/EngineMaterials/Substrate/Glints2/dict_0001_0139.uasset" 10144
"../../../Engine/Content/EngineMaterials/Substrate/Glints2/dict_0001_0142.uasset" 10145
"../../../Engine/Content/EngineMaterials/Substrate/Glints2/dict_0001_0141.uasset" 10146
"../../../Engine/Content/EngineMaterials/Substrate/Glints2/dict_0001_0138.uasset" 10147
"../../../Engine/Content/EngineMaterials/Substrate/Glints2/dict_0001_0146.uasset" 10148
"../../../Engine/Content/EngineMaterials/Substrate/Glints2/dict_0001_0145.uasset" 10149
"/Engine/EngineMaterials/Substrate/Glints2/dict_0001_0149" 10150
"../../../Engine/Content/EngineMaterials/Substrate/Glints2/dict_0001_0143.uasset" 10151
"../../../Engine/Content/EngineMaterials/Substrate/Glints2/dict_0001_0136.uasset" 10152
"../../../Engine/Content/EngineMaterials/Substrate/Glints2/dict_0001_0132.uasset" 10153
"../../../Engine/Content/EngineMaterials/Substrate/Glints2/dict_0001_0134.uasset" 10154
"../../../Engine/Content/EngineMaterials/Substrate/Glints2/dict_0001_0131.uasset" 10155
"../../../Engine/Content/EngineMaterials/Substrate/Glints2/dict_0001_0135.uasset" 10156
"/Engine/EngineMaterials/Substrate/Glints2/dict_0001_0150" 10157
"../../../Engine/Content/EngineMaterials/Substrate/Glints2/dict_0001_0133.uasset" 10158
"/Engine/EngineMaterials/Substrate/Glints2/dict_0001_0151" 10159
"/Engine/EngineMaterials/Substrate/Glints2/dict_0001_0152" 10160
"/Engine/EngineMaterials/Substrate/Glints2/dict_0001_0153" 10161
"/Engine/EngineMaterials/Substrate/Glints2/dict_0001_0154" 10162
"/Engine/EngineMaterials/Substrate/Glints2/dict_0001_0155" 10163
"/Engine/EngineMaterials/Substrate/Glints2/dict_0001_0156" 10164
"/Engine/EngineMaterials/Substrate/Glints2/dict_0001_0157" 10165
"/Engine/EngineMaterials/Substrate/Glints2/dict_0001_0158" 10166
"/Engine/EngineMaterials/Substrate/Glints2/dict_0001_0159" 10167
"/Engine/EngineMaterials/Substrate/Glints2/dict_0001_0160" 10168
"/Engine/EngineMaterials/Substrate/Glints2/dict_0001_0161" 10169
"/Engine/EngineMaterials/Substrate/Glints2/dict_0001_0162" 10170
"/Engine/EngineMaterials/Substrate/Glints2/dict_0001_0131" 10171
"../../../Engine/Content/EngineMaterials/Substrate/Glints2/dict_0001_0126.uasset" 10172
"../../../Engine/Content/EngineMaterials/Substrate/Glints2/dict_0001_0130.uasset" 10173
"/Engine/EngineMaterials/Substrate/Glints2/dict_0001_0132" 10174
"../../../Engine/Content/EngineMaterials/Substrate/Glints2/dict_0001_0127.uasset" 10175
"../../../Engine/Content/EngineMaterials/Substrate/Glints2/dict_0001_0125.uasset" 10176
"../../../Engine/Content/EngineMaterials/Substrate/Glints2/dict_0001_0129.uasset" 10177
"../../../Engine/Content/EngineMaterials/Substrate/Glints2/dict_0001_0128.uasset" 10178
"/Engine/EngineMaterials/Substrate/Glints2/dict_0001_0133" 10179
"../../../Engine/Content/EngineMaterials/Substrate/Glints2/dict_0001_0123.uasset" 10180
"../../../Engine/Content/EngineMaterials/Substrate/Glints2/dict_0001_0124.uasset" 10181
"/Engine/EngineMaterials/Substrate/Glints2/dict_0001_0134" 10182
"../../../Engine/Content/EngineMaterials/Substrate/Glints2/dict_0001_0122.uasset" 10183
"../../../Engine/Content/EngineMaterials/Substrate/Glints2/dict_0001_0121.uasset" 10184
"../../../Engine/Content/EngineMaterials/Substrate/Glints2/dict_0001_0120.uasset" 10185
"../../../Engine/Content/EngineMaterials/Substrate/Glints2/dict_0001_0119.uasset" 10186
"/Engine/EngineMaterials/Substrate/Glints2/dict_0001_0135" 10187
"../../../Engine/Content/EngineMaterials/Substrate/Glints2/dict_0001_0116.uasset" 10188
"../../../Engine/Content/EngineMaterials/Substrate/Glints2/dict_0001_0115.uasset" 10189
"../../../Engine/Content/EngineMaterials/Substrate/Glints2/dict_0001_0118.uasset" 10190
"../../../Engine/Content/EngineMaterials/Substrate/Glints2/dict_0001_0117.uasset" 10191
"/Engine/EngineMaterials/Substrate/Glints2/dict_0001_0136" 10192
"/Engine/EngineMaterials/Substrate/Glints2/dict_0001_0137" 10193
"/Engine/EngineMaterials/Substrate/Glints2/dict_0001_0138" 10194
"/Engine/EngineMaterials/Substrate/Glints2/dict_0001_0139" 10195
"/Engine/EngineMaterials/Substrate/Glints2/dict_0001_0140" 10196
"/Engine/EngineMaterials/Substrate/Glints2/dict_0001_0141" 10197
"/Engine/EngineMaterials/Substrate/Glints2/dict_0001_0142" 10198
"/Engine/EngineMaterials/Substrate/Glints2/dict_0001_0143" 10199
"/Engine/EngineMaterials/Substrate/Glints2/dict_0001_0144" 10200
"/Engine/EngineMaterials/Substrate/Glints2/dict_0001_0145" 10201
"/Engine/EngineMaterials/Substrate/Glints2/dict_0001_0146" 10202
"/Engine/EngineMaterials/Substrate/Glints2/dict_0001_0115" 10203
"../../../Engine/Content/EngineMaterials/Substrate/Glints2/dict_0001_0110.uasset" 10204
"../../../Engine/Content/EngineMaterials/Substrate/Glints2/dict_0001_0114.uasset" 10205
"../../../Engine/Content/EngineMaterials/Substrate/Glints2/dict_0001_0107.uasset" 10206
"../../../Engine/Content/EngineMaterials/Substrate/Glints2/dict_0001_0109.uasset" 10207
"../../../Engine/Content/EngineMaterials/Substrate/Glints2/dict_0001_0113.uasset" 10208
"../../../Engine/Content/EngineMaterials/Substrate/Glints2/dict_0001_0108.uasset" 10209
"../../../Engine/Content/EngineMaterials/Substrate/Glints2/dict_0001_0112.uasset" 10210
"/Engine/EngineMaterials/Substrate/Glints2/dict_0001_0116" 10211
"../../../Engine/Content/EngineMaterials/Substrate/Glints2/dict_0001_0111.uasset" 10212
"../../../Engine/Content/EngineMaterials/Substrate/Glints2/dict_0001_0106.uasset" 10213
"../../../Engine/Content/EngineMaterials/Substrate/Glints2/dict_0001_0104.uasset" 10214
"../../../Engine/Content/EngineMaterials/Substrate/Glints2/dict_0001_0105.uasset" 10215
"../../../Engine/Content/EngineMaterials/Substrate/Glints2/dict_0001_0101.uasset" 10216
"/Engine/EngineMaterials/Substrate/Glints2/dict_0001_0117" 10217
"../../../Engine/Content/EngineMaterials/Substrate/Glints2/dict_0001_0102.uasset" 10218
"../../../Engine/Content/EngineMaterials/Substrate/Glints2/dict_0001_0100.uasset" 10219
"../../../Engine/Content/EngineMaterials/Substrate/Glints2/dict_0001_0099.uasset" 10220
"../../../Engine/Content/EngineMaterials/Substrate/Glints2/dict_0001_0103.uasset" 10221
"/Engine/EngineMaterials/Substrate/Glints2/dict_0001_0118" 10222
"/Engine/EngineMaterials/Substrate/Glints2/dict_0001_0119" 10223
"/Engine/EngineMaterials/Substrate/Glints2/dict_0001_0120" 10224
"/Engine/EngineMaterials/Substrate/Glints2/dict_0001_0121" 10225
"/Engine/EngineMaterials/Substrate/Glints2/dict_0001_0122" 10226
"/Engine/EngineMaterials/Substrate/Glints2/dict_0001_0123" 10227
"/Engine/EngineMaterials/Substrate/Glints2/dict_0001_0124" 10228
"/Engine/EngineMaterials/Substrate/Glints2/dict_0001_0125" 10229
"/Engine/EngineMaterials/Substrate/Glints2/dict_0001_0126" 10230
"/Engine/EngineMaterials/Substrate/Glints2/dict_0001_0127" 10231
"/Engine/EngineMaterials/Substrate/Glints2/dict_0001_0128" 10232
"/Engine/EngineMaterials/Substrate/Glints2/dict_0001_0129" 10233
"/Engine/EngineMaterials/Substrate/Glints2/dict_0001_0130" 10234
"/Engine/EngineMaterials/Substrate/Glints2/dict_0001_0099" 10235
"../../../Engine/Content/EngineMaterials/Substrate/Glints2/dict_0001_0098.uasset" 10236
"../../../Engine/Content/EngineMaterials/Substrate/Glints2/dict_0001_0093.uasset" 10237
"../../../Engine/Content/EngineMaterials/Substrate/Glints2/dict_0001_0094.uasset" 10238
"../../../Engine/Content/EngineMaterials/Substrate/Glints2/dict_0001_0095.uasset" 10239
"/Engine/EngineMaterials/Substrate/Glints2/dict_0001_0100" 10240
"../../../Engine/Content/EngineMaterials/Substrate/Glints2/dict_0001_0091.uasset" 10241
"../../../Engine/Content/EngineMaterials/Substrate/Glints2/dict_0001_0089.uasset" 10242
"../../../Engine/Content/EngineMaterials/Substrate/Glints2/dict_0001_0096.uasset" 10243
"../../../Engine/Content/EngineMaterials/Substrate/Glints2/dict_0001_0097.uasset" 10244
"../../../Engine/Content/EngineMaterials/Substrate/Glints2/dict_0001_0090.uasset" 10245
"../../../Engine/Content/EngineMaterials/Substrate/Glints2/dict_0001_0092.uasset" 10246
"../../../Engine/Content/EngineMaterials/Substrate/Glints2/dict_0001_0088.uasset" 10247
"/Engine/EngineMaterials/Substrate/Glints2/dict_0001_0101" 10248
"../../../Engine/Content/EngineMaterials/Substrate/Glints2/dict_0001_0087.uasset" 10249
"../../../Engine/Content/EngineMaterials/Substrate/Glints2/dict_0001_0086.uasset" 10250
"../../../Engine/Content/EngineMaterials/Substrate/Glints2/dict_0001_0084.uasset" 10251
"../../../Engine/Content/EngineMaterials/Substrate/Glints2/dict_0001_0083.uasset" 10252
"../../../Engine/Content/EngineMaterials/Substrate/Glints2/dict_0001_0085.uasset" 10253
"/Engine/EngineMaterials/Substrate/Glints2/dict_0001_0102" 10254
"/Engine/EngineMaterials/Substrate/Glints2/dict_0001_0103" 10255
"/Engine/EngineMaterials/Substrate/Glints2/dict_0001_0104" 10256
"/Engine/EngineMaterials/Substrate/Glints2/dict_0001_0105" 10257
"/Engine/EngineMaterials/Substrate/Glints2/dict_0001_0106" 10258
"/Engine/EngineMaterials/Substrate/Glints2/dict_0001_0107" 10259
"/Engine/EngineMaterials/Substrate/Glints2/dict_0001_0108" 10260
"/Engine/EngineMaterials/Substrate/Glints2/dict_0001_0109" 10261
"/Engine/EngineMaterials/Substrate/Glints2/dict_0001_0110" 10262
"/Engine/EngineMaterials/Substrate/Glints2/dict_0001_0111" 10263
"/Engine/EngineMaterials/Substrate/Glints2/dict_0001_0112" 10264
"/Engine/EngineMaterials/Substrate/Glints2/dict_0001_0113" 10265
"/Engine/EngineMaterials/Substrate/Glints2/dict_0001_0114" 10266
"/Engine/EngineMaterials/Substrate/Glints2/dict_0001_0083" 10267
"../../../Engine/Content/EngineMaterials/Substrate/Glints2/dict_0001_0077.uasset" 10268
"../../../Engine/Content/EngineMaterials/Substrate/Glints2/dict_0001_0079.uasset" 10269
"/Engine/EngineMaterials/Substrate/Glints2/dict_0001_0084" 10270
"../../../Engine/Content/EngineMaterials/Substrate/Glints2/dict_0001_0080.uasset" 10271
"../../../Engine/Content/EngineMaterials/Substrate/Glints2/dict_0001_0082.uasset" 10272
"../../../Engine/Content/EngineMaterials/Substrate/Glints2/dict_0001_0078.uasset" 10273
"../../../Engine/Content/EngineMaterials/Substrate/Glints2/dict_0001_0076.uasset" 10274
"../../../Engine/Content/EngineMaterials/Substrate/Glints2/dict_0001_0073.uasset" 10275
"../../../Engine/Content/EngineMaterials/Substrate/Glints2/dict_0001_0074.uasset" 10276
"../../../Engine/Content/EngineMaterials/Substrate/Glints2/dict_0001_0075.uasset" 10277
"../../../Engine/Content/EngineMaterials/Substrate/Glints2/dict_0001_0081.uasset" 10278
"/Engine/EngineMaterials/Substrate/Glints2/dict_0001_0085" 10279
"../../../Engine/Content/EngineMaterials/Substrate/Glints2/dict_0001_0070.uasset" 10280
"../../../Engine/Content/EngineMaterials/Substrate/Glints2/dict_0001_0072.uasset" 10281
"../../../Engine/Content/EngineMaterials/Substrate/Glints2/dict_0001_0071.uasset" 10282
"../../../Engine/Content/EngineMaterials/Substrate/Glints2/dict_0001_0068.uasset" 10283
"../../../Engine/Content/EngineMaterials/Substrate/Glints2/dict_0001_0069.uasset" 10284
"/Engine/EngineMaterials/Substrate/Glints2/dict_0001_0086" 10285
"../../../Engine/Content/EngineMaterials/Substrate/Glints2/dict_0001_0067.uasset" 10286
"/Engine/EngineMaterials/Substrate/Glints2/dict_0001_0087" 10287
"/Engine/EngineMaterials/Substrate/Glints2/dict_0001_0088" 10288
"/Engine/EngineMaterials/Substrate/Glints2/dict_0001_0089" 10289
"/Engine/EngineMaterials/Substrate/Glints2/dict_0001_0090" 10290
"/Engine/EngineMaterials/Substrate/Glints2/dict_0001_0091" 10291
"/Engine/EngineMaterials/Substrate/Glints2/dict_0001_0092" 10292
"/Engine/EngineMaterials/Substrate/Glints2/dict_0001_0093" 10293
"/Engine/EngineMaterials/Substrate/Glints2/dict_0001_0094" 10294
"/Engine/EngineMaterials/Substrate/Glints2/dict_0001_0095" 10295
"/Engine/EngineMaterials/Substrate/Glints2/dict_0001_0096" 10296
"/Engine/EngineMaterials/Substrate/Glints2/dict_0001_0097" 10297
"/Engine/EngineMaterials/Substrate/Glints2/dict_0001_0098" 10298
"/Engine/EngineMaterials/Substrate/Glints2/dict_0001_0067" 10299
"../../../Engine/Content/EngineMaterials/Substrate/Glints2/dict_0001_0064.uasset" 10300
"../../../Engine/Content/EngineMaterials/Substrate/Glints2/dict_0001_0065.uasset" 10301
"../../../Engine/Content/EngineMaterials/Substrate/Glints2/dict_0001_0062.uasset" 10302
"../../../Engine/Content/EngineMaterials/Substrate/Glints2/dict_0001_0061.uasset" 10303
"../../../Engine/Content/EngineMaterials/Substrate/Glints2/dict_0001_0063.uasset" 10304
"../../../Engine/Content/EngineMaterials/Substrate/Glints2/dict_0001_0066.uasset" 10305
"../../../Engine/Content/EngineMaterials/Substrate/Glints2/dict_0001_0058.uasset" 10306
"../../../Engine/Content/EngineMaterials/Substrate/Glints2/dict_0001_0060.uasset" 10307
"../../../Engine/Content/EngineMaterials/Substrate/Glints2/dict_0001_0059.uasset" 10308
"/Engine/EngineMaterials/Substrate/Glints2/dict_0001_0068" 10309
"../../../Engine/Content/EngineMaterials/Substrate/Glints2/dict_0001_0054.uasset" 10310
"../../../Engine/Content/EngineMaterials/Substrate/Glints2/dict_0001_0057.uasset" 10311
"../../../Engine/Content/EngineMaterials/Substrate/Glints2/dict_0001_0056.uasset" 10312
"../../../Engine/Content/EngineMaterials/Substrate/Glints2/dict_0001_0055.uasset" 10313
"../../../Engine/Content/EngineMaterials/Substrate/Glints2/dict_0001_0053.uasset" 10314
"../../../Engine/Content/EngineMaterials/Substrate/Glints2/dict_0001_0051.uasset" 10315
"../../../Engine/Content/EngineMaterials/Substrate/Glints2/dict_0001_0052.uasset" 10316
"/Engine/EngineMaterials/Substrate/Glints2/dict_0001_0069" 10317
"/Engine/EngineMaterials/Substrate/Glints2/dict_0001_0070" 10318
"/Engine/EngineMaterials/Substrate/Glints2/dict_0001_0071" 10319
"/Engine/EngineMaterials/Substrate/Glints2/dict_0001_0072" 10320
"/Engine/EngineMaterials/Substrate/Glints2/dict_0001_0073" 10321
"/Engine/EngineMaterials/Substrate/Glints2/dict_0001_0074" 10322
"/Engine/EngineMaterials/Substrate/Glints2/dict_0001_0075" 10323
"/Engine/EngineMaterials/Substrate/Glints2/dict_0001_0076" 10324
"/Engine/EngineMaterials/Substrate/Glints2/dict_0001_0077" 10325
"/Engine/EngineMaterials/Substrate/Glints2/dict_0001_0078" 10326
"/Engine/EngineMaterials/Substrate/Glints2/dict_0001_0079" 10327
"/Engine/EngineMaterials/Substrate/Glints2/dict_0001_0080" 10328
"/Engine/EngineMaterials/Substrate/Glints2/dict_0001_0081" 10329
"/Engine/EngineMaterials/Substrate/Glints2/dict_0001_0082" 10330
"/Engine/EngineMaterials/Substrate/Glints2/dict_0001_0051" 10331
"../../../Engine/Content/EngineMaterials/Substrate/Glints2/dict_0001_0042.uasset" 10332
"../../../Engine/Content/EngineMaterials/Substrate/Glints2/dict_0001_0044.uasset" 10333
"../../../Engine/Content/EngineMaterials/Substrate/Glints2/dict_0001_0047.uasset" 10334
"../../../Engine/Content/EngineMaterials/Substrate/Glints2/dict_0001_0049.uasset" 10335
"/Engine/EngineMaterials/Substrate/Glints2/dict_0001_0052" 10336
"../../../Engine/Content/EngineMaterials/Substrate/Glints2/dict_0001_0043.uasset" 10337
"../../../Engine/Content/EngineMaterials/Substrate/Glints2/dict_0001_0050.uasset" 10338
"../../../Engine/Content/EngineMaterials/Substrate/Glints2/dict_0001_0048.uasset" 10339
"../../../Engine/Content/EngineMaterials/Substrate/Glints2/dict_0001_0046.uasset" 10340
"../../../Engine/Content/EngineMaterials/Substrate/Glints2/dict_0001_0045.uasset" 10341
"/Engine/EngineMaterials/Substrate/Glints2/dict_0001_0053" 10342
"../../../Engine/Content/EngineMaterials/Substrate/Glints2/dict_0001_0041.uasset" 10343
"../../../Engine/Content/EngineMaterials/Substrate/Glints2/dict_0001_0039.uasset" 10344
"../../../Engine/Content/EngineMaterials/Substrate/Glints2/dict_0001_0040.uasset" 10345
"../../../Engine/Content/EngineMaterials/Substrate/Glints2/dict_0001_0038.uasset" 10346
"../../../Engine/Content/EngineMaterials/Substrate/Glints2/dict_0001_0035.uasset" 10347
"../../../Engine/Content/EngineMaterials/Substrate/Glints2/dict_0001_0036.uasset" 10348
"../../../Engine/Content/EngineMaterials/Substrate/Glints2/dict_0001_0037.uasset" 10349
"/Engine/EngineMaterials/Substrate/Glints2/dict_0001_0054" 10350
"/Engine/EngineMaterials/Substrate/Glints2/dict_0001_0055" 10351
"/Engine/EngineMaterials/Substrate/Glints2/dict_0001_0056" 10352
"/Engine/EngineMaterials/Substrate/Glints2/dict_0001_0057" 10353
"/Engine/EngineMaterials/Substrate/Glints2/dict_0001_0058" 10354
"/Engine/EngineMaterials/Substrate/Glints2/dict_0001_0059" 10355
"/Engine/EngineMaterials/Substrate/Glints2/dict_0001_0060" 10356
"/Engine/EngineMaterials/Substrate/Glints2/dict_0001_0061" 10357
"/Engine/EngineMaterials/Substrate/Glints2/dict_0001_0062" 10358
"/Engine/EngineMaterials/Substrate/Glints2/dict_0001_0063" 10359
"/Engine/EngineMaterials/Substrate/Glints2/dict_0001_0064" 10360
"/Engine/EngineMaterials/Substrate/Glints2/dict_0001_0065" 10361
"/Engine/EngineMaterials/Substrate/Glints2/dict_0001_0066" 10362
"/Engine/EngineMaterials/Substrate/Glints2/dict_0001_0035" 10363
"../../../Engine/Content/EngineMaterials/Substrate/Glints2/dict_0001_0028.uasset" 10364
"../../../Engine/Content/EngineMaterials/Substrate/Glints2/dict_0001_0027.uasset" 10365
"../../../Engine/Content/EngineMaterials/Substrate/Glints2/dict_0001_0034.uasset" 10366
"../../../Engine/Content/EngineMaterials/Substrate/Glints2/dict_0001_0030.uasset" 10367
"../../../Engine/Content/EngineMaterials/Substrate/Glints2/dict_0001_0029.uasset" 10368
"../../../Engine/Content/EngineMaterials/Substrate/Glints2/dict_0001_0026.uasset" 10369
"/Engine/EngineMaterials/Substrate/Glints2/dict_0001_0036" 10370
"../../../Engine/Content/EngineMaterials/Substrate/Glints2/dict_0001_0032.uasset" 10371
"../../../Engine/Content/EngineMaterials/Substrate/Glints2/dict_0001_0033.uasset" 10372
"../../../Engine/Content/EngineMaterials/Substrate/Glints2/dict_0001_0031.uasset" 10373
"../../../Engine/Content/EngineMaterials/Substrate/Glints2/dict_0001_0025.uasset" 10374
"../../../Engine/Content/EngineMaterials/Substrate/Glints2/dict_0001_0024.uasset" 10375
"/Engine/EngineMaterials/Substrate/Glints2/dict_0001_0037" 10376
"../../../Engine/Content/EngineMaterials/Substrate/Glints2/dict_0001_0023.uasset" 10377
"../../../Engine/Content/EngineMaterials/Substrate/Glints2/dict_0001_0021.uasset" 10378
"../../../Engine/Content/EngineMaterials/Substrate/Glints2/dict_0001_0022.uasset" 10379
"../../../Engine/Content/EngineMaterials/Substrate/Glints2/dict_0001_0019.uasset" 10380
"../../../Engine/Content/EngineMaterials/Substrate/Glints2/dict_0001_0020.uasset" 10381
"/Engine/EngineMaterials/Substrate/Glints2/dict_0001_0038" 10382
"/Engine/EngineMaterials/Substrate/Glints2/dict_0001_0039" 10383
"/Engine/EngineMaterials/Substrate/Glints2/dict_0001_0040" 10384
"/Engine/EngineMaterials/Substrate/Glints2/dict_0001_0041" 10385
"/Engine/EngineMaterials/Substrate/Glints2/dict_0001_0042" 10386
"/Engine/EngineMaterials/Substrate/Glints2/dict_0001_0043" 10387
"/Engine/EngineMaterials/Substrate/Glints2/dict_0001_0044" 10388
"/Engine/EngineMaterials/Substrate/Glints2/dict_0001_0045" 10389
"/Engine/EngineMaterials/Substrate/Glints2/dict_0001_0046" 10390
"/Engine/EngineMaterials/Substrate/Glints2/dict_0001_0047" 10391
"/Engine/EngineMaterials/Substrate/Glints2/dict_0001_0048" 10392
"/Engine/EngineMaterials/Substrate/Glints2/dict_0001_0049" 10393
"/Engine/EngineMaterials/Substrate/Glints2/dict_0001_0050" 10394
"/Engine/EngineMaterials/Substrate/Glints2/dict_0001_0019" 10395
"../../../Engine/Content/EngineMaterials/Substrate/Glints2/dict_0001_0010.uasset" 10396
"../../../Engine/Content/EngineMaterials/Substrate/Glints2/dict_0001_0017.uasset" 10397
"../../../Engine/Content/EngineMaterials/Substrate/Glints2/dict_0001_0014.uasset" 10398
"/Engine/EngineMaterials/Substrate/Glints2/dict_0001_0020" 10399
"../../../Engine/Content/EngineMaterials/Substrate/Glints2/dict_0001_0015.uasset" 10400
"../../../Engine/Content/EngineMaterials/Substrate/Glints2/dict_0001_0016.uasset" 10401
"../../../Engine/Content/EngineMaterials/Substrate/Glints2/dict_0001_0009.uasset" 10402
"../../../Engine/Content/EngineMaterials/Substrate/Glints2/dict_0001_0013.uasset" 10403
"../../../Engine/Content/EngineMaterials/Substrate/Glints2/dict_0001_0012.uasset" 10404
"../../../Engine/Content/EngineMaterials/Substrate/Glints2/dict_0001_0018.uasset" 10405
"/Engine/EngineMaterials/Substrate/Glints2/dict_0001_0021" 10406
"../../../Engine/Content/EngineMaterials/Substrate/Glints2/dict_0001_0011.uasset" 10407
"/Engine/EngineMaterials/Substrate/Glints2/dict_0001_0022" 10408
"../../../Engine/Content/EngineMaterials/Substrate/Glints2/dict_0001_0007.uasset" 10409
"../../../Engine/Content/EngineMaterials/Substrate/Glints2/dict_0001_0006.uasset" 10410
"../../../Engine/Content/EngineMaterials/Substrate/Glints2/dict_0001_0005.uasset" 10411
"../../../Engine/Content/EngineMaterials/Substrate/Glints2/dict_0001_0003.uasset" 10412
"../../../Engine/Content/EngineMaterials/Substrate/Glints2/dict_0001_0008.uasset" 10413
"../../../Engine/Content/EngineMaterials/Substrate/Glints2/dict_0001_0004.uasset" 10414
"/Engine/EngineMaterials/Substrate/Glints2/dict_0001_0023" 10415
"/Engine/EngineMaterials/Substrate/Glints2/dict_0001_0024" 10416
"/Engine/EngineMaterials/Substrate/Glints2/dict_0001_0025" 10417
"/Engine/EngineMaterials/Substrate/Glints2/dict_0001_0026" 10418
"/Engine/EngineMaterials/Substrate/Glints2/dict_0001_0027" 10419
"/Engine/EngineMaterials/Substrate/Glints2/dict_0001_0028" 10420
"/Engine/EngineMaterials/Substrate/Glints2/dict_0001_0029" 10421
"/Engine/EngineMaterials/Substrate/Glints2/dict_0001_0030" 10422
"/Engine/EngineMaterials/Substrate/Glints2/dict_0001_0031" 10423
"/Engine/EngineMaterials/Substrate/Glints2/dict_0001_0032" 10424
"/Engine/EngineMaterials/Substrate/Glints2/dict_0001_0033" 10425
"/Engine/EngineMaterials/Substrate/Glints2/dict_0001_0034" 10426
"/Engine/EngineMaterials/Substrate/Glints2/dict_0001_0003" 10427
"../../../Engine/Content/EngineMaterials/Substrate/Glints2/dict_0000_0254.uasset" 10428
"../../../Engine/Content/EngineMaterials/Substrate/Glints2/dict_0001_0001.uasset" 10429
"../../../Engine/Content/EngineMaterials/Substrate/Glints2/dict_0001_0000.uasset" 10430
"../../../Engine/Content/EngineMaterials/Substrate/Glints2/dict_0000_0255.uasset" 10431
"/Engine/EngineMaterials/Substrate/Glints2/dict_0001_0004" 10432
"../../../Engine/Content/EngineMaterials/Substrate/Glints2/dict_0000_0251.uasset" 10433
"../../../Engine/Content/EngineMaterials/Substrate/Glints2/dict_0000_0252.uasset" 10434
"../../../Engine/Content/EngineMaterials/Substrate/Glints2/dict_0000_0250.uasset" 10435
"../../../Engine/Content/EngineMaterials/Substrate/Glints2/dict_0000_0249.uasset" 10436
"../../../Engine/Content/EngineMaterials/Substrate/Glints2/dict_0000_0253.uasset" 10437
"../../../Engine/Content/EngineMaterials/Substrate/Glints2/dict_0001_0002.uasset" 10438
"../../../Engine/Content/EngineMaterials/Substrate/Glints2/dict_0000_0248.uasset" 10439
"/Engine/EngineMaterials/Substrate/Glints2/dict_0001_0005" 10440
"../../../Engine/Content/EngineMaterials/Substrate/Glints2/dict_0000_0246.uasset" 10441
"../../../Engine/Content/EngineMaterials/Substrate/Glints2/dict_0000_0243.uasset" 10442
"../../../Engine/Content/EngineMaterials/Substrate/Glints2/dict_0000_0247.uasset" 10443
"../../../Engine/Content/EngineMaterials/Substrate/Glints2/dict_0000_0245.uasset" 10444
"/Engine/EngineMaterials/Substrate/Glints2/dict_0001_0006" 10445
"/Engine/EngineMaterials/Substrate/Glints2/dict_0001_0007" 10446
"/Engine/EngineMaterials/Substrate/Glints2/dict_0001_0008" 10447
"/Engine/EngineMaterials/Substrate/Glints2/dict_0001_0009" 10448
"/Engine/EngineMaterials/Substrate/Glints2/dict_0001_0010" 10449
"/Engine/EngineMaterials/Substrate/Glints2/dict_0001_0011" 10450
"../../../Engine/Content/EngineMaterials/Substrate/Glints2/dict_0000_0244.uasset" 10451
"/Engine/EngineMaterials/Substrate/Glints2/dict_0001_0012" 10452
"/Engine/EngineMaterials/Substrate/Glints2/dict_0001_0013" 10453
"/Engine/EngineMaterials/Substrate/Glints2/dict_0001_0014" 10454
"/Engine/EngineMaterials/Substrate/Glints2/dict_0001_0015" 10455
"/Engine/EngineMaterials/Substrate/Glints2/dict_0001_0016" 10456
"/Engine/EngineMaterials/Substrate/Glints2/dict_0001_0017" 10457
"/Engine/EngineMaterials/Substrate/Glints2/dict_0001_0018" 10458
"/Engine/EngineMaterials/Substrate/Glints2/dict_0000_0243" 10459
"../../../Engine/Content/EngineMaterials/Substrate/Glints2/dict_0000_0233.uasset" 10460
"../../../Engine/Content/EngineMaterials/Substrate/Glints2/dict_0000_0236.uasset" 10461
"../../../Engine/Content/EngineMaterials/Substrate/Glints2/dict_0000_0237.uasset" 10462
"../../../Engine/Content/EngineMaterials/Substrate/Glints2/dict_0000_0242.uasset" 10463
"../../../Engine/Content/EngineMaterials/Substrate/Glints2/dict_0000_0239.uasset" 10464
"../../../Engine/Content/EngineMaterials/Substrate/Glints2/dict_0000_0234.uasset" 10465
"/Engine/EngineMaterials/Substrate/Glints2/dict_0000_0244" 10466
"../../../Engine/Content/EngineMaterials/Substrate/Glints2/dict_0000_0235.uasset" 10467
"../../../Engine/Content/EngineMaterials/Substrate/Glints2/dict_0000_0238.uasset" 10468
"../../../Engine/Content/EngineMaterials/Substrate/Glints2/dict_0000_0240.uasset" 10469
"../../../Engine/Content/EngineMaterials/Substrate/Glints2/dict_0000_0232.uasset" 10470
"../../../Engine/Content/EngineMaterials/Substrate/Glints2/dict_0000_0241.uasset" 10471
"/Engine/EngineMaterials/Substrate/Glints2/dict_0000_0245" 10472
"../../../Engine/Content/EngineMaterials/Substrate/Glints2/dict_0000_0231.uasset" 10473
"../../../Engine/Content/EngineMaterials/Substrate/Glints2/dict_0000_0230.uasset" 10474
"../../../Engine/Content/EngineMaterials/Substrate/Glints2/dict_0000_0227.uasset" 10475
"/Engine/EngineMaterials/Substrate/Glints2/dict_0000_0246" 10476
"../../../Engine/Content/EngineMaterials/Substrate/Glints2/dict_0000_0229.uasset" 10477
"../../../Engine/Content/EngineMaterials/Substrate/Glints2/dict_0000_0228.uasset" 10478
"/Engine/EngineMaterials/Substrate/Glints2/dict_0000_0247" 10479
"/Engine/EngineMaterials/Substrate/Glints2/dict_0000_0248" 10480
"/Engine/EngineMaterials/Substrate/Glints2/dict_0000_0249" 10481
"/Engine/EngineMaterials/Substrate/Glints2/dict_0000_0250" 10482
"/Engine/EngineMaterials/Substrate/Glints2/dict_0000_0251" 10483
"/Engine/EngineMaterials/Substrate/Glints2/dict_0000_0252" 10484
"/Engine/EngineMaterials/Substrate/Glints2/dict_0000_0253" 10485
"/Engine/EngineMaterials/Substrate/Glints2/dict_0000_0254" 10486
"/Engine/EngineMaterials/Substrate/Glints2/dict_0000_0255" 10487
"/Engine/EngineMaterials/Substrate/Glints2/dict_0001_0000" 10488
"/Engine/EngineMaterials/Substrate/Glints2/dict_0001_0001" 10489
"/Engine/EngineMaterials/Substrate/Glints2/dict_0001_0002" 10490
"/Engine/EngineMaterials/Substrate/Glints2/dict_0000_0227" 10491
"../../../Engine/Content/EngineMaterials/Substrate/Glints2/dict_0000_0221.uasset" 10492
"../../../Engine/Content/EngineMaterials/Substrate/Glints2/dict_0000_0224.uasset" 10493
"../../../Engine/Content/EngineMaterials/Substrate/Glints2/dict_0000_0225.uasset" 10494
"../../../Engine/Content/EngineMaterials/Substrate/Glints2/dict_0000_0226.uasset" 10495
"../../../Engine/Content/EngineMaterials/Substrate/Glints2/dict_0000_0218.uasset" 10496
"/Engine/EngineMaterials/Substrate/Glints2/dict_0000_0228" 10497
"../../../Engine/Content/EngineMaterials/Substrate/Glints2/dict_0000_0219.uasset" 10498
"../../../Engine/Content/EngineMaterials/Substrate/Glints2/dict_0000_0222.uasset" 10499
"../../../Engine/Content/EngineMaterials/Substrate/Glints2/dict_0000_0220.uasset" 10500
"../../../Engine/Content/EngineMaterials/Substrate/Glints2/dict_0000_0223.uasset" 10501
"/Engine/EngineMaterials/Substrate/Glints2/dict_0000_0229" 10502
"/Engine/EngineMaterials/Substrate/Glints2/dict_0000_0230" 10503
"../../../Engine/Content/EngineMaterials/Substrate/Glints2/dict_0000_0217.uasset" 10504
"../../../Engine/Content/EngineMaterials/Substrate/Glints2/dict_0000_0215.uasset" 10505
"../../../Engine/Content/EngineMaterials/Substrate/Glints2/dict_0000_0214.uasset" 10506
"../../../Engine/Content/EngineMaterials/Substrate/Glints2/dict_0000_0212.uasset" 10507
"../../../Engine/Content/EngineMaterials/Substrate/Glints2/dict_0000_0211.uasset" 10508
"../../../Engine/Content/EngineMaterials/Substrate/Glints2/dict_0000_0216.uasset" 10509
"/Engine/EngineMaterials/Substrate/Glints2/dict_0000_0231" 10510
"../../../Engine/Content/EngineMaterials/Substrate/Glints2/dict_0000_0213.uasset" 10511
"/Engine/EngineMaterials/Substrate/Glints2/dict_0000_0232" 10512
"/Engine/EngineMaterials/Substrate/Glints2/dict_0000_0233" 10513
"/Engine/EngineMaterials/Substrate/Glints2/dict_0000_0234" 10514
"/Engine/EngineMaterials/Substrate/Glints2/dict_0000_0235" 10515
"/Engine/EngineMaterials/Substrate/Glints2/dict_0000_0236" 10516
"/Engine/EngineMaterials/Substrate/Glints2/dict_0000_0237" 10517
"/Engine/EngineMaterials/Substrate/Glints2/dict_0000_0238" 10518
"/Engine/EngineMaterials/Substrate/Glints2/dict_0000_0239" 10519
"/Engine/EngineMaterials/Substrate/Glints2/dict_0000_0240" 10520
"/Engine/EngineMaterials/Substrate/Glints2/dict_0000_0241" 10521
"/Engine/EngineMaterials/Substrate/Glints2/dict_0000_0242" 10522
"/Engine/EngineMaterials/Substrate/Glints2/dict_0000_0211" 10523
"../../../Engine/Content/EngineMaterials/Substrate/Glints2/dict_0000_0208.uasset" 10524
"../../../Engine/Content/EngineMaterials/Substrate/Glints2/dict_0000_0207.uasset" 10525
"../../../Engine/Content/EngineMaterials/Substrate/Glints2/dict_0000_0204.uasset" 10526
"../../../Engine/Content/EngineMaterials/Substrate/Glints2/dict_0000_0210.uasset" 10527
"../../../Engine/Content/EngineMaterials/Substrate/Glints2/dict_0000_0203.uasset" 10528
"../../../Engine/Content/EngineMaterials/Substrate/Glints2/dict_0000_0206.uasset" 10529
"../../../Engine/Content/EngineMaterials/Substrate/Glints2/dict_0000_0209.uasset" 10530
"../../../Engine/Content/EngineMaterials/Substrate/Glints2/dict_0000_0202.uasset" 10531
"/Engine/EngineMaterials/Substrate/Glints2/dict_0000_0212" 10532
"../../../Engine/Content/EngineMaterials/Substrate/Glints2/dict_0000_0205.uasset" 10533
"../../../Engine/Content/EngineMaterials/Substrate/Glints2/dict_0000_0199.uasset" 10534
"../../../Engine/Content/EngineMaterials/Substrate/Glints2/dict_0000_0201.uasset" 10535
"../../../Engine/Content/EngineMaterials/Substrate/Glints2/dict_0000_0200.uasset" 10536
"../../../Engine/Content/EngineMaterials/Substrate/Glints2/dict_0000_0198.uasset" 10537
"../../../Engine/Content/EngineMaterials/Substrate/Glints2/dict_0000_0197.uasset" 10538
"../../../Engine/Content/EngineMaterials/Substrate/Glints2/dict_0000_0195.uasset" 10539
"/Engine/EngineMaterials/Substrate/Glints2/dict_0000_0213" 10540
"../../../Engine/Content/EngineMaterials/Substrate/Glints2/dict_0000_0196.uasset" 10541
"/Engine/EngineMaterials/Substrate/Glints2/dict_0000_0214" 10542
"/Engine/EngineMaterials/Substrate/Glints2/dict_0000_0215" 10543
"/Engine/EngineMaterials/Substrate/Glints2/dict_0000_0216" 10544
"/Engine/EngineMaterials/Substrate/Glints2/dict_0000_0217" 10545
"/Engine/EngineMaterials/Substrate/Glints2/dict_0000_0218" 10546
"/Engine/EngineMaterials/Substrate/Glints2/dict_0000_0219" 10547
"/Engine/EngineMaterials/Substrate/Glints2/dict_0000_0220" 10548
"/Engine/EngineMaterials/Substrate/Glints2/dict_0000_0221" 10549
"/Engine/EngineMaterials/Substrate/Glints2/dict_0000_0222" 10550
"/Engine/EngineMaterials/Substrate/Glints2/dict_0000_0223" 10551
"/Engine/EngineMaterials/Substrate/Glints2/dict_0000_0224" 10552
"/Engine/EngineMaterials/Substrate/Glints2/dict_0000_0225" 10553
"/Engine/EngineMaterials/Substrate/Glints2/dict_0000_0226" 10554
"/Engine/EngineMaterials/Substrate/Glints2/dict_0000_0195" 10555
"../../../Engine/Content/EngineMaterials/Substrate/Glints2/dict_0000_0189.uasset" 10556
"../../../Engine/Content/EngineMaterials/Substrate/Glints2/dict_0000_0187.uasset" 10557
"../../../Engine/Content/EngineMaterials/Substrate/Glints2/dict_0000_0188.uasset" 10558
"../../../Engine/Content/EngineMaterials/Substrate/Glints2/dict_0000_0185.uasset" 10559
"../../../Engine/Content/EngineMaterials/Substrate/Glints2/dict_0000_0190.uasset" 10560
"../../../Engine/Content/EngineMaterials/Substrate/Glints2/dict_0000_0194.uasset" 10561
"../../../Engine/Content/EngineMaterials/Substrate/Glints2/dict_0000_0193.uasset" 10562
"../../../Engine/Content/EngineMaterials/Substrate/Glints2/dict_0000_0186.uasset" 10563
"/Engine/EngineMaterials/Substrate/Glints2/dict_0000_0196" 10564
"../../../Engine/Content/EngineMaterials/Substrate/Glints2/dict_0000_0192.uasset" 10565
"../../../Engine/Content/EngineMaterials/Substrate/Glints2/dict_0000_0191.uasset" 10566
"../../../Engine/Content/EngineMaterials/Substrate/Glints2/dict_0000_0182.uasset" 10567
"../../../Engine/Content/EngineMaterials/Substrate/Glints2/dict_0000_0184.uasset" 10568
"../../../Engine/Content/EngineMaterials/Substrate/Glints2/dict_0000_0181.uasset" 10569
"../../../Engine/Content/EngineMaterials/Substrate/Glints2/dict_0000_0179.uasset" 10570
"../../../Engine/Content/EngineMaterials/Substrate/Glints2/dict_0000_0180.uasset" 10571
"../../../Engine/Content/EngineMaterials/Substrate/Glints2/dict_0000_0183.uasset" 10572
"/Engine/EngineMaterials/Substrate/Glints2/dict_0000_0197" 10573
"/Engine/EngineMaterials/Substrate/Glints2/dict_0000_0198" 10574
"/Engine/EngineMaterials/Substrate/Glints2/dict_0000_0199" 10575
"/Engine/EngineMaterials/Substrate/Glints2/dict_0000_0200" 10576
"/Engine/EngineMaterials/Substrate/Glints2/dict_0000_0201" 10577
"/Engine/EngineMaterials/Substrate/Glints2/dict_0000_0202" 10578
"/Engine/EngineMaterials/Substrate/Glints2/dict_0000_0203" 10579
"/Engine/EngineMaterials/Substrate/Glints2/dict_0000_0204" 10580
"/Engine/EngineMaterials/Substrate/Glints2/dict_0000_0205" 10581
"/Engine/EngineMaterials/Substrate/Glints2/dict_0000_0206" 10582
"/Engine/EngineMaterials/Substrate/Glints2/dict_0000_0207" 10583
"/Engine/EngineMaterials/Substrate/Glints2/dict_0000_0208" 10584
"/Engine/EngineMaterials/Substrate/Glints2/dict_0000_0209" 10585
"/Engine/EngineMaterials/Substrate/Glints2/dict_0000_0210" 10586
"/Engine/EngineMaterials/Substrate/Glints2/dict_0000_0179" 10587
"../../../Engine/Content/EngineMaterials/Substrate/Glints2/dict_0000_0173.uasset" 10588
"../../../Engine/Content/EngineMaterials/Substrate/Glints2/dict_0000_0176.uasset" 10589
"../../../Engine/Content/EngineMaterials/Substrate/Glints2/dict_0000_0169.uasset" 10590
"../../../Engine/Content/EngineMaterials/Substrate/Glints2/dict_0000_0178.uasset" 10591
"../../../Engine/Content/EngineMaterials/Substrate/Glints2/dict_0000_0177.uasset" 10592
"../../../Engine/Content/EngineMaterials/Substrate/Glints2/dict_0000_0174.uasset" 10593
"../../../Engine/Content/EngineMaterials/Substrate/Glints2/dict_0000_0175.uasset" 10594
"/Engine/EngineMaterials/Substrate/Glints2/dict_0000_0180" 10595
"../../../Engine/Content/EngineMaterials/Substrate/Glints2/dict_0000_0171.uasset" 10596
"../../../Engine/Content/EngineMaterials/Substrate/Glints2/dict_0000_0170.uasset" 10597
"../../../Engine/Content/EngineMaterials/Substrate/Glints2/dict_0000_0172.uasset" 10598
"../../../Engine/Content/EngineMaterials/Substrate/Glints2/dict_0000_0166.uasset" 10599
"../../../Engine/Content/EngineMaterials/Substrate/Glints2/dict_0000_0168.uasset" 10600
"../../../Engine/Content/EngineMaterials/Substrate/Glints2/dict_0000_0165.uasset" 10601
"/Engine/EngineMaterials/Substrate/Glints2/dict_0000_0181" 10602
"../../../Engine/Content/EngineMaterials/Substrate/Glints2/dict_0000_0167.uasset" 10603
"../../../Engine/Content/EngineMaterials/Substrate/Glints2/dict_0000_0164.uasset" 10604
"../../../Engine/Content/EngineMaterials/Substrate/Glints2/dict_0000_0163.uasset" 10605
"/Engine/EngineMaterials/Substrate/Glints2/dict_0000_0182" 10606
"/Engine/EngineMaterials/Substrate/Glints2/dict_0000_0183" 10607
"/Engine/EngineMaterials/Substrate/Glints2/dict_0000_0184" 10608
"/Engine/EngineMaterials/Substrate/Glints2/dict_0000_0185" 10609
"/Engine/EngineMaterials/Substrate/Glints2/dict_0000_0186" 10610
"/Engine/EngineMaterials/Substrate/Glints2/dict_0000_0187" 10611
"/Engine/EngineMaterials/Substrate/Glints2/dict_0000_0188" 10612
"/Engine/EngineMaterials/Substrate/Glints2/dict_0000_0189" 10613
"/Engine/EngineMaterials/Substrate/Glints2/dict_0000_0190" 10614
"/Engine/EngineMaterials/Substrate/Glints2/dict_0000_0191" 10615
"/Engine/EngineMaterials/Substrate/Glints2/dict_0000_0192" 10616
"/Engine/EngineMaterials/Substrate/Glints2/dict_0000_0193" 10617
"/Engine/EngineMaterials/Substrate/Glints2/dict_0000_0194" 10618
"/Engine/EngineMaterials/Substrate/Glints2/dict_0000_0163" 10619
"../../../Engine/Content/EngineMaterials/Substrate/Glints2/dict_0000_0159.uasset" 10620
"../../../Engine/Content/EngineMaterials/Substrate/Glints2/dict_0000_0160.uasset" 10621
"../../../Engine/Content/EngineMaterials/Substrate/Glints2/dict_0000_0155.uasset" 10622
"../../../Engine/Content/EngineMaterials/Substrate/Glints2/dict_0000_0157.uasset" 10623
"../../../Engine/Content/EngineMaterials/Substrate/Glints2/dict_0000_0153.uasset" 10624
"../../../Engine/Content/EngineMaterials/Substrate/Glints2/dict_0000_0156.uasset" 10625
"/Engine/EngineMaterials/Substrate/Glints2/dict_0000_0164" 10626
"../../../Engine/Content/EngineMaterials/Substrate/Glints2/dict_0000_0161.uasset" 10627
"../../../Engine/Content/EngineMaterials/Substrate/Glints2/dict_0000_0162.uasset" 10628
"../../../Engine/Content/EngineMaterials/Substrate/Glints2/dict_0000_0158.uasset" 10629
"../../../Engine/Content/EngineMaterials/Substrate/Glints2/dict_0000_0154.uasset" 10630
"/Engine/EngineMaterials/Substrate/Glints2/dict_0000_0165" 10631
"../../../Engine/Content/EngineMaterials/Substrate/Glints2/dict_0000_0152.uasset" 10632
"../../../Engine/Content/EngineMaterials/Substrate/Glints2/dict_0000_0150.uasset" 10633
"../../../Engine/Content/EngineMaterials/Substrate/Glints2/dict_0000_0151.uasset" 10634
"../../../Engine/Content/EngineMaterials/Substrate/Glints2/dict_0000_0149.uasset" 10635
"../../../Engine/Content/EngineMaterials/Substrate/Glints2/dict_0000_0148.uasset" 10636
"../../../Engine/Content/EngineMaterials/Substrate/Glints2/dict_0000_0147.uasset" 10637
"/Engine/EngineMaterials/Substrate/Glints2/dict_0000_0166" 10638
"/Engine/EngineMaterials/Substrate/Glints2/dict_0000_0167" 10639
"/Engine/EngineMaterials/Substrate/Glints2/dict_0000_0168" 10640
"/Engine/EngineMaterials/Substrate/Glints2/dict_0000_0169" 10641
"/Engine/EngineMaterials/Substrate/Glints2/dict_0000_0170" 10642
"/Engine/EngineMaterials/Substrate/Glints2/dict_0000_0171" 10643
"/Engine/EngineMaterials/Substrate/Glints2/dict_0000_0172" 10644
"/Engine/EngineMaterials/Substrate/Glints2/dict_0000_0173" 10645
"/Engine/EngineMaterials/Substrate/Glints2/dict_0000_0174" 10646
"/Engine/EngineMaterials/Substrate/Glints2/dict_0000_0175" 10647
"/Engine/EngineMaterials/Substrate/Glints2/dict_0000_0176" 10648
"/Engine/EngineMaterials/Substrate/Glints2/dict_0000_0177" 10649
"/Engine/EngineMaterials/Substrate/Glints2/dict_0000_0178" 10650
"/Engine/EngineMaterials/Substrate/Glints2/dict_0000_0147" 10651
"../../../Engine/Content/EngineMaterials/Substrate/Glints2/dict_0000_0144.uasset" 10652
"../../../Engine/Content/EngineMaterials/Substrate/Glints2/dict_0000_0137.uasset" 10653
"../../../Engine/Content/EngineMaterials/Substrate/Glints2/dict_0000_0140.uasset" 10654
"../../../Engine/Content/EngineMaterials/Substrate/Glints2/dict_0000_0138.uasset" 10655
"../../../Engine/Content/EngineMaterials/Substrate/Glints2/dict_0000_0141.uasset" 10656
"/Engine/EngineMaterials/Substrate/Glints2/dict_0000_0148" 10657
"../../../Engine/Content/EngineMaterials/Substrate/Glints2/dict_0000_0139.uasset" 10658
"../../../Engine/Content/EngineMaterials/Substrate/Glints2/dict_0000_0143.uasset" 10659
"../../../Engine/Content/EngineMaterials/Substrate/Glints2/dict_0000_0145.uasset" 10660
"../../../Engine/Content/EngineMaterials/Substrate/Glints2/dict_0000_0146.uasset" 10661
"../../../Engine/Content/EngineMaterials/Substrate/Glints2/dict_0000_0142.uasset" 10662
"/Engine/EngineMaterials/Substrate/Glints2/dict_0000_0149" 10663
"../../../Engine/Content/EngineMaterials/Substrate/Glints2/dict_0000_0136.uasset" 10664
"../../../Engine/Content/EngineMaterials/Substrate/Glints2/dict_0000_0135.uasset" 10665
"../../../Engine/Content/EngineMaterials/Substrate/Glints2/dict_0000_0134.uasset" 10666
"../../../Engine/Content/EngineMaterials/Substrate/Glints2/dict_0000_0132.uasset" 10667
"../../../Engine/Content/EngineMaterials/Substrate/Glints2/dict_0000_0131.uasset" 10668
"../../../Engine/Content/EngineMaterials/Substrate/Glints2/dict_0000_0133.uasset" 10669
"/Engine/EngineMaterials/Substrate/Glints2/dict_0000_0150" 10670
"/Engine/EngineMaterials/Substrate/Glints2/dict_0000_0151" 10671
"/Engine/EngineMaterials/Substrate/Glints2/dict_0000_0152" 10672
"/Engine/EngineMaterials/Substrate/Glints2/dict_0000_0153" 10673
"/Engine/EngineMaterials/Substrate/Glints2/dict_0000_0154" 10674
"/Engine/EngineMaterials/Substrate/Glints2/dict_0000_0155" 10675
"/Engine/EngineMaterials/Substrate/Glints2/dict_0000_0156" 10676
"/Engine/EngineMaterials/Substrate/Glints2/dict_0000_0157" 10677
"/Engine/EngineMaterials/Substrate/Glints2/dict_0000_0158" 10678
"/Engine/EngineMaterials/Substrate/Glints2/dict_0000_0159" 10679
"/Engine/EngineMaterials/Substrate/Glints2/dict_0000_0160" 10680
"/Engine/EngineMaterials/Substrate/Glints2/dict_0000_0161" 10681
"/Engine/EngineMaterials/Substrate/Glints2/dict_0000_0162" 10682
"/Engine/EngineMaterials/Substrate/Glints2/dict_0000_0131" 10683
"../../../Engine/Content/EngineMaterials/Substrate/Glints2/dict_0000_0128.uasset" 10684
"../../../Engine/Content/EngineMaterials/Substrate/Glints2/dict_0000_0121.uasset" 10685
"../../../Engine/Content/EngineMaterials/Substrate/Glints2/dict_0000_0126.uasset" 10686
"../../../Engine/Content/EngineMaterials/Substrate/Glints2/dict_0000_0123.uasset" 10687
"../../../Engine/Content/EngineMaterials/Substrate/Glints2/dict_0000_0129.uasset" 10688
"../../../Engine/Content/EngineMaterials/Substrate/Glints2/dict_0000_0122.uasset" 10689
"../../../Engine/Content/EngineMaterials/Substrate/Glints2/dict_0000_0130.uasset" 10690
"../../../Engine/Content/EngineMaterials/Substrate/Glints2/dict_0000_0125.uasset" 10691
"../../../Engine/Content/EngineMaterials/Substrate/Glints2/dict_0000_0127.uasset" 10692
"/Engine/EngineMaterials/Substrate/Glints2/dict_0000_0132" 10693
"../../../Engine/Content/EngineMaterials/Substrate/Glints2/dict_0000_0119.uasset" 10694
"../../../Engine/Content/EngineMaterials/Substrate/Glints2/dict_0000_0120.uasset" 10695
"../../../Engine/Content/EngineMaterials/Substrate/Glints2/dict_0000_0117.uasset" 10696
"../../../Engine/Content/EngineMaterials/Substrate/Glints2/dict_0000_0116.uasset" 10697
"../../../Engine/Content/EngineMaterials/Substrate/Glints2/dict_0000_0115.uasset" 10698
"../../../Engine/Content/EngineMaterials/Substrate/Glints2/dict_0000_0118.uasset" 10699
"/Engine/EngineMaterials/Substrate/Glints2/dict_0000_0133" 10700
"../../../Engine/Content/EngineMaterials/Substrate/Glints2/dict_0000_0124.uasset" 10701
"/Engine/EngineMaterials/Substrate/Glints2/dict_0000_0134" 10702
"/Engine/EngineMaterials/Substrate/Glints2/dict_0000_0135" 10703
"/Engine/EngineMaterials/Substrate/Glints2/dict_0000_0136" 10704
"/Engine/EngineMaterials/Substrate/Glints2/dict_0000_0137" 10705
"/Engine/EngineMaterials/Substrate/Glints2/dict_0000_0138" 10706
"/Engine/EngineMaterials/Substrate/Glints2/dict_0000_0139" 10707
"/Engine/EngineMaterials/Substrate/Glints2/dict_0000_0140" 10708
"/Engine/EngineMaterials/Substrate/Glints2/dict_0000_0141" 10709
"/Engine/EngineMaterials/Substrate/Glints2/dict_0000_0142" 10710
"/Engine/EngineMaterials/Substrate/Glints2/dict_0000_0143" 10711
"/Engine/EngineMaterials/Substrate/Glints2/dict_0000_0144" 10712
"/Engine/EngineMaterials/Substrate/Glints2/dict_0000_0145" 10713
"/Engine/EngineMaterials/Substrate/Glints2/dict_0000_0146" 10714
"/Engine/EngineMaterials/Substrate/Glints2/dict_0000_0115" 10715
"/Engine/EngineMaterials/Substrate/Glints2/dict_0000_0116" 10716
"../../../Engine/Content/EngineMaterials/Substrate/Glints2/dict_0000_0108.uasset" 10717
"../../../Engine/Content/EngineMaterials/Substrate/Glints2/dict_0000_0105.uasset" 10718
"../../../Engine/Content/EngineMaterials/Substrate/Glints2/dict_0000_0109.uasset" 10719
"../../../Engine/Content/EngineMaterials/Substrate/Glints2/dict_0000_0110.uasset" 10720
"../../../Engine/Content/EngineMaterials/Substrate/Glints2/dict_0000_0107.uasset" 10721
"/Engine/EngineMaterials/Substrate/Glints2/dict_0000_0117" 10722
"../../../Engine/Content/EngineMaterials/Substrate/Glints2/dict_0000_0114.uasset" 10723
"../../../Engine/Content/EngineMaterials/Substrate/Glints2/dict_0000_0112.uasset" 10724
"../../../Engine/Content/EngineMaterials/Substrate/Glints2/dict_0000_0111.uasset" 10725
"../../../Engine/Content/EngineMaterials/Substrate/Glints2/dict_0000_0106.uasset" 10726
"../../../Engine/Content/EngineMaterials/Substrate/Glints2/dict_0000_0113.uasset" 10727
"/Engine/EngineMaterials/Substrate/Glints2/dict_0000_0118" 10728
"../../../Engine/Content/EngineMaterials/Substrate/Glints2/dict_0000_0104.uasset" 10729
"../../../Engine/Content/EngineMaterials/Substrate/Glints2/dict_0000_0102.uasset" 10730
"../../../Engine/Content/EngineMaterials/Substrate/Glints2/dict_0000_0103.uasset" 10731
"../../../Engine/Content/EngineMaterials/Substrate/Glints2/dict_0000_0100.uasset" 10732
"../../../Engine/Content/EngineMaterials/Substrate/Glints2/dict_0000_0099.uasset" 10733
"../../../Engine/Content/EngineMaterials/Substrate/Glints2/dict_0000_0101.uasset" 10734
"/Engine/EngineMaterials/Substrate/Glints2/dict_0000_0119" 10735
"/Engine/EngineMaterials/Substrate/Glints2/dict_0000_0120" 10736
"/Engine/EngineMaterials/Substrate/Glints2/dict_0000_0121" 10737
"/Engine/EngineMaterials/Substrate/Glints2/dict_0000_0122" 10738
"/Engine/EngineMaterials/Substrate/Glints2/dict_0000_0123" 10739
"/Engine/EngineMaterials/Substrate/Glints2/dict_0000_0124" 10740
"/Engine/EngineMaterials/Substrate/Glints2/dict_0000_0125" 10741
"/Engine/EngineMaterials/Substrate/Glints2/dict_0000_0126" 10742
"/Engine/EngineMaterials/Substrate/Glints2/dict_0000_0127" 10743
"/Engine/EngineMaterials/Substrate/Glints2/dict_0000_0128" 10744
"/Engine/EngineMaterials/Substrate/Glints2/dict_0000_0129" 10745
"/Engine/EngineMaterials/Substrate/Glints2/dict_0000_0130" 10746
"/Engine/EngineMaterials/Substrate/Glints2/dict_0000_0099" 10747
"../../../Engine/Content/EngineMaterials/Substrate/Glints2/dict_0000_0096.uasset" 10748
"../../../Engine/Content/EngineMaterials/Substrate/Glints2/dict_0000_0097.uasset" 10749
"/Engine/EngineMaterials/Substrate/Glints2/dict_0000_0100" 10750
"../../../Engine/Content/EngineMaterials/Substrate/Glints2/dict_0000_0094.uasset" 10751
"/Engine/EngineMaterials/Substrate/Glints2/dict_0000_0101" 10752
"../../../Engine/Content/EngineMaterials/Substrate/Glints2/dict_0000_0098.uasset" 10753
"../../../Engine/Content/EngineMaterials/Substrate/Glints2/dict_0000_0093.uasset" 10754
"../../../Engine/Content/EngineMaterials/Substrate/Glints2/dict_0000_0091.uasset" 10755
"../../../Engine/Content/EngineMaterials/Substrate/Glints2/dict_0000_0092.uasset" 10756
"../../../Engine/Content/EngineMaterials/Substrate/Glints2/dict_0000_0095.uasset" 10757
"/Engine/EngineMaterials/Substrate/Glints2/dict_0000_0102" 10758
"../../../Engine/Content/EngineMaterials/Substrate/Glints2/dict_0000_0090.uasset" 10759
"../../../Engine/Content/EngineMaterials/Substrate/Glints2/dict_0000_0087.uasset" 10760
"../../../Engine/Content/EngineMaterials/Substrate/Glints2/dict_0000_0086.uasset" 10761
"../../../Engine/Content/EngineMaterials/Substrate/Glints2/dict_0000_0085.uasset" 10762
"../../../Engine/Content/EngineMaterials/Substrate/Glints2/dict_0000_0088.uasset" 10763
"../../../Engine/Content/EngineMaterials/Substrate/Glints2/dict_0000_0084.uasset" 10764
"/Engine/EngineMaterials/Substrate/Glints2/dict_0000_0103" 10765
"../../../Engine/Content/EngineMaterials/Substrate/Glints2/dict_0000_0083.uasset" 10766
"../../../Engine/Content/EngineMaterials/Substrate/Glints2/dict_0000_0089.uasset" 10767
"/Engine/EngineMaterials/Substrate/Glints2/dict_0000_0104" 10768
"/Engine/EngineMaterials/Substrate/Glints2/dict_0000_0105" 10769
"/Engine/EngineMaterials/Substrate/Glints2/dict_0000_0106" 10770
"/Engine/EngineMaterials/Substrate/Glints2/dict_0000_0107" 10771
"/Engine/EngineMaterials/Substrate/Glints2/dict_0000_0108" 10772
"/Engine/EngineMaterials/Substrate/Glints2/dict_0000_0109" 10773
"/Engine/EngineMaterials/Substrate/Glints2/dict_0000_0110" 10774
"/Engine/EngineMaterials/Substrate/Glints2/dict_0000_0111" 10775
"/Engine/EngineMaterials/Substrate/Glints2/dict_0000_0112" 10776
"/Engine/EngineMaterials/Substrate/Glints2/dict_0000_0113" 10777
"/Engine/EngineMaterials/Substrate/Glints2/dict_0000_0114" 10778
"/Engine/EngineMaterials/Substrate/Glints2/dict_0000_0083" 10779
"../../../Engine/Content/EngineMaterials/Substrate/Glints2/dict_0000_0081.uasset" 10780
"../../../Engine/Content/EngineMaterials/Substrate/Glints2/dict_0000_0078.uasset" 10781
"../../../Engine/Content/EngineMaterials/Substrate/Glints2/dict_0000_0075.uasset" 10782
"../../../Engine/Content/EngineMaterials/Substrate/Glints2/dict_0000_0080.uasset" 10783
"../../../Engine/Content/EngineMaterials/Substrate/Glints2/dict_0000_0073.uasset" 10784
"../../../Engine/Content/EngineMaterials/Substrate/Glints2/dict_0000_0082.uasset" 10785
"../../../Engine/Content/EngineMaterials/Substrate/Glints2/dict_0000_0074.uasset" 10786
"../../../Engine/Content/EngineMaterials/Substrate/Glints2/dict_0000_0077.uasset" 10787
"../../../Engine/Content/EngineMaterials/Substrate/Glints2/dict_0000_0079.uasset" 10788
"../../../Engine/Content/EngineMaterials/Substrate/Glints2/dict_0000_0076.uasset" 10789
"/Engine/EngineMaterials/Substrate/Glints2/dict_0000_0084" 10790
"../../../Engine/Content/EngineMaterials/Substrate/Glints2/dict_0000_0072.uasset" 10791
"../../../Engine/Content/EngineMaterials/Substrate/Glints2/dict_0000_0069.uasset" 10792
"../../../Engine/Content/EngineMaterials/Substrate/Glints2/dict_0000_0070.uasset" 10793
"../../../Engine/Content/EngineMaterials/Substrate/Glints2/dict_0000_0067.uasset" 10794
"../../../Engine/Content/EngineMaterials/Substrate/Glints2/dict_0000_0071.uasset" 10795
"../../../Engine/Content/EngineMaterials/Substrate/Glints2/dict_0000_0068.uasset" 10796
"/Engine/EngineMaterials/Substrate/Glints2/dict_0000_0085" 10797
"/Engine/EngineMaterials/Substrate/Glints2/dict_0000_0086" 10798
"/Engine/EngineMaterials/Substrate/Glints2/dict_0000_0087" 10799
"/Engine/EngineMaterials/Substrate/Glints2/dict_0000_0088" 10800
"/Engine/EngineMaterials/Substrate/Glints2/dict_0000_0089" 10801
"/Engine/EngineMaterials/Substrate/Glints2/dict_0000_0090" 10802
"/Engine/EngineMaterials/Substrate/Glints2/dict_0000_0091" 10803
"/Engine/EngineMaterials/Substrate/Glints2/dict_0000_0092" 10804
"/Engine/EngineMaterials/Substrate/Glints2/dict_0000_0093" 10805
"/Engine/EngineMaterials/Substrate/Glints2/dict_0000_0094" 10806
"/Engine/EngineMaterials/Substrate/Glints2/dict_0000_0095" 10807
"/Engine/EngineMaterials/Substrate/Glints2/dict_0000_0096" 10808
"/Engine/EngineMaterials/Substrate/Glints2/dict_0000_0097" 10809
"/Engine/EngineMaterials/Substrate/Glints2/dict_0000_0098" 10810
"/Engine/EngineMaterials/Substrate/Glints2/dict_0000_0067" 10811
"../../../Engine/Content/EngineMaterials/Substrate/Glints2/dict_0000_0066.uasset" 10812
"../../../Engine/Content/EngineMaterials/Substrate/Glints2/dict_0000_0064.uasset" 10813
"../../../Engine/Content/EngineMaterials/Substrate/Glints2/dict_0000_0060.uasset" 10814
"/Engine/EngineMaterials/Substrate/Glints2/dict_0000_0068" 10815
"../../../Engine/Content/EngineMaterials/Substrate/Glints2/dict_0000_0059.uasset" 10816
"../../../Engine/Content/EngineMaterials/Substrate/Glints2/dict_0000_0065.uasset" 10817
"../../../Engine/Content/EngineMaterials/Substrate/Glints2/dict_0000_0063.uasset" 10818
"../../../Engine/Content/EngineMaterials/Substrate/Glints2/dict_0000_0061.uasset" 10819
"../../../Engine/Content/EngineMaterials/Substrate/Glints2/dict_0000_0058.uasset" 10820
"../../../Engine/Content/EngineMaterials/Substrate/Glints2/dict_0000_0057.uasset" 10821
"/Engine/EngineMaterials/Substrate/Glints2/dict_0000_0069" 10822
"../../../Engine/Content/EngineMaterials/Substrate/Glints2/dict_0000_0056.uasset" 10823
"../../../Engine/Content/EngineMaterials/Substrate/Glints2/dict_0000_0055.uasset" 10824
"../../../Engine/Content/EngineMaterials/Substrate/Glints2/dict_0000_0053.uasset" 10825
"../../../Engine/Content/EngineMaterials/Substrate/Glints2/dict_0000_0054.uasset" 10826
"../../../Engine/Content/EngineMaterials/Substrate/Glints2/dict_0000_0062.uasset" 10827
"../../../Engine/Content/EngineMaterials/Substrate/Glints2/dict_0000_0052.uasset" 10828
"../../../Engine/Content/EngineMaterials/Substrate/Glints2/dict_0000_0051.uasset" 10829
"/Engine/EngineMaterials/Substrate/Glints2/dict_0000_0070" 10830
"/Engine/EngineMaterials/Substrate/Glints2/dict_0000_0071" 10831
"/Engine/EngineMaterials/Substrate/Glints2/dict_0000_0072" 10832
"/Engine/EngineMaterials/Substrate/Glints2/dict_0000_0073" 10833
"/Engine/EngineMaterials/Substrate/Glints2/dict_0000_0074" 10834
"/Engine/EngineMaterials/Substrate/Glints2/dict_0000_0075" 10835
"/Engine/EngineMaterials/Substrate/Glints2/dict_0000_0076" 10836
"/Engine/EngineMaterials/Substrate/Glints2/dict_0000_0077" 10837
"/Engine/EngineMaterials/Substrate/Glints2/dict_0000_0078" 10838
"/Engine/EngineMaterials/Substrate/Glints2/dict_0000_0079" 10839
"/Engine/EngineMaterials/Substrate/Glints2/dict_0000_0080" 10840
"/Engine/EngineMaterials/Substrate/Glints2/dict_0000_0081" 10841
"/Engine/EngineMaterials/Substrate/Glints2/dict_0000_0082" 10842
"/Engine/EngineMaterials/Substrate/Glints2/dict_0000_0051" 10843
"../../../Engine/Content/EngineMaterials/Substrate/Glints2/dict_0000_0047.uasset" 10844
"../../../Engine/Content/EngineMaterials/Substrate/Glints2/dict_0000_0050.uasset" 10845
"../../../Engine/Content/EngineMaterials/Substrate/Glints2/dict_0000_0049.uasset" 10846
"../../../Engine/Content/EngineMaterials/Substrate/Glints2/dict_0000_0044.uasset" 10847
"../../../Engine/Content/EngineMaterials/Substrate/Glints2/dict_0000_0048.uasset" 10848
"/Engine/EngineMaterials/Substrate/Glints2/dict_0000_0052" 10849
"../../../Engine/Content/EngineMaterials/Substrate/Glints2/dict_0000_0042.uasset" 10850
"../../../Engine/Content/EngineMaterials/Substrate/Glints2/dict_0000_0043.uasset" 10851
"../../../Engine/Content/EngineMaterials/Substrate/Glints2/dict_0000_0045.uasset" 10852
"../../../Engine/Content/EngineMaterials/Substrate/Glints2/dict_0000_0046.uasset" 10853
"/Engine/EngineMaterials/Substrate/Glints2/dict_0000_0053" 10854
"../../../Engine/Content/EngineMaterials/Substrate/Glints2/dict_0000_0041.uasset" 10855
"../../../Engine/Content/EngineMaterials/Substrate/Glints2/dict_0000_0039.uasset" 10856
"../../../Engine/Content/EngineMaterials/Substrate/Glints2/dict_0000_0036.uasset" 10857
"../../../Engine/Content/EngineMaterials/Substrate/Glints2/dict_0000_0035.uasset" 10858
"../../../Engine/Content/EngineMaterials/Substrate/Glints2/dict_0000_0038.uasset" 10859
"../../../Engine/Content/EngineMaterials/Substrate/Glints2/dict_0000_0040.uasset" 10860
"../../../Engine/Content/EngineMaterials/Substrate/Glints2/dict_0000_0037.uasset" 10861
"/Engine/EngineMaterials/Substrate/Glints2/dict_0000_0054" 10862
"/Engine/EngineMaterials/Substrate/Glints2/dict_0000_0055" 10863
"/Engine/EngineMaterials/Substrate/Glints2/dict_0000_0056" 10864
"/Engine/EngineMaterials/Substrate/Glints2/dict_0000_0057" 10865
"/Engine/EngineMaterials/Substrate/Glints2/dict_0000_0058" 10866
"/Engine/EngineMaterials/Substrate/Glints2/dict_0000_0059" 10867
"/Engine/EngineMaterials/Substrate/Glints2/dict_0000_0060" 10868
"/Engine/EngineMaterials/Substrate/Glints2/dict_0000_0061" 10869
"/Engine/EngineMaterials/Substrate/Glints2/dict_0000_0062" 10870
"/Engine/EngineMaterials/Substrate/Glints2/dict_0000_0063" 10871
"/Engine/EngineMaterials/Substrate/Glints2/dict_0000_0064" 10872
"/Engine/EngineMaterials/Substrate/Glints2/dict_0000_0065" 10873
"/Engine/EngineMaterials/Substrate/Glints2/dict_0000_0066" 10874
"/Engine/EngineMaterials/Substrate/Glints2/dict_0000_0035" 10875
"../../../Engine/Content/EngineMaterials/Substrate/Glints2/dict_0000_0027.uasset" 10876
"../../../Engine/Content/EngineMaterials/Substrate/Glints2/dict_0000_0033.uasset" 10877
"../../../Engine/Content/EngineMaterials/Substrate/Glints2/dict_0000_0028.uasset" 10878
"../../../Engine/Content/EngineMaterials/Substrate/Glints2/dict_0000_0031.uasset" 10879
"../../../Engine/Content/EngineMaterials/Substrate/Glints2/dict_0000_0026.uasset" 10880
"../../../Engine/Content/EngineMaterials/Substrate/Glints2/dict_0000_0029.uasset" 10881
"../../../Engine/Content/EngineMaterials/Substrate/Glints2/dict_0000_0032.uasset" 10882
"/Engine/EngineMaterials/Substrate/Glints2/dict_0000_0036" 10883
"../../../Engine/Content/EngineMaterials/Substrate/Glints2/dict_0000_0030.uasset" 10884
"../../../Engine/Content/EngineMaterials/Substrate/Glints2/dict_0000_0034.uasset" 10885
"/Engine/EngineMaterials/Substrate/Glints2/dict_0000_0037" 10886
"../../../Engine/Content/EngineMaterials/Substrate/Glints2/dict_0000_0020.uasset" 10887
"../../../Engine/Content/EngineMaterials/Substrate/Glints2/dict_0000_0022.uasset" 10888
"../../../Engine/Content/EngineMaterials/Substrate/Glints2/dict_0000_0023.uasset" 10889
"../../../Engine/Content/EngineMaterials/Substrate/Glints2/dict_0000_0021.uasset" 10890
"../../../Engine/Content/EngineMaterials/Substrate/Glints2/dict_0000_0024.uasset" 10891
"../../../Engine/Content/EngineMaterials/Substrate/Glints2/dict_0000_0025.uasset" 10892
"../../../Engine/Content/EngineMaterials/Substrate/Glints2/dict_0000_0019.uasset" 10893
"/Engine/EngineMaterials/Substrate/Glints2/dict_0000_0038" 10894
"/Engine/EngineMaterials/Substrate/Glints2/dict_0000_0039" 10895
"/Engine/EngineMaterials/Substrate/Glints2/dict_0000_0040" 10896
"/Engine/EngineMaterials/Substrate/Glints2/dict_0000_0041" 10897
"/Engine/EngineMaterials/Substrate/Glints2/dict_0000_0042" 10898
"/Engine/EngineMaterials/Substrate/Glints2/dict_0000_0043" 10899
"/Engine/EngineMaterials/Substrate/Glints2/dict_0000_0044" 10900
"/Engine/EngineMaterials/Substrate/Glints2/dict_0000_0045" 10901
"/Engine/EngineMaterials/Substrate/Glints2/dict_0000_0046" 10902
"/Engine/EngineMaterials/Substrate/Glints2/dict_0000_0047" 10903
"/Engine/EngineMaterials/Substrate/Glints2/dict_0000_0048" 10904
"/Engine/EngineMaterials/Substrate/Glints2/dict_0000_0049" 10905
"/Engine/EngineMaterials/Substrate/Glints2/dict_0000_0050" 10906
"/Engine/EngineMaterials/Substrate/Glints2/dict_0000_0019" 10907
"../../../Engine/Content/EngineMaterials/Substrate/Glints2/dict_0000_0017.uasset" 10908
"../../../Engine/Content/EngineMaterials/Substrate/Glints2/dict_0000_0018.uasset" 10909
"../../../Engine/Content/EngineMaterials/Substrate/Glints2/dict_0000_0015.uasset" 10910
"../../../Engine/Content/EngineMaterials/Substrate/Glints2/dict_0000_0012.uasset" 10911
"../../../Engine/Content/EngineMaterials/Substrate/Glints2/dict_0000_0016.uasset" 10912
"/Engine/EngineMaterials/Substrate/Glints2/dict_0000_0020" 10913
"../../../Engine/Content/EngineMaterials/Substrate/Glints2/dict_0000_0013.uasset" 10914
"../../../Engine/Content/EngineMaterials/Substrate/Glints2/dict_0000_0011.uasset" 10915
"../../../Engine/Content/EngineMaterials/Substrate/Glints2/dict_0000_0010.uasset" 10916
"../../../Engine/Content/EngineMaterials/Substrate/Glints2/dict_0000_0009.uasset" 10917
"../../../Engine/Content/EngineMaterials/Substrate/Glints2/dict_0000_0014.uasset" 10918
"../../../Engine/Content/EngineMaterials/Substrate/Glints2/dict_0000_0008.uasset" 10919
"../../../Engine/Content/EngineMaterials/Substrate/Glints2/dict_0000_0006.uasset" 10920
"../../../Engine/Content/EngineMaterials/Substrate/Glints2/dict_0000_0005.uasset" 10921
"../../../Engine/Content/EngineMaterials/Substrate/Glints2/dict_0000_0007.uasset" 10922
"/Engine/EngineMaterials/Substrate/Glints2/dict_0000_0021" 10923
"../../../Engine/Content/EngineMaterials/Substrate/Glints2/dict_0000_0003.uasset" 10924
"../../../Engine/Content/EngineMaterials/Substrate/Glints2/dict_0000_0004.uasset" 10925
"/Engine/EngineMaterials/Substrate/Glints2/dict_0000_0022" 10926
"/Engine/EngineMaterials/Substrate/Glints2/dict_0000_0023" 10927
"/Engine/EngineMaterials/Substrate/Glints2/dict_0000_0024" 10928
"/Engine/EngineMaterials/Substrate/Glints2/dict_0000_0025" 10929
"/Engine/EngineMaterials/Substrate/Glints2/dict_0000_0026" 10930
"/Engine/EngineMaterials/Substrate/Glints2/dict_0000_0027" 10931
"/Engine/EngineMaterials/Substrate/Glints2/dict_0000_0028" 10932
"/Engine/EngineMaterials/Substrate/Glints2/dict_0000_0029" 10933
"/Engine/EngineMaterials/Substrate/Glints2/dict_0000_0030" 10934
"/Engine/EngineMaterials/Substrate/Glints2/dict_0000_0031" 10935
"/Engine/EngineMaterials/Substrate/Glints2/dict_0000_0032" 10936
"/Engine/EngineMaterials/Substrate/Glints2/dict_0000_0033" 10937
"/Engine/EngineMaterials/Substrate/Glints2/dict_0000_0034" 10938
"/Engine/EngineMaterials/Substrate/Glints2/dict_0000_0003" 10939
"../../../Engine/Content/EngineMaterials/Substrate/Volume/SubstrateSimpleVolumeEnvLUT2D.uasset" 10940
"../../../Engine/Content/EngineMaterials/Substrate/Volume/SubstrateSimpleVolumeEnvLUT3D.uasset" 10941
"../../../Engine/Content/EngineMaterials/Substrate/Glints2/AGlintTex2dArray2.uasset" 10942
"../../../Engine/Content/EngineMaterials/Substrate/Glints2/dict_0000_0002.uasset" 10943
"../../../Engine/Content/EngineMaterials/Substrate/Volume/SubstrateSimpleVolumeLUT2D.uasset" 10944
"../../../Engine/Content/EngineMaterials/Substrate/Volume/SubstrateSimpleVolumeLUT3D.uasset" 10945
"../../../Engine/Content/EngineMaterials/Substrate/Glints2/dict_0000_0001.uasset" 10946
"../../../Engine/Content/EngineMaterials/PPM_DefaultCalibrationColor.uasset" 10947
"../../../Engine/Content/EngineMaterials/DefaultCalibrationColor.uasset" 10948
"../../../Engine/Content/EngineMaterials/DefaultCalibrationGrayscale.uasset" 10949
"../../../Engine/Content/EngineMaterials/PPM_DefaultCalibrationGrayscale.uasset" 10950
"../../../Engine/Content/EngineMaterials/Substrate/Glints2/dict_0000_0000.uasset" 10951
"/Engine/EngineMaterials/Substrate/Glints2/dict_0000_0004" 10952
"../../../Engine/Content/Functions/Engine_MaterialFunctions03/Procedurals/HeightToNormalSmooth.uasset" 10953
"../../../Engine/Content/Functions/MaterialLayerFunctions/MatLayerBlend_OverrideOpacity.uasset" 10954
"../../../Engine/Content/Functions/Engine_MaterialFunctions02/Utility/BlendAngleCorrectedNormals.uasset" 10955
"../../../Engine/Plugins/Interchange/Assets/Content/Functions/MX_Surface.uasset" 10956
"/Engine/EngineMaterials/Substrate/Glints2/dict_0000_0005" 10957
"/Engine/EngineMaterials/Substrate/Glints2/dict_0000_0006" 10958
"/Engine/EngineMaterials/Substrate/Glints2/dict_0000_0007" 10959
"/Engine/EngineMaterials/Substrate/Glints2/dict_0000_0008" 10960
"/Engine/EngineMaterials/Substrate/Glints2/dict_0000_0009" 10961
"/Engine/EngineMaterials/Substrate/Glints2/dict_0000_0010" 10962
"/Engine/EngineMaterials/Substrate/Glints2/dict_0000_0011" 10963
"/Engine/EngineMaterials/Substrate/Glints2/dict_0000_0012" 10964
"/Engine/EngineMaterials/Substrate/Glints2/dict_0000_0013" 10965
"/Engine/EngineMaterials/Substrate/Glints2/dict_0000_0014" 10966
"/Engine/EngineMaterials/Substrate/Glints2/dict_0000_0015" 10967
"/Engine/EngineMaterials/Substrate/Glints2/dict_0000_0016" 10968
"/Engine/EngineMaterials/Substrate/Glints2/dict_0000_0017" 10969
"/Engine/EngineMaterials/Substrate/Glints2/dict_0000_0018" 10970
"/Engine/Functions/Engine_MaterialFunctions02/Utility/BlendAngleCorrectedNormals" 10971
"../../../Engine/Plugins/NNE/NNEDenoiser/Content/NNEDIM_HighQuality_Default.uasset" 10972
"../../../Engine/Plugins/NNE/NNEDenoiser/Content/NNEDTIM_ColorAlbedoNormal_Alpha.uasset" 10973
"../../../Engine/Plugins/NNE/NNEDenoiser/Content/NNEDIM_ColorAlbedoNormal_Alpha.uasset" 10974
"../../../Engine/Plugins/NNE/NNEDenoiser/Content/NNEDIM_HighQuality_Alpha.uasset" 10975
"../../../Engine/Plugins/NNE/NNEDenoiser/Content/NNEDOM_Output_Alpha.uasset" 10976
"../../../Engine/Plugins/NNE/NNEDenoiser/Content/NNEDTIM_ColorAlbedoNormal_Default.uasset" 10977
"../../../Engine/Plugins/NNE/NNEDenoiser/Content/NNEDIM_ColorAlbedoNormal_Default.uasset" 10978
"../../../Engine/Plugins/NNE/NNEDenoiser/Content/NNEDOM_Output_Default.uasset" 10979
"../../../Engine/Plugins/Interchange/Assets/Content/Functions/MX_Displacement.uasset" 10980
"../../../Engine/Plugins/NNE/NNEDenoiser/Content/NNEDTOM_Output_Default.uasset" 10981
"../../../Engine/Plugins/NNE/NNEDenoiser/Content/NNED_Oidn2-3_Balanced.uasset" 10982
"../../../Engine/Plugins/NNE/NNEDenoiser/Content/NNED_Oidn2-3_Balanced_Alpha.uasset" 10983
"../../../Engine/Plugins/NNE/NNEDenoiser/Content/NNEDT_Oidn2-3_Balanced_Alpha.uasset" 10984
"../../../Engine/Plugins/NNE/NNEDenoiser/Content/NNEDTOM_Output_Alpha.uasset" 10985
"/Engine/Functions/Engine_MaterialFunctions03/Procedurals/HeightToNormalSmooth" 10986
"../../../Engine/Plugins/NNE/NNEDenoiser/Content/NNED_Oidn2-3_Fast.uasset" 10987
"../../../Engine/Plugins/NNE/NNEDenoiser/Content/NNEDT_Oidn2-3_Balanced.uasset" 10988
"/InterchangeAssets/Functions/MX_Surface" 10989
"/Engine/EngineMaterials/PPM_DefaultCalibrationGrayscale" 10990
"../../../../../../Users/rscroggin/Documents/Unreal Projects/IGS2026/RogueFirefight/Content/UI/Mission_Complete.uasset" 10991
"C:/Users/rscroggin/Documents/Unreal Projects/IGS2026/RogueFirefight/DerivedDataCache/VT/TEXTURE_7C16439390E24F1F9468894FB4D4BC55_VTCHUNKC6BBA5B47CFE721BEFA1F559C743C11DD780B174" 10992
"C:/Users/rscroggin/Documents/Unreal Projects/IGS2026/RogueFirefight/DerivedDataCache/VT/TEXTURE_7C16439390E24F1F9468894FB4D4BC55_VTCHUNKFACCB9477255D306777D98F23654B56A624E26CF" 10993
"../../../../../../Users/rscroggin/Documents/Unreal Projects/IGS2026/RogueFirefight/Content/Fab/Kasur_pendek__Bed_/kasur_pendek_bed/Textures/kasur_pendek_bed_texture_2.uasset" 10994
"C:/Users/rscroggin/Documents/Unreal Projects/IGS2026/RogueFirefight/DerivedDataCache/VT/TEXTURE_7C16439390E24F1F9468894FB4D4BC55_VTCHUNK0A5C88247CCA6B5C13072B7CA0A0AC153D42F2EC" 10995
"../../../../../../Users/rscroggin/Documents/Unreal Projects/IGS2026/RogueFirefight/Content/Fab/Kasur_pendek__Bed_/kasur_pendek_bed/Textures/kasur_pendek_bed_texture_1.uasset" 10996
"../../../../../../Users/rscroggin/Documents/Unreal Projects/IGS2026/RogueFirefight/Content/Fab/Kasur_pendek__Bed_/kasur_pendek_bed/Textures/kasur_pendek_bed_texture_0.uasset" 10997
"C:/Users/rscroggin/Documents/Unreal Projects/IGS2026/RogueFirefight/DerivedDataCache/VT/TEXTURE_7C16439390E24F1F9468894FB4D4BC55_VTCHUNKF76EF09F3470093FF66E973E26927D053EEB540B" 10998
"C:/Users/rscroggin/Documents/Unreal Projects/IGS2026/RogueFirefight/DerivedDataCache/VT/TEXTURE_7C16439390E24F1F9468894FB4D4BC55_VTCHUNK8FAA8FC9BD70E4B042A3F1AB1E484CE350F5F26C" 10999
"/NNEDenoiser/NNED_Oidn2-3_Fast" 11000
"../../../Engine/Plugins/NNE/NNEDenoiser/Content/NNED_Oidn2-3_Fast_Alpha.uasset" 11001
"../../../Engine/Plugins/NNE/NNEDenoiser/Content/NNED_Oidn2-3_HighQuality.uasset" 11002
"/NNEDenoiser/NNED_Oidn2-3_Balanced_Alpha" 11003
"/NNEDenoiser/NNED_Oidn2-3_Balanced" 11004
"../../../Engine/Plugins/NNE/NNEDenoiser/Content/NNED_Oidn2-3_HighQuality_Alpha.uasset" 11005
"/NNEDenoiser/NNEDT_Oidn2-3_Balanced_Alpha" 11006
"/NNEDenoiser/NNEDT_Oidn2-3_Balanced" 11007
"/NNEDenoiser/NNEDTOM_Output_Default" 11008
"/NNEDenoiser/NNEDTOM_Output_Alpha" 11009
"/NNEDenoiser/NNEDTIM_ColorAlbedoNormal_Default" 11010
"/NNEDenoiser/NNEDTIM_ColorAlbedoNormal_Alpha" 11011
"/NNEDenoiser/NNEDOM_Output_Default" 11012
"/Engine/EngineMaterials/Substrate/Glints2/dict_0000_0002" 11013
"/Engine/EngineMaterials/Substrate/Glints2/dict_0000_0001" 11014
"/Engine/EngineMaterials/Substrate/Glints2/dict_0000_0000" 11015
"/Engine/EngineMaterials/Substrate/Volume/SubstrateSimpleVolumeLUT2D" 11016
"/Engine/EngineMaterials/Substrate/Volume/SubstrateSimpleVolumeEnvLUT2D" 11017
"/Engine/EngineMaterials/DefaultCalibrationColor" 11018
"/Engine/EngineMaterials/PPM_DefaultCalibrationColor" 11019
"/NNEDenoiser/NNEDOM_Output_Alpha" 11020
"/NNEDenoiser/NNEDIM_HighQuality_Default" 11021
"/NNEDenoiser/NNEDIM_HighQuality_Alpha" 11022
"/NNEDenoiser/NNEDIM_ColorAlbedoNormal_Default" 11023
"/NNEDenoiser/NNEDIM_ColorAlbedoNormal_Alpha" 11024
"/InterchangeAssets/Functions/MX_Displacement" 11025
"/Engine/EngineMaterials/Substrate/Volume/SubstrateSimpleVolumeEnvLUT3D" 11026
"/Engine/EngineMaterials/Substrate/Volume/SubstrateSimpleVolumeLUT3D" 11027
"/Engine/EngineMaterials/Substrate/Glints2/AGlintTex2dArray2" 11028
"../../../Engine/Plugins/NNE/NNEDenoiser/Content/NNE_oidn2-3-0_rt_hdr_alb_nrm_small__dyn__fp16_opset11_DenoiseAlpha.uasset" 11029
"../../../Engine/Plugins/NNE/NNEDenoiser/Content/NNE_oidn2-3-0_rt_hdr_alb_nrm_small__dyn__fp16_opset11_ForwardAlpha.uasset" 11030
"../../../Engine/Plugins/NNE/NNEDenoiser/Content/NNE_oidn2-3-0_rt_hdr_alb_nrm__dyn__fp16_opset11_DenoiseAlpha.uasset" 11031
"../../../Engine/Plugins/NNE/NNEDenoiser/Content/NNE_oidn2-3-0_rt_hdr_alb_nrm__dyn__fp16_opset11_ForwardAlpha.uasset" 11032
"/NNEDenoiser/NNED_Oidn2-3_HighQuality_Alpha" 11033
"../../../Engine/Plugins/NNE/NNEDenoiser/Content/NNE_oidn2-3-0_rt_hdr_calb_cnrm_large__dyn__fp16_opset11_ForwardAlpha.uasset" 11034
"../../../Engine/Plugins/NNE/NNEDenoiser/Content/NNE_oidn2-3-0_rt_hdr_calb_cnrm_large__dyn__fp16_opset11_DenoiseAlpha.uasset" 11035
"/NNEDenoiser/NNED_Oidn2-3_HighQuality" 11036
"/NNEDenoiser/NNED_Oidn2-3_Fast_Alpha" 11037
"/NNEDenoiser/NNE_oidn2-3-0_rt_hdr_calb_cnrm_large__dyn__fp16_opset11_ForwardAlpha" 11038
"/NNEDenoiser/NNE_oidn2-3-0_rt_hdr_calb_cnrm_large__dyn__fp16_opset11_DenoiseAlpha" 11039
"/NNEDenoiser/NNE_oidn2-3-0_rt_hdr_alb_nrm__dyn__fp16_opset11_ForwardAlpha" 11040
"/NNEDenoiser/NNE_oidn2-3-0_rt_hdr_alb_nrm__dyn__fp16_opset11_DenoiseAlpha" 11041
"/NNEDenoiser/NNE_oidn2-3-0_rt_hdr_alb_nrm_small__dyn__fp16_opset11_ForwardAlpha" 11042
"/NNEDenoiser/NNE_oidn2-3-0_rt_hdr_alb_nrm_small__dyn__fp16_opset11_DenoiseAlpha" 11043
"C:/Users/rscroggin/Documents/Unreal Projects/IGS2026/RogueFirefight/Intermediate/ORTOptimizerPass_OptimizedBD9C203840DDD9884ECFC4A7ADE9F6D5.onnx" 11044
"C:/Users/rscroggin/Documents/Unreal Projects/IGS2026/RogueFirefight/Intermediate/ORTOptimizerPass_Optimized51B0044C498763EC1976B2AAF9FC646A.onnx" 11045
"C:/Users/rscroggin/Documents/Unreal Projects/IGS2026/RogueFirefight/Intermediate/ORTOptimizerPass_OptimizedC62DC1C54A450D723B36B88EE7D306A7.onnx" 11046
"C:/Users/rscroggin/Documents/Unreal Projects/IGS2026/RogueFirefight/Intermediate/ORTOptimizerPass_OptimizedBC886F9840416525F78A9F8078315EA3.onnx" 11047
"C:/Users/rscroggin/Documents/Unreal Projects/IGS2026/RogueFirefight/Intermediate/ORTOptimizerPass_Optimized356822D34B2B21FC21A113A2D0FE464C.onnx" 11048
"C:/Users/rscroggin/Documents/Unreal Projects/IGS2026/RogueFirefight/Intermediate/ORTOptimizerPass_Optimized41676D1A41EEA43C4CE711873B5BA270.onnx" 11049
"C:/Users/rscroggin/Documents/Unreal Projects/IGS2026/RogueFirefight/Intermediate/ORTOptimizerPass_Optimized1789B7B34934230F211479AB13372D5F.onnx" 11050
"C:/Users/rscroggin/Documents/Unreal Projects/IGS2026/RogueFirefight/Intermediate/ORTOptimizerPass_OptimizedBB6DBCA0452AA3434817D2AC704021A8.onnx" 11051
"C:/Users/rscroggin/Documents/Unreal Projects/IGS2026/RogueFirefight/Intermediate/ORTOptimizerPass_OptimizedF2C56630493AEE5956EC91B6825099A4.onnx" 11052
"C:/Users/rscroggin/Documents/Unreal Projects/IGS2026/RogueFirefight/Intermediate/ORTOptimizerPass_Optimized79FC71574DC5A3E7DDC4FA878236920D.onnx" 11053
"C:/Users/rscroggin/Documents/Unreal Projects/IGS2026/RogueFirefight/Intermediate/ORTOptimizerPass_Optimized5E975AAB4A5164E9AFC30A9E23599DD9.onnx" 11054
"C:/Users/rscroggin/Documents/Unreal Projects/IGS2026/RogueFirefight/Intermediate/ORTOptimizerPass_Optimized13B578A14869B9EBBEDB25BD5F6F0AC1.onnx" 11055
"../../../Engine/Content/EditorResources/BSPVertex.uasset" 11056
"../../../Engine/Content/EngineMaterials/DefaultBloomKernel.uasset" 11057
"../../../Engine/Content/EngineResources/FilmGrains/Marcie_Grain_v3_128_M2_000.uasset" 11058
"../../../Engine/Content/EngineResources/Development/ZenLogo_64.uasset" 11059
"../../../Engine/Content/EngineDebugMaterials/DebugEditorMaterial.uasset" 11060
"../../../Engine/Content/EngineMaterials/FastBlueNoise_scalar_128x128x64.uasset" 11061
"../../../Engine/Content/EngineMaterials/FastBlueNoise_scalar_128x128x8.uasset" 11062
"../../../Engine/Content/EngineMaterials/FastBlueNoise_vec2_128x128x64.uasset" 11063
"../../../Engine/Content/EngineMaterials/EnergyConservation/SheenLegacy_Energy.uasset" 11064
"../../../Engine/Content/EngineMaterials/SMAAAreaTex.uasset" 11065
"../../../Engine/Content/EngineMaterials/SMAASearchTex.uasset" 11066
"../../../Engine/Content/EngineSounds/Master.uasset" 11067
"../../../Engine/Plugins/Interchange/Runtime/Content/Pipelines/DefaultAssetsPipeline.uasset" 11068
"../../../Engine/Plugins/Interchange/Runtime/Content/Pipelines/DefaultGLTFAssetsPipeline.uasset" 11069
"../../../Engine/Plugins/Interchange/Runtime/Content/Pipelines/DefaultGLTFPipeline.uasset" 11070
"../../../Engine/Plugins/Interchange/Runtime/Content/Pipelines/DefaultMaterialXPipeline.uasset" 11071
"../../../Engine/Plugins/Interchange/Runtime/Content/Pipelines/DefaultTexturePipeline.uasset" 11072
"../../../Engine/Plugins/Interchange/Runtime/Content/Pipelines/DefaultMaterialPipeline.uasset" 11073
"../../../Engine/Plugins/Interchange/Runtime/Content/Pipelines/DefaultAudioPipeline.uasset" 11074
"../../../Engine/Plugins/Interchange/Runtime/Content/Pipelines/DefaultSceneAssetsPipeline.uasset" 11075
"../../../Engine/Plugins/Interchange/Runtime/Content/Pipelines/DefaultGLTFSceneAssetsPipeline.uasset" 11076
"../../../Engine/Plugins/Interchange/Runtime/Content/Pipelines/DefaultSceneLevelPipeline.uasset" 11077
"../../../Engine/Plugins/Interchange/Assets/Content/Functions/MX_SurfaceUnlit.uasset" 11078
"../../../Engine/Plugins/Interchange/Assets/Content/Functions/MX_UsdPreviewSurface.uasset" 11079
"../../../Engine/Plugins/Interchange/Assets/Content/Substrate/MX_SimpleVolume.uasset" 11080
"../../../Engine/Plugins/Interchange/Assets/Content/Functions/MX_OrenNayarBSDF.uasset" 11081
"C:/Users/rscroggin/Documents/Unreal Projects/IGS2026/RogueFirefight/DerivedDataCache/VT/TEXTURE_7C16439390E24F1F9468894FB4D4BC55_VTCHUNKD2DAB16BFF152507817E734DBB935160EA97A322" 11082
"C:/Users/rscroggin/Documents/Unreal Projects/IGS2026/RogueFirefight/DerivedDataCache/VT/TEXTURE_7C16439390E24F1F9468894FB4D4BC55_VTCHUNK38740DBD4108040D6985AA56705D97D46F27920C" 11083
"C:/Users/rscroggin/Documents/Unreal Projects/IGS2026/RogueFirefight/DerivedDataCache/VT/TEXTURE_7C16439390E24F1F9468894FB4D4BC55_VTCHUNK02D4C3BCAD7DFA48AB32B8281FB06B8B83DB6275" 11084
"C:/Users/rscroggin/Documents/Unreal Projects/IGS2026/RogueFirefight/DerivedDataCache/VT/TEXTURE_7C16439390E24F1F9468894FB4D4BC55_VTCHUNK84C05FFC339C0CEFE446DED1628C0AFB5362331E" 11085
"/InterchangeAssets/Functions/MX_OrenNayarBSDF" 11086
"/InterchangeAssets/Substrate/MX_SimpleVolume" 11087
"/InterchangeAssets/Functions/MX_UsdPreviewSurface" 11088
"/InterchangeAssets/Functions/MX_SurfaceUnlit" 11089
"/Interchange/Pipelines/DefaultGLTFSceneAssetsPipeline" 11090
"/Interchange/Pipelines/DefaultSceneLevelPipeline" 11091
"/Interchange/Pipelines/DefaultSceneAssetsPipeline" 11092
"/Engine/EngineMaterials/EnergyConservation/SheenLegacy_Energy" 11093
"/Engine/EngineMaterials/FastBlueNoise_vec2_128x128x64" 11094
"/Engine/EngineMaterials/FastBlueNoise_scalar_128x128x8" 11095
"/Interchange/Pipelines/DefaultAudioPipeline" 11096
"/Interchange/Pipelines/DefaultTexturePipeline" 11097
"/Interchange/Pipelines/DefaultMaterialPipeline" 11098
"/Interchange/Pipelines/DefaultGLTFPipeline" 11099
"/Interchange/Pipelines/DefaultGLTFAssetsPipeline" 11100
"/Interchange/Pipelines/DefaultMaterialXPipeline" 11101
"/Interchange/Pipelines/DefaultAssetsPipeline" 11102
"/Engine/EngineSounds/Master" 11103
"/Engine/EngineMaterials/SMAASearchTex" 11104
"/Engine/EngineMaterials/SMAAAreaTex" 11105
"/Engine/EngineMaterials/FastBlueNoise_scalar_128x128x64" 11106
"/Engine/EngineDebugMaterials/DebugEditorMaterial" 11107
"/Engine/EngineResources/Development/ZenLogo_64" 11108
"/Engine/EngineResources/FilmGrains/Marcie_Grain_v3_128_M2_000" 11109
"/Engine/EngineMaterials/DefaultBloomKernel" 11110
"/Engine/EditorResources/BSPVertex" 11111
"../../../Engine/Plugins/Interchange/Assets/Content/Functions/MX_ConicalEDF.uasset" 11112
"../../../Engine/Plugins/Animation/ControlRig/Content/Controls/ControlRigGizmoMaterial.uasset" 11113
"../../../Engine/Plugins/Interchange/Assets/Content/Functions/MX_AnisotropicVDF.uasset" 11114
"../../../Engine/Plugins/Interchange/Assets/Content/Functions/MX_UniformEDF.uasset" 11115
"../../../Engine/Plugins/Interchange/Assets/Content/Functions/MX_AbsorptionVDF.uasset" 11116
"../../../Engine/Plugins/Interchange/Assets/Content/Functions/MX_TranslucentBSDF.uasset" 11117
"../../../Engine/Plugins/Interchange/Assets/Content/Functions/MX_ChiangHairBSDF.uasset" 11118
"../../../Engine/Plugins/Interchange/Assets/Content/Functions/MX_SubsurfaceBSDF.uasset" 11119
"../../../Engine/Plugins/Interchange/Assets/Content/Functions/MX_GeneralizedSchlickBSDF.uasset" 11120
"../../../Engine/Plugins/Interchange/Assets/Content/Functions/MX_ConductorBSDF.uasset" 11121
"../../../Engine/Plugins/Interchange/Assets/Content/Functions/MX_SheenBSDF.uasset" 11122
"../../../Engine/Plugins/Interchange/Assets/Content/Functions/MX_MeasuredEDF.uasset" 11123
"../../../Engine/Plugins/Interchange/Assets/Content/Functions/MX_BurleyDiffuseBSDF.uasset" 11124
"../../../Engine/Plugins/Interchange/Assets/Content/Functions/MX_DielectricBSDF.uasset" 11125
"/ControlRig/Controls/ControlRigGizmoMaterial" 11126
"/InterchangeAssets/Functions/MX_AnisotropicVDF" 11127
"/InterchangeAssets/Functions/MX_AbsorptionVDF" 11128
"/InterchangeAssets/Functions/MX_MeasuredEDF" 11129
"/InterchangeAssets/Functions/MX_ConicalEDF" 11130
"/InterchangeAssets/Functions/MX_UniformEDF" 11131
"/InterchangeAssets/Functions/MX_ChiangHairBSDF" 11132
"/InterchangeAssets/Functions/MX_SheenBSDF" 11133
"/InterchangeAssets/Functions/MX_SubsurfaceBSDF" 11134
"/InterchangeAssets/Functions/MX_GeneralizedSchlickBSDF" 11135
"/InterchangeAssets/Functions/MX_ConductorBSDF" 11136
"/InterchangeAssets/Functions/MX_DielectricBSDF" 11137
"/InterchangeAssets/Functions/MX_TranslucentBSDF" 11138
"/InterchangeAssets/Functions/MX_BurleyDiffuseBSDF" 11139
"C:/Users/rscroggin/Documents/Unreal Projects/IGS2026/RogueFirefight/Saved/Cooked/Windows/RogueFirefight/Metadata/CookedSettings.txt" 11140
